date,week,ticker,occ,engine_took,decision,reason,outcome,realized_return,net_return,weight
2026-07-13 13:32,2026-W29,HYG,HYG260814P00076500,1,skip,,down,-0.9767,-1.3614,0.5
2026-07-13 13:32,2026-W29,QQQ,QQQ260713C00730000,0,TAKE,p=0.55 [gex.zero_gamma_strike+ gex.net_gex- iv_term.iv_back+],down,-0.9925,-1.0038,0.1429
2026-07-13 13:32,2026-W29,SPY,SPY260717P00750000,0,TAKE,p=0.53 [gex.zero_gamma_strike+ iv_term.iv_back+ macro.distance_to_sma20_pct-],up,0.3756,0.3685,0.0625
2026-07-13 13:32,2026-W29,SPY,SPY260724P00717000,0,TAKE,p=0.53 [gex.zero_gamma_strike+ iv_term.iv_back+ macro.distance_to_sma20_pct-],up,0.38,0.37,0.0738
2026-07-13 13:32,2026-W29,QQQ,QQQ260717P00705000,0,TAKE,p=0.55 [gex.zero_gamma_strike+ gex.net_gex- iv_term.iv_back+],up,0.9087,0.8995,0.1429
2026-07-13 13:32,2026-W29,QQQ,QQQ260714C00732000,0,TAKE,p=0.55 [gex.zero_gamma_strike+ gex.net_gex- iv_term.iv_back+],down,-0.9113,-0.9212,0.1429
2026-07-13 13:32,2026-W29,HOOD,HOOD260717C00113000,0,skip,,down,-0.597,-0.6119,0.1502
2026-07-13 13:32,2026-W29,WULF,WULF260717P00022000,0,skip,,up,0.3415,0.3171,1.0
2026-07-13 13:32,2026-W29,HYG,HYG261016P00078000,0,skip,,down,-0.8333,-1.0111,0.3893
2026-07-13 13:32,2026-W29,TLT,TLT280121C00091000,0,skip,,vertical,-0.1063,-0.1304,0.047
2026-07-13 13:32,2026-W29,SPCE,SPCE280121C00010000,0,skip,,down,-0.5128,-0.7564,0.9442
2026-07-13 13:41,2026-W29,SPCE,SPCE260814C00002500,1,skip,,down,-0.6667,-1.2831,0.5
2026-07-13 13:52,2026-W29,KLAR,KLAR260814P00018500,1,skip,,down,-0.6382,-1.1824,0.5
2026-07-13 13:52,2026-W29,NFLX,NFLX260918C00100000,0,TAKE,p=0.42 [iv_term.iv_ratio- gex.distance_to_zero_gamma_pct- macro.spot-],down,-0.8919,-0.9324,0.0743
2026-07-13 13:52,2026-W29,TSLA,TSLA260713P00392500,0,TAKE,p=0.59 [alt_catalyst.reddit_mention_delta_pct+ iv_term.iv_ratio+ gex.distance_to_zero_gamma_pct-],down,-0.712,-0.7435,0.4122
2026-07-13 13:52,2026-W29,USO,USO260715C00112000,0,skip,,up,0.3023,0.2791,0.5992
2026-07-13 13:52,2026-W29,XBI,XBI260731P00150000,0,skip,,down,-0.527,-0.6698,0.1467
2026-07-13 13:52,2026-W29,PLTR,PLTR260717C00134000,0,TAKE,p=0.61 [macro.distance_to_sma20_pct- macro.sma20+ iv_term.iv_ratio-],up,0.3542,0.3333,0.468
2026-07-13 13:52,2026-W29,EEM,EEM260724P00064500,0,skip,,down,-0.6301,-0.6908,0.3186
2026-07-13 13:52,2026-W29,KLAR,KLAR260821P00017500,0,skip,,down,-1.0,-1.0417,0.9972
2026-07-13 13:52,2026-W29,IREN,IREN260807C00045000,0,skip,,down,-0.6025,-0.6713,0.0645
2026-07-13 13:52,2026-W29,MSTR,MSTR260717P00080000,0,TAKE,p=0.45 [alt_catalyst.reddit_mention_delta_pct+ macro.sma20+ gex.distance_to_zero_gamma_pct-],down,-0.6034,-0.6638,0.1552
2026-07-13 13:52,2026-W29,VYX,VYX270115C00012500,0,skip,,down,-0.6091,-0.6545,1.0
2026-07-13 13:52,2026-W29,EXK,EXK270115C00007500,0,skip,,down,-0.5721,-0.5837,1.0
2026-07-13 13:52,2026-W29,TLT,TLT260717P00085000,0,skip,,up,0.3023,0.2907,0.1863
2026-07-13 13:52,2026-W29,QQQ,QQQ261231C00740000,0,TAKE,p=0.55 [gex.zero_gamma_strike+ gex.net_gex- iv_term.iv_back+],vertical,-0.2564,-0.2691,0.0215
2026-07-13 14:02,2026-W29,OXY,OXY260814C00056000,1,skip,,down,-0.6245,-0.7738,0.9209
2026-07-13 14:02,2026-W29,ORCL,ORCL261218C00250000,0,skip,,vertical,-0.3468,-0.3658,0.0369
2026-07-13 14:02,2026-W29,SPCX,SPCX260717P00138000,0,skip,,up,0.3088,0.2941,0.1271
2026-07-13 14:02,2026-W29,QQQ,QQQ260713C00714000,0,TAKE,p=0.55 [gex.zero_gamma_strike+ gex.net_gex- iv_term.iv_back+],up,0.3256,0.3198,0.1462
2026-07-13 14:02,2026-W29,NOW,NOW260821P00075000,0,skip,,down,-0.5135,-0.6284,0.4473
2026-07-13 14:02,2026-W29,OXY,OXY260731C00055000,0,skip,,up,0.4194,0.371,0.5
2026-07-13 14:02,2026-W29,META,META260717P00620000,0,skip,,down,-0.5219,-0.5614,0.0644
2026-07-13 14:02,2026-W29,CHTR,CHTR260918P00095000,0,skip,,down,-0.7818,-0.85,0.6956
2026-07-13 14:02,2026-W29,IONQ,IONQ260821C00070000,0,skip,,down,-0.5932,-0.661,0.8316
2026-07-13 14:02,2026-W29,XLP,XLP260717C00085000,0,skip,,down,-0.5465,-0.5756,1.0
2026-07-13 14:02,2026-W29,HPQ,HPQ260717P00025000,0,skip,,down,-0.9691,-0.9948,1.0
2026-07-13 14:02,2026-W29,ADEA,ADEA260717C00030000,0,skip,,down,-0.5375,-0.6625,1.0
2026-07-13 14:02,2026-W29,HIMS,HIMS260717C00035000,0,skip,,down,-1.0,-1.0678,0.2351
2026-07-13 14:02,2026-W29,XBI,XBI260918C00175000,0,skip,,down,-0.7265,-0.8235,0.1332
2026-07-13 14:02,2026-W29,OKLO,OKLO260821C00080000,0,skip,,down,-0.6333,-0.7083,0.4646
2026-07-13 14:12,2026-W29,BNO,BNO260814C00045000,1,skip,,up,0.4799,0.0748,0.5008
2026-07-13 14:12,2026-W29,DRAM,DRAM260918C00090000,0,skip,,down,-0.5982,-0.6187,0.0556
2026-07-13 14:12,2026-W29,PLTR,PLTR260731C00135000,0,TAKE,p=0.61 [macro.distance_to_sma20_pct- macro.sma20+ iv_term.iv_ratio-],up,0.4229,0.3943,0.1251
2026-07-13 14:12,2026-W29,BNO,BNO260821C00055000,0,skip,,up,0.475,0.3812,0.5
2026-07-13 14:12,2026-W29,QQQ,QQQ260713C00715000,0,TAKE,p=0.55 [gex.zero_gamma_strike+ gex.net_gex- iv_term.iv_back+],up,0.4462,0.4385,0.1349
2026-07-13 14:12,2026-W29,SPY,SPY260721P00749000,0,TAKE,p=0.53 [gex.zero_gamma_strike+ iv_term.iv_back+ macro.distance_to_sma20_pct-],up,0.4062,0.4031,0.0537
2026-07-13 14:12,2026-W29,URA,URA260918C00050000,0,skip,,down,-0.5923,-0.6308,0.6794
2026-07-13 14:12,2026-W29,DELL,DELL260717C00470000,0,skip,,up,0.6462,0.5582,0.1919
2026-07-13 14:12,2026-W29,CVS,CVS260821P00095000,0,skip,,vertical,-0.3724,-0.4345,0.2928
2026-07-13 14:12,2026-W29,DRAM,DRAM260717C00060000,0,skip,,up,0.5459,0.5324,0.0827
2026-07-13 14:12,2026-W29,GLD,GLD260717P00365000,0,skip,,up,0.3704,0.3278,0.1977
2026-07-13 14:12,2026-W29,GLD,GLD260731P00355000,0,skip,,up,0.301,0.2692,0.1711
2026-07-13 14:12,2026-W29,BABA,BABA260717P00112000,0,skip,,down,-0.895,-0.9175,0.0593
2026-07-13 14:12,2026-W29,BABA,BABA260717P00113000,0,skip,,down,-0.8675,-0.8875,0.0593
2026-07-13 14:12,2026-W29,GLD,GLD260717P00366000,0,skip,,up,0.3246,0.2721,0.1977
2026-07-13 14:22,2026-W29,UPST,UPST260814P00031000,1,skip,,up,0.3067,0.0748,0.2165
2026-07-13 14:22,2026-W29,INTU,INTU260918P00200000,0,skip,,down,-0.8424,-0.9409,0.1441
2026-07-13 14:22,2026-W29,IWM,IWM260713P00295000,0,TAKE,p=0.54 [gex.zero_gamma_strike+ gex.net_gex- iv_term.iv_back+],down,-0.5592,-0.5724,0.5
2026-07-13 14:22,2026-W29,SPCX,SPCX260724C00150000,0,skip,,down,-0.5844,-0.6,0.0483
2026-07-13 14:22,2026-W29,IWM,IWM260714C00295000,0,TAKE,p=0.54 [gex.zero_gamma_strike+ gex.net_gex- iv_term.iv_back+],down,-0.5917,-0.6,0.3223
2026-07-13 14:22,2026-W29,SPCX,SPCX260717C00141000,0,skip,,up,0.3,0.2868,0.0638
2026-07-13 14:22,2026-W29,UPST,UPST260918P00030000,0,skip,,vertical,0.1855,0.1638,0.2256
2026-07-13 14:22,2026-W29,TRIP,TRIP260821C00015000,0,skip,,vertical,-0.0667,-0.1143,0.8706
2026-07-13 14:22,2026-W29,CART,CART260717P00049000,0,skip,,down,-0.9407,-0.9778,0.2238
2026-07-13 14:22,2026-W29,CVNA,CVNA260821C00098000,0,skip,,down,-0.527,-0.6554,0.7849
2026-07-13 14:22,2026-W29,ALAB,ALAB260724C00500000,0,skip,,down,-0.5319,-0.6383,1.0
2026-07-13 14:22,2026-W29,DIA,DIA260717C00527000,0,TAKE,p=0.48 [gex.zero_gamma_strike+ iv_term.iv_back+ macro.spot-],down,-0.5911,-0.6115,0.2074
2026-07-13 14:22,2026-W29,UNG,UNG270115C00009000,0,skip,,vertical,0.0128,-0.0043,0.6443
2026-07-13 14:22,2026-W29,XBI,XBI260724C00167000,0,skip,,down,-0.5556,-0.7064,0.2
2026-07-13 14:22,2026-W29,EWY,EWY260717C00185000,0,skip,,down,-0.56,-0.6475,0.0802
2026-07-13 14:22,2026-W29,HAL,HAL260918P00030000,0,skip,,down,-0.7679,-0.8036,1.0
2026-07-13 14:22,2026-W29,DOW,DOW260918P00025000,0,skip,,down,-0.5556,-0.6032,0.2438
2026-07-13 14:22,2026-W29,EGO,EGO270115C00034000,0,skip,,down,-0.6135,-0.7486,0.8479
2026-07-13 14:22,2026-W29,HYG,HYG260918P00080000,0,skip,,down,-0.5041,-0.6116,0.372
2026-07-13 14:22,2026-W29,CPNG,CPNG270115C00025000,0,skip,,down,-1.0,-1.0114,0.6116
2026-07-13 14:32,2026-W29,RGTI,RGTI260814C00016500,1,skip,,down,-0.6631,-0.9192,0.1577
2026-07-13 14:32,2026-W29,NVO,NVO260821C00050000,0,skip,,up,0.3166,0.2992,0.4569
2026-07-13 14:32,2026-W29,MP,MP260918C00060000,0,skip,,down,-0.5061,-0.5515,1.0
2026-07-13 14:32,2026-W29,DRAM,DRAM260724C00060000,0,skip,,up,0.3472,0.3403,0.0779
2026-07-13 14:32,2026-W29,ORCL,ORCL260731C00147000,0,skip,,down,-0.5028,-0.5236,0.0606
2026-07-13 14:32,2026-W29,QQQ,QQQ260713C00718000,0,TAKE,p=0.55 [gex.zero_gamma_strike+ gex.net_gex- iv_term.iv_back+],down,-0.5673,-0.5789,0.0736
2026-07-13 14:32,2026-W29,HOOD,HOOD260717C00115000,0,skip,,down,-0.5157,-0.5433,0.2147
2026-07-13 14:32,2026-W29,RGTI,RGTI260821C00017000,0,skip,,down,-0.575,-0.5812,0.1577
2026-07-13 14:32,2026-W29,EWJ,EWJ260918P00085000,0,skip,,down,-0.5032,-0.6323,1.0
2026-07-13 14:32,2026-W29,LUNR,LUNR260918C00020000,0,skip,,down,-0.5263,-0.5468,0.2987
2026-07-13 14:32,2026-W29,BROS,BROS260717C00065000,0,skip,,down,-0.7417,-0.7972,1.0
2026-07-13 14:32,2026-W29,ASTS,ASTS260717C00083000,0,skip,,down,-0.5111,-0.6222,0.3551
2026-07-13 14:32,2026-W29,BIDU,BIDU260731C00123000,0,skip,,down,-0.6875,-0.7188,0.4227
2026-07-13 14:42,2026-W29,XLE,XLE260814P00054000,1,skip,,down,-0.6611,-0.7886,0.3333
2026-07-13 14:42,2026-W29,CORZ,CORZ260821C00026000,0,skip,,down,-0.5,-0.5222,0.3999
2026-07-13 14:42,2026-W29,SPY,SPY260717P00733000,0,TAKE,p=0.53 [gex.zero_gamma_strike+ iv_term.iv_back+ macro.distance_to_sma20_pct-],up,0.4808,0.4615,0.047
2026-07-13 14:42,2026-W29,C,C260717P00136000,0,skip,,down,-0.871,-0.9059,0.2766
2026-07-13 14:42,2026-W29,AAPL,AAPL260814C00340000,0,TAKE,p=0.51 [iv_term.iv_back+ gex.distance_to_zero_gamma_pct- gex.zero_gamma_strike-],up,0.5531,0.5219,0.0868
2026-07-13 14:42,2026-W29,EQNR,EQNR260821C00040000,0,skip,,down,-1.0,-1.1,0.5477
2026-07-13 14:42,2026-W29,CRWD,CRWD260731C00205000,0,skip,,down,-0.7333,-0.8097,0.2075
2026-07-13 14:42,2026-W29,MRK,MRK260731C00125000,0,skip,,up,0.4918,0.4406,0.3272
2026-07-13 14:42,2026-W29,COP,COP260724C00114000,0,skip,,down,-0.5222,-0.5806,0.3819
2026-07-13 14:42,2026-W29,XLE,XLE260918P00057500,0,skip,,vertical,-0.2376,-0.2411,0.0885
2026-07-13 14:42,2026-W29,MSTR,MSTR260717P00092000,0,TAKE,p=0.45 [alt_catalyst.reddit_mention_delta_pct+ macro.sma20+ gex.distance_to_zero_gamma_pct-],down,-0.8963,-0.9395,0.1351
2026-07-13 14:42,2026-W29,MU,MU260717P00880000,0,skip,,down,-0.7185,-0.7326,0.0255
2026-07-13 14:52,2026-W29,JBLU,JBLU260814P00005500,1,skip,,down,-0.95,-1.0643,0.5
2026-07-13 14:52,2026-W29,MSFT,MSFT260713C00385000,0,TAKE,p=0.47 [gex.zero_gamma_strike- macro.sma20- macro.distance_to_sma20_pct-],up,0.4581,0.4419,0.1667
2026-07-13 14:52,2026-W29,QQQ,QQQ260714P00716000,0,TAKE,p=0.55 [gex.zero_gamma_strike+ gex.net_gex- iv_term.iv_back+],up,0.4888,0.4818,0.0575
2026-07-13 14:52,2026-W29,UAL,UAL261016P00097500,0,skip,,vertical,0.0972,0.0417,0.2888
2026-07-13 14:52,2026-W29,INTC,INTC260821C00155000,0,TAKE,p=0.58 [alt_catalyst.reddit_mention_delta_pct+ macro.distance_to_sma20_pct- iv_term.iv_ratio+],down,-0.5024,-0.5237,0.3882
2026-07-13 14:52,2026-W29,XLE,XLE260821P00052000,0,skip,,down,-0.5238,-0.5714,0.0892
2026-07-13 14:52,2026-W29,QQQ,QQQ260713C00716000,0,TAKE,p=0.55 [gex.zero_gamma_strike+ gex.net_gex- iv_term.iv_back+],down,-0.549,-0.5549,0.0588
2026-07-13 14:52,2026-W29,SPY,SPY260714P00753000,0,TAKE,p=0.53 [gex.zero_gamma_strike+ iv_term.iv_back+ macro.distance_to_sma20_pct-],up,0.4377,0.4324,0.0452
2026-07-13 14:52,2026-W29,JBLU,JBLU260918P00006000,0,skip,,down,-0.557,-0.5886,0.8398
2026-07-13 14:52,2026-W29,MSFT,MSFT260713C00390000,0,TAKE,p=0.47 [gex.zero_gamma_strike- macro.sma20- macro.distance_to_sma20_pct-],up,0.3333,0.3009,0.1798
2026-07-13 14:52,2026-W29,SPY,SPY260713P00752000,0,TAKE,p=0.53 [gex.zero_gamma_strike+ iv_term.iv_back+ macro.distance_to_sma20_pct-],up,1.165,1.1602,0.0452
2026-07-13 14:52,2026-W29,CSX,CSX260918C00047500,0,skip,,vertical,0.1405,0.127,1.0
2026-07-13 14:52,2026-W29,TLT,TLT261016P00086000,0,skip,,vertical,-0.083,-0.0865,0.0411
2026-07-13 14:52,2026-W29,PLTR,PLTR260717C00130000,0,TAKE,p=0.61 [macro.distance_to_sma20_pct- macro.sma20+ iv_term.iv_ratio-],up,0.3586,0.3506,0.1928
2026-07-13 14:52,2026-W29,GLD,GLD260722C00375000,0,skip,,up,0.5258,0.5097,0.0741
2026-07-13 14:52,2026-W29,NTR,NTR260717C00069000,0,skip,,down,-0.5286,-0.7429,1.0
2026-07-13 14:52,2026-W29,VEEV,VEEV260918P00160000,0,skip,,down,-0.5702,-0.6447,1.0
2026-07-13 14:52,2026-W29,DOW,DOW260918P00030000,0,skip,,vertical,-0.0535,-0.0638,0.2473
2026-07-13 15:01,2026-W29,FISV,FISV260814P00050000,1,skip,,down,-0.8776,-1.018,0.4667
2026-07-13 15:01,2026-W29,FISV,FISV260814P00048000,0,skip,,down,-0.773,-0.8541,0.7481
2026-07-13 15:01,2026-W29,QQQ,QQQ260717C00730000,0,TAKE,p=0.55 [gex.zero_gamma_strike+ gex.net_gex- iv_term.iv_back+],down,-0.5926,-0.5988,0.0265
2026-07-13 15:01,2026-W29,ETHA,ETHA261016P00013000,0,skip,,vertical,-0.2377,-0.2541,0.3446
2026-07-13 15:01,2026-W29,NOK,NOK281215C00020000,0,skip,,vertical,-0.2944,-0.3083,0.1516
2026-07-13 15:01,2026-W29,BIOA,BIOA260821P00020000,0,skip,,down,-0.505,-0.755,1.0
2026-07-13 15:01,2026-W29,NFLX,NFLX260918C00085000,0,TAKE,p=0.42 [iv_term.iv_ratio- gex.distance_to_zero_gamma_pct- macro.spot-],down,-0.9515,-0.9851,0.0637
2026-07-13 15:01,2026-W29,CVS,CVS260918P00097500,0,skip,,down,-0.5298,-0.5526,0.5
2026-07-13 15:01,2026-W29,QQQ,QQQ260713C00721000,0,TAKE,p=0.55 [gex.zero_gamma_strike+ gex.net_gex- iv_term.iv_back+],down,-0.5439,-0.5702,0.0568
2026-07-13 15:01,2026-W29,TQQQ,TQQQ260717C00074000,0,TAKE,p=0.56 [gex.distance_to_zero_gamma_pct- macro.spot- macro.sma20-],down,-0.5075,-0.5263,0.1777
2026-07-13 15:01,2026-W29,BUG,BUG270319P00030000,0,skip,,down,-0.7029,-0.9314,0.9085
2026-07-13 15:01,2026-W29,AMZN,AMZN260717C00257500,0,TAKE,p=0.54 [alt_catalyst.reddit_mention_delta_pct+ macro.distance_to_sma20_pct- iv_term.iv_ratio-],down,-0.5439,-0.5614,0.1349
2026-07-13 15:01,2026-W29,IREN,IREN260918C00060000,0,skip,,down,-0.5175,-0.5254,0.0448
2026-07-13 15:01,2026-W29,JD,JD260717C00028000,0,skip,,up,0.3615,0.2962,0.7094
2026-07-13 15:01,2026-W29,ASTS,ASTS260717P00070000,0,skip,,up,0.371,0.3468,0.3007
2026-07-13 15:01,2026-W29,DRAM,DRAM260821C00075000,0,skip,,down,-0.5098,-0.5333,0.0538
2026-07-13 15:01,2026-W29,BITX,BITX260724C00012000,0,skip,,down,-0.5208,-0.5833,1.0
2026-07-13 15:01,2026-W29,SM,SM260821C00032500,0,skip,,down,-0.9417,-1.0042,0.9754
2026-07-13 15:01,2026-W29,SM,SM260717C00030000,0,skip,,up,0.4,0.3091,0.5
2026-07-13 15:01,2026-W29,TEAM,TEAM280121P00105000,0,skip,,vertical,-0.0302,-0.0601,0.4087
2026-07-13 15:12,2026-W29,ARKG,ARKG260814P00039500,1,skip,,down,-0.5083,-0.6816,0.5024
2026-07-13 15:12,2026-W29,TLT,TLT260731C00084000,0,skip,,up,0.314,0.3081,0.0412
2026-07-13 15:12,2026-W29,QQQ,QQQ260721P00682000,0,TAKE,p=0.55 [gex.zero_gamma_strike+ gex.net_gex- iv_term.iv_back+],up,0.3483,0.3349,0.0555
2026-07-13 15:12,2026-W29,AAPL,AAPL260724C00325000,0,TAKE,p=0.51 [iv_term.iv_back+ gex.distance_to_zero_gamma_pct- gex.zero_gamma_strike-],down,-0.5148,-0.5492,0.0851
2026-07-13 15:12,2026-W29,SPY,SPY260717P00739000,0,TAKE,p=0.53 [gex.zero_gamma_strike+ iv_term.iv_back+ macro.distance_to_sma20_pct-],up,0.4719,0.4607,0.0417
2026-07-13 15:12,2026-W29,GLD,GLD260724C00390000,0,skip,,up,0.3291,0.2658,0.0727
2026-07-13 15:12,2026-W29,MSFT,MSFT260713C00387500,0,TAKE,p=0.47 [gex.zero_gamma_strike- macro.sma20- macro.distance_to_sma20_pct-],up,0.425,0.4042,0.1307
2026-07-13 15:12,2026-W29,AAPL,AAPL260717C00320000,0,TAKE,p=0.51 [iv_term.iv_back+ gex.distance_to_zero_gamma_pct- gex.zero_gamma_strike-],down,-0.6492,-0.6656,0.0851
2026-07-13 15:12,2026-W29,MSTR,MSTR260724P00075000,0,TAKE,p=0.45 [alt_catalyst.reddit_mention_delta_pct+ macro.sma20+ gex.distance_to_zero_gamma_pct-],down,-0.878,-0.9329,0.1314
2026-07-13 15:12,2026-W29,ENPH,ENPH260821P00035000,0,skip,,vertical,0.0275,0.0027,0.238
2026-07-13 15:12,2026-W29,IREN,IREN260717P00040000,0,skip,,up,0.4021,0.3866,0.1387
2026-07-13 15:12,2026-W29,PLTR,PLTR260717C00129000,0,TAKE,p=0.61 [macro.distance_to_sma20_pct- macro.sma20+ iv_term.iv_ratio-],down,-0.675,-0.6906,0.1178
2026-07-13 15:12,2026-W29,IREN,IREN260717P00039000,0,skip,,up,0.3464,0.335,0.1493
2026-07-13 15:12,2026-W29,ARKG,ARKG260717P00041000,0,skip,,down,-0.5048,-0.5524,0.5
2026-07-13 15:12,2026-W29,ILMN,ILMN260717P00185000,0,skip,,down,-0.688,-0.778,1.0
2026-07-13 15:12,2026-W29,NOK,NOK260807P00012500,0,skip,,up,0.3433,0.3358,0.1479
2026-07-13 15:12,2026-W29,PG,PG260724C00155000,0,skip,,down,-0.5484,-0.7742,1.0
2026-07-13 15:12,2026-W29,FISV,FISV260731P00049500,0,skip,,down,-0.5297,-0.6514,0.3333
2026-07-13 15:12,2026-W29,DRAM,DRAM270115C00122000,0,skip,,down,-0.6585,-0.7256,0.0536
2026-07-13 15:21,2026-W29,AAL,AAL260814P00016000,1,skip,,down,-0.75,-0.7885,0.3359
2026-07-13 15:21,2026-W29,MU,MU260717P00780000,0,skip,,down,-1.0,-1.0195,0.0233
2026-07-13 15:21,2026-W29,AAL,AAL260821P00015000,0,skip,,up,0.3148,0.3056,0.3285
2026-07-13 15:21,2026-W29,SPY,SPY260721P00747000,0,TAKE,p=0.53 [gex.zero_gamma_strike+ iv_term.iv_back+ macro.distance_to_sma20_pct-],up,0.3515,0.3464,0.0414
2026-07-13 15:21,2026-W29,IBIT,IBIT261120C00039000,0,skip,,vertical,0.0292,0.0271,0.0722
2026-07-13 15:21,2026-W29,SPY,SPY260713P00754000,0,TAKE,p=0.53 [gex.zero_gamma_strike+ iv_term.iv_back+ macro.distance_to_sma20_pct-],up,0.7455,0.7364,0.0402
2026-07-13 15:21,2026-W29,SEI,SEI260717C00070000,0,skip,,down,-0.5333,-0.6167,1.0
2026-07-13 15:21,2026-W29,QBTS,QBTS260821P00020000,0,skip,,up,0.3051,0.2983,0.3572
2026-07-13 15:21,2026-W29,COHR,COHR260731P00225000,0,skip,,down,-1.0,-1.1694,0.3498
2026-07-13 15:21,2026-W29,IREN,IREN260821P00030000,0,skip,,up,0.3204,0.3083,0.0678
2026-07-13 15:21,2026-W29,AAOI,AAOI260717C00140000,0,skip,,down,-0.525,-0.65,1.0
2026-07-13 15:21,2026-W29,UPS,UPS260717P00114000,0,skip,,down,-0.5854,-0.622,0.5375
2026-07-13 15:21,2026-W29,XYZ,XYZ260731C00079000,0,skip,,up,0.463,0.4397,0.5
2026-07-13 15:21,2026-W29,SOFI,SOFI261016C00018000,0,skip,,vertical,-0.2519,-0.2556,0.1392
2026-07-13 15:21,2026-W29,BABA,BABA260717C00118000,0,skip,,up,2.1705,2.1534,0.0548
2026-07-13 15:21,2026-W29,TENX,TENX260821C00030000,0,skip,,down,-0.6024,-0.6262,1.0
2026-07-13 15:21,2026-W29,CNC,CNC260724C00070000,0,skip,,down,-0.7979,-0.8549,0.1977
2026-07-13 15:21,2026-W29,IREN,IREN260724P00032000,0,skip,,up,0.338,0.3099,0.1235
2026-07-13 15:21,2026-W29,FIG,FIG270115P00012500,0,skip,,down,-0.7,-0.825,0.2735
2026-07-13 15:31,2026-W29,QUBT,QUBT260814P00008000,1,skip,,down,-0.5474,-0.6615,0.5
2026-07-13 15:31,2026-W29,TLT,TLT260814C00085000,0,skip,,vertical,-0.0169,-0.0254,0.0399
2026-07-13 15:31,2026-W29,NVDA,NVDA260814C00230000,0,TAKE,p=0.46 [macro.distance_to_sma20_pct- gex.net_gex+ macro.spot-],up,0.3297,0.3098,0.0355
2026-07-13 15:31,2026-W29,SPY,SPY260713C00753000,0,TAKE,p=0.53 [gex.zero_gamma_strike+ iv_term.iv_back+ macro.distance_to_sma20_pct-],down,-0.5692,-0.5769,0.0423
2026-07-13 15:31,2026-W29,QUBT,QUBT261016P00008000,0,skip,,vertical,-0.0255,-0.0478,0.8907
2026-07-13 15:31,2026-W29,NFLX,NFLX261218C00090000,0,TAKE,p=0.42 [iv_term.iv_ratio- gex.distance_to_zero_gamma_pct- macro.spot-],down,-0.9923,-1.0051,0.0623
2026-07-13 15:31,2026-W29,MRVL,MRVL260717P00185000,0,TAKE,p=0.57 [alt_catalyst.reddit_mention_delta_pct+ gex.net_gex- gex.zero_gamma_strike+],up,0.5342,0.4863,0.3314
2026-07-13 15:31,2026-W29,BMNR,BMNR260717C00015000,0,skip,,up,0.3333,0.3021,0.5686
2026-07-13 15:31,2026-W29,CCJ,CCJ260731C00097000,0,skip,,down,-0.5135,-0.6392,0.6189
2026-07-13 15:31,2026-W29,ZS,ZS260821P00110000,0,skip,,down,-0.5076,-0.5606,0.2999
2026-07-13 15:31,2026-W29,CC,CC260724C00018000,0,skip,,up,0.4353,0.4059,1.0
2026-07-13 15:31,2026-W29,XEL,XEL260717P00080000,0,skip,,down,-0.5286,-0.6357,1.0
2026-07-13 15:31,2026-W29,CMG,CMG260731P00037500,0,skip,,up,0.4082,0.3837,0.3937
2026-07-13 15:31,2026-W29,LUNR,LUNR260724C00016000,0,skip,,down,-0.5345,-0.5733,0.2779
2026-07-13 15:31,2026-W29,GDXJ,GDXJ260717P00094000,0,skip,,down,-0.8855,-0.9389,1.0
2026-07-13 15:31,2026-W29,HIMS,HIMS260717C00033000,0,skip,,up,0.4207,0.3967,0.193
2026-07-13 15:31,2026-W29,NVMI,NVMI260717P00400000,0,skip,,down,-0.5163,-0.7255,1.0
2026-07-13 15:42,2026-W29,BBY,BBY260814P00079000,1,skip,,down,-0.5942,-0.7648,0.5
2026-07-13 15:42,2026-W29,QQQ,QQQ260720P00690000,0,TAKE,p=0.55 [gex.zero_gamma_strike+ gex.net_gex- iv_term.iv_back+],up,0.3657,0.3543,0.0547
2026-07-13 15:42,2026-W29,IREN,IREN260731P00034500,0,skip,,up,0.3394,0.3372,0.0665
2026-07-13 15:42,2026-W29,MRVL,MRVL260724P00175000,0,TAKE,p=0.57 [alt_catalyst.reddit_mention_delta_pct+ gex.net_gex- gex.zero_gamma_strike+],up,0.3092,0.2566,0.2674
2026-07-13 15:42,2026-W29,SPY,SPY260721P00743000,0,TAKE,p=0.53 [gex.zero_gamma_strike+ iv_term.iv_back+ macro.distance_to_sma20_pct-],up,0.3512,0.3488,0.0384
2026-07-13 15:42,2026-W29,CIFR,CIFR260821P00017000,0,skip,,up,0.3429,0.3143,0.635
2026-07-13 15:42,2026-W29,BBY,BBY260821P00082500,0,skip,,down,-0.8605,-0.8868,0.4657
2026-07-13 15:42,2026-W29,UNH,UNH260717P00390000,0,skip,,up,0.3654,0.3462,0.0926
2026-07-13 15:42,2026-W29,IWM,IWM260717P00295000,0,TAKE,p=0.54 [gex.zero_gamma_strike+ gex.net_gex- iv_term.iv_back+],up,0.3485,0.339,0.3946
2026-07-13 15:42,2026-W29,IREN,IREN260821P00031000,0,skip,,up,0.3252,0.3008,0.0468
2026-07-13 15:42,2026-W29,NOW,NOW260724P00095000,0,skip,,up,0.8552,0.8069,0.2108
2026-07-13 15:42,2026-W29,GLD,GLD260722C00383000,0,skip,,up,0.3719,0.3141,0.0696
2026-07-13 15:42,2026-W29,TTWO,TTWO260724P00230000,0,skip,,up,0.3116,0.1953,0.3371
2026-07-13 15:42,2026-W29,TCOM,TCOM260821P00040000,0,skip,,down,-0.976,-0.996,1.0
2026-07-13 15:42,2026-W29,ZURA,ZURA261218C00007500,0,skip,,down,-0.8837,-1.2408,1.0
2026-07-13 15:42,2026-W29,MARA,MARA260717C00012500,0,skip,,down,-0.5641,-0.5769,0.7072
2026-07-13 15:42,2026-W29,AAL,AAL260821C00017000,0,skip,,down,-0.5152,-0.5404,0.2565
2026-07-13 15:42,2026-W29,IGV,IGV260724C00097000,0,skip,,down,-0.9714,-0.9952,1.0
2026-07-13 15:42,2026-W29,SHAZ,SHAZ260821C00100000,0,skip,,down,-0.5281,-0.6677,1.0
2026-07-13 15:42,2026-W29,LQDA,LQDA260821C00090000,0,skip,,up,0.3879,0.2288,0.3333
2026-07-13 15:42,2026-W29,VG,VG260821C00012500,0,skip,,vertical,0.1939,0.1788,0.7458
2026-07-13 15:52,2026-W29,FCEL,FCEL260814C00020000,1,skip,,down,-0.5094,-0.6028,0.2547
2026-07-13 15:52,2026-W29,CRWD,CRWD260724P00177500,0,skip,,down,-0.9135,-1.0014,0.1919
2026-07-13 15:52,2026-W29,CCJ,CCJ260724C00095000,0,skip,,down,-0.5236,-0.5778,0.5
2026-07-13 15:52,2026-W29,UNH,UNH260717C00460000,0,skip,,up,0.3242,0.2864,0.1296
2026-07-13 15:52,2026-W29,CNC,CNC260724P00064000,0,skip,,down,-0.7674,-0.8779,0.2112
2026-07-13 15:52,2026-W29,FUTU,FUTU260918C00122450,0,skip,,down,-0.5104,-0.5701,0.6373
2026-07-13 15:52,2026-W29,LULU,LULU260724P00116000,0,skip,,down,-0.6516,-0.7489,0.4949
2026-07-13 15:52,2026-W29,UAL,UAL260724C00125000,0,skip,,down,-0.5576,-0.6737,0.3462
2026-07-13 15:52,2026-W29,FCEL,FCEL260918C00040000,0,skip,,down,-0.504,-0.584,0.2547
2026-07-13 15:52,2026-W29,SHOO,SHOO260821C00045000,0,skip,,down,-0.8222,-1.2296,1.0
2026-07-13 15:52,2026-W29,RGTI,RGTI261218P00015000,0,skip,,vertical,0.0687,0.0612,0.2576
2026-07-13 15:52,2026-W29,CVX,CVX260724C00187500,0,skip,,up,0.3968,0.381,0.5
2026-07-13 15:52,2026-W29,GEHC,GEHC260821P00062500,0,skip,,up,0.57,0.52,1.0
2026-07-13 15:52,2026-W29,DLR,DLR260724P00170000,0,skip,,down,-0.7304,-0.8717,1.0
2026-07-13 15:52,2026-W29,BULL,BULL260821C00007500,0,skip,,vertical,-0.2581,-0.2823,0.3324
2026-07-13 15:52,2026-W29,SIRI,SIRI260821P00031000,0,skip,,vertical,0.0696,0.0443,1.0
2026-07-13 15:52,2026-W29,AMPX,AMPX270115P00012000,0,skip,,vertical,0.0472,0.0056,0.7151
2026-07-13 15:52,2026-W29,BRZE,BRZE260717C00025000,0,skip,,down,-0.9702,-1.066,1.0
2026-07-13 15:52,2026-W29,WULF,WULF260717C00021000,0,skip,,down,-0.5652,-0.5761,0.2471
2026-07-13 15:52,2026-W29,TOI,TOI261120C00006000,0,skip,,down,-0.736,-0.816,1.0
2026-07-13 15:52,2026-W29,EGO,EGO260821C00033000,0,skip,,down,-1.0,-1.04,0.5
2026-07-13 16:02,2026-W29,UPST,UPST260814P00031000,1,skip,,vertical,0.1792,-0.0601,0.221
2026-07-13 16:02,2026-W29,KRE,KRE261016P00070000,0,skip,,vertical,-0.2292,-0.2552,0.1737
2026-07-13 16:02,2026-W29,SQQQ,SQQQ260724C00045000,0,skip,,up,0.3103,0.2414,0.4863
2026-07-13 16:02,2026-W29,QQQ,QQQ260714P00695000,0,TAKE,p=0.55 [gex.zero_gamma_strike+ gex.net_gex- iv_term.iv_back+],up,0.4048,0.3929,0.0541
2026-07-13 16:02,2026-W29,UPST,UPST260717P00034500,0,skip,,up,0.3218,0.3027,0.2132
2026-07-13 16:02,2026-W29,SPY,SPY260714P00750000,0,TAKE,p=0.53 [gex.zero_gamma_strike+ iv_term.iv_back+ macro.distance_to_sma20_pct-],up,0.3021,0.2995,0.0359
2026-07-13 16:02,2026-W29,SPY,SPY260713P00751000,0,TAKE,p=0.53 [gex.zero_gamma_strike+ iv_term.iv_back+ macro.distance_to_sma20_pct-],up,0.6484,0.6374,0.0359
2026-07-13 16:02,2026-W29,BZH,BZH260821P00031000,0,skip,,down,-1.0,-1.1296,1.0
2026-07-13 16:02,2026-W29,EQT,EQT260821C00050000,0,skip,,down,-0.7696,-0.8284,0.8563
2026-07-13 16:02,2026-W29,HIVE,HIVE270115C00003000,0,skip,,down,-0.6769,-0.7923,0.8861
2026-07-13 16:02,2026-W29,NOK,NOK260807P00010000,0,skip,,down,-0.5333,-0.5667,0.1456
2026-07-13 16:02,2026-W29,GE,GE260918P00270000,0,skip,,down,-0.5051,-0.6313,0.2167
2026-07-13 16:02,2026-W29,RGTI,RGTI260724C00015500,0,skip,,down,-0.8381,-0.8571,0.1508
2026-07-13 16:02,2026-W29,THC,THC260717P00200000,0,skip,,up,0.481,0.4095,1.0
2026-07-13 16:02,2026-W29,HIMX,HIMX260821P00011000,0,skip,,down,-0.7385,-0.8154,0.5596
2026-07-13 16:02,2026-W29,ALM,ALM260918P00015000,0,skip,,down,-0.7467,-0.8578,1.0
2026-07-13 16:02,2026-W29,ABVX,ABVX260717C00140000,0,skip,,down,-0.5333,-0.5571,1.0
2026-07-13 16:12,2026-W29,CART,CART260814C00051000,1,skip,,down,-0.7384,-0.8604,0.1679
2026-07-13 16:12,2026-W29,ALK,ALK260717C00045000,0,skip,,down,-0.515,-0.6275,0.4979
2026-07-13 16:12,2026-W29,ESI,ESI260821C00043000,0,skip,,down,-0.7444,-1.1194,1.0
2026-07-13 16:12,2026-W29,TTWO,TTWO260918C00310000,0,skip,,down,-0.5583,-0.6521,0.3175
2026-07-13 16:12,2026-W29,MS,MS260717P00215000,0,skip,,down,-0.697,-0.7273,0.1731
2026-07-13 16:12,2026-W29,CART,CART260821C00050000,0,skip,,down,-0.5226,-0.5387,0.3931
2026-07-13 16:12,2026-W29,XLE,XLE260821C00060000,0,skip,,up,0.3704,0.3395,0.0858
2026-07-13 16:12,2026-W29,NFLX,NFLX260717P00074000,0,TAKE,p=0.42 [iv_term.iv_ratio- gex.distance_to_zero_gamma_pct- macro.spot-],up,0.316,0.3104,0.0777
2026-07-13 16:12,2026-W29,IREN,IREN260724P00029000,0,skip,,down,-0.9455,-0.9909,0.0689
2026-07-13 16:12,2026-W29,AFRM,AFRM260731C00092000,0,skip,,down,-0.5581,-0.6085,0.4332
2026-07-13 16:12,2026-W29,XLK,XLK260724P00171000,0,skip,,down,-0.6308,-0.7269,0.3675
2026-07-13 16:12,2026-W29,TLT,TLT260918C00084000,0,skip,,vertical,0.0192,0.0128,0.0392
2026-07-13 16:12,2026-W29,DFTX,DFTX260821C00055000,0,skip,,vertical,-0.0464,-0.0643,0.365
2026-07-13 16:12,2026-W29,HL,HL260717C00015500,0,skip,,down,-0.5556,-0.6111,0.5274
2026-07-13 16:12,2026-W29,SNDK,SNDK260814P01350000,0,skip,,up,0.302,0.2463,0.0297
2026-07-13 16:22,2026-W29,AFL,AFL260814C00128000,1,skip,,down,-0.592,-0.7521,0.5
2026-07-13 16:22,2026-W29,TSM,TSM260717C00475000,0,TAKE,p=0.50 [gex.zero_gamma_strike- gex.net_gex- alt_catalyst.reddit_mention_delta_pct+],down,-0.5772,-0.5906,0.1192
2026-07-13 16:22,2026-W29,TSM,TSM260717C00460000,0,TAKE,p=0.50 [gex.zero_gamma_strike- gex.net_gex- alt_catalyst.reddit_mention_delta_pct+],down,-0.503,-0.5409,0.1192
2026-07-13 16:22,2026-W29,SPY,SPY260717P00748000,0,TAKE,p=0.53 [gex.zero_gamma_strike+ iv_term.iv_back+ macro.distance_to_sma20_pct-],up,0.3471,0.3436,0.04
2026-07-13 16:22,2026-W29,AAPL,AAPL260713C00317500,0,TAKE,p=0.51 [iv_term.iv_back+ gex.distance_to_zero_gamma_pct- gex.zero_gamma_strike-],down,-0.5072,-0.5362,0.0833
2026-07-13 16:22,2026-W29,QQQ,QQQ260720P00685000,0,TAKE,p=0.55 [gex.zero_gamma_strike+ gex.net_gex- iv_term.iv_back+],up,0.4072,0.3982,0.0525
2026-07-13 16:22,2026-W29,AVGO,AVGO260715C00405000,0,TAKE,p=0.46 [gex.zero_gamma_strike- macro.sma20- macro.distance_to_sma20_pct-],down,-0.5333,-0.5833,0.5
2026-07-13 16:22,2026-W29,IREN,IREN260724P00028500,0,skip,,down,-0.5577,-0.625,0.0775
2026-07-13 16:22,2026-W29,AFL,AFL260717C00120000,0,skip,,down,-0.6838,-0.7378,0.9987
2026-07-13 16:22,2026-W29,HIMS,HIMS260731C00042000,0,skip,,down,-1.0,-1.0096,0.1704
2026-07-13 16:22,2026-W29,GFS,GFS260717P00060000,0,skip,,down,-1.0,-1.1538,0.25
2026-07-13 16:22,2026-W29,HIMS,HIMS260731C00041000,0,skip,,down,-1.0,-1.0221,0.1704
2026-07-13 16:22,2026-W29,JETS,JETS260918C00031000,0,skip,,vertical,-0.3302,-0.3488,1.0
2026-07-13 16:22,2026-W29,GFS,GFS260821P00065000,0,skip,,up,0.3362,0.3217,0.2581
2026-07-13 16:32,2026-W29,PATH,PATH260814P00011500,1,skip,,down,-0.7263,-0.9316,0.3376
2026-07-13 16:32,2026-W29,GDX,GDX260918C00080000,0,skip,,vertical,-0.3152,-0.3455,0.0849
2026-07-13 16:32,2026-W29,DIA,DIA260731C00531000,0,TAKE,p=0.48 [gex.zero_gamma_strike+ iv_term.iv_back+ macro.spot-],down,-0.5312,-0.5547,0.1217
2026-07-13 16:32,2026-W29,NOW,NOW260724P00101000,0,skip,,up,0.8587,0.8346,0.2076
2026-07-13 16:32,2026-W29,CRDO,CRDO260724P00190000,0,skip,,down,-0.7278,-0.8458,0.1831
2026-07-13 16:32,2026-W29,IWM,IWM260731P00267000,0,TAKE,p=0.54 [gex.zero_gamma_strike+ gex.net_gex- iv_term.iv_back+],down,-0.5417,-0.5625,0.1837
2026-07-13 16:32,2026-W29,SPY,SPY260713P00750000,0,TAKE,p=0.53 [gex.zero_gamma_strike+ iv_term.iv_back+ macro.distance_to_sma20_pct-],up,0.6765,0.6667,0.0371
2026-07-13 16:32,2026-W29,PATH,PATH260821P00012000,0,skip,,vertical,-0.1346,-0.149,0.2535
2026-07-13 16:32,2026-W29,CORZ,CORZ260918P00021000,0,skip,,vertical,0.1609,0.159,0.4261
2026-07-13 16:32,2026-W29,XLY,XLY260717P00114500,0,skip,,down,-0.84,-0.99,1.0
2026-07-13 16:32,2026-W29,SIL,SIL260717C00074000,0,skip,,up,0.35,0.2705,1.0
2026-07-13 16:32,2026-W29,GDX,GDX260717P00073000,0,skip,,down,-0.7643,-0.7821,0.1093
2026-07-13 16:43,2026-W29,GTLB,GTLB260814C00035000,1,skip,,down,-0.9741,-1.0901,0.9211
2026-07-13 16:43,2026-W29,NVDA,NVDA260713C00202500,0,TAKE,p=0.46 [macro.distance_to_sma20_pct- gex.net_gex+ macro.spot-],down,-0.5292,-0.5511,0.0541
2026-07-13 16:43,2026-W29,AGEN,AGEN260821P00006000,0,skip,,vertical,-0.1133,-0.2967,1.0
2026-07-13 16:43,2026-W29,SPY,SPY260713C00749000,0,TAKE,p=0.53 [gex.zero_gamma_strike+ iv_term.iv_back+ macro.distance_to_sma20_pct-],down,-0.509,-0.518,0.0395
2026-07-13 16:43,2026-W29,MU,MU260717C01100000,0,skip,,up,0.3446,0.3062,0.0209
2026-07-13 16:43,2026-W29,BE,BE260724P00125000,0,skip,,down,-0.5056,-0.5562,0.1072
2026-07-13 16:43,2026-W29,SOXL,SOXL260717P00116000,0,skip,,down,-0.8947,-0.9211,0.0299
2026-07-13 16:43,2026-W29,CPER,CPER261016C00042000,0,skip,,down,-0.6833,-0.7875,1.0
2026-07-13 16:43,2026-W29,FANG,FANG260821C00230000,0,skip,,down,-0.7125,-0.8688,1.0
2026-07-13 16:43,2026-W29,TQQQ,TQQQ260717C00072000,0,TAKE,p=0.56 [gex.distance_to_zero_gamma_pct- macro.spot- macro.sma20-],up,0.3116,0.3082,0.1814
2026-07-13 16:43,2026-W29,SOLS,SOLS260821C00070000,0,skip,,up,0.3415,0.3049,1.0
2026-07-13 16:43,2026-W29,ARKK,ARKK260731P00077000,0,skip,,down,-0.5407,-0.5455,0.5225
2026-07-13 16:43,2026-W29,HSAI,HSAI260821C00017500,0,skip,,down,-0.6118,-0.6412,0.8818
2026-07-13 16:43,2026-W29,CART,CART260821C00055000,0,skip,,down,-0.72,-0.77,0.1671
2026-07-13 16:43,2026-W29,GTLB,GTLB260807C00033000,0,skip,,down,-0.5069,-0.5414,0.5
2026-07-13 16:43,2026-W29,SN,SN260717P00150000,0,skip,,down,-0.8618,-0.9574,1.0
2026-07-13 16:43,2026-W29,MU,MU260918P00920000,0,skip,,up,0.3824,0.3764,0.0161
2026-07-13 16:43,2026-W29,CRM,CRM260821P00170000,0,skip,,up,0.5162,0.5012,0.1429
2026-07-13 16:53,2026-W29,SMCI,SMCI260814C00029000,1,skip,,down,-0.5087,-0.56,0.2224
2026-07-13 16:53,2026-W29,INTC,INTC260713P00102000,0,TAKE,p=0.58 [alt_catalyst.reddit_mention_delta_pct+ macro.distance_to_sma20_pct- iv_term.iv_ratio+],down,-0.6154,-0.6538,0.5
2026-07-13 16:53,2026-W29,QQQ,QQQ260714P00705000,0,TAKE,p=0.55 [gex.zero_gamma_strike+ gex.net_gex- iv_term.iv_back+],down,-0.8969,-0.9046,0.031
2026-07-13 16:53,2026-W29,QQQ,QQQ260713P00712000,0,TAKE,p=0.55 [gex.zero_gamma_strike+ gex.net_gex- iv_term.iv_back+],down,-0.5263,-0.5428,0.0526
2026-07-13 16:53,2026-W29,HOOD,HOOD260724C00125000,0,skip,,up,0.3091,0.2773,0.1972
2026-07-13 16:53,2026-W29,PFE,PFE260821P00025000,0,skip,,down,-0.5156,-0.5312,0.608
2026-07-13 16:53,2026-W29,SPY,SPY260713C00750000,0,TAKE,p=0.53 [gex.zero_gamma_strike+ iv_term.iv_back+ macro.distance_to_sma20_pct-],down,-0.5862,-0.592,0.0391
2026-07-13 16:53,2026-W29,WULF,WULF270115C00040000,0,skip,,down,-0.5549,-0.6012,0.1251
2026-07-13 16:53,2026-W29,FOXA,FOXA260821C00060000,0,skip,,down,-0.5273,-0.5576,1.0
2026-07-13 16:53,2026-W29,SQQQ,SQQQ260807C00041000,0,skip,,up,0.4926,0.4907,0.2998
2026-07-13 16:53,2026-W29,SMH,SMH260717C00642500,0,skip,,up,0.3023,0.2364,0.033
2026-07-13 16:53,2026-W29,SQQQ,SQQQ260717C00040000,0,skip,,down,-0.5806,-0.6129,0.4768
2026-07-13 16:53,2026-W29,VSH,VSH260821P00035000,0,skip,,up,0.3133,0.2467,0.5316
2026-07-13 16:53,2026-W29,DRAM,DRAM270115P00035000,0,skip,,vertical,-0.0868,-0.1132,0.0525
2026-07-13 16:53,2026-W29,DBC,DBC261016P00031000,0,skip,,down,-0.5242,-0.5394,1.0
2026-07-13 16:53,2026-W29,SMCI,SMCI260731C00026500,0,skip,,down,-0.5213,-0.555,0.225
2026-07-13 16:53,2026-W29,TLT,TLT260821C00084000,0,skip,,vertical,0.0789,0.0702,0.0386
2026-07-13 16:53,2026-W29,TLT,TLT260828C00084000,0,skip,,vertical,0.0945,0.0906,0.0386
2026-07-13 16:53,2026-W29,FCEL,FCEL260717P00021000,0,skip,,down,-0.6435,-0.6543,0.2519
2026-07-13 16:53,2026-W29,MSTR,MSTR270917C00105000,0,TAKE,p=0.45 [alt_catalyst.reddit_mention_delta_pct+ macro.sma20+ gex.distance_to_zero_gamma_pct-],vertical,-0.0243,-0.0446,0.0678
2026-07-13 17:02,2026-W29,KO,KO260814P00081000,1,skip,,down,-0.586,-0.7231,0.5
2026-07-13 17:02,2026-W29,KO,KO260821P00085000,0,skip,,up,0.4296,0.4079,0.4189
2026-07-13 17:02,2026-W29,HCA,HCA260717P00375000,0,skip,,up,3.7875,3.7,0.2547
2026-07-13 17:02,2026-W29,VRT,VRT260717P00270000,0,skip,,down,-0.8086,-0.9506,0.9765
2026-07-13 17:02,2026-W29,QS,QS260724C00006500,0,skip,,up,0.4211,0.3816,1.0
2026-07-13 17:02,2026-W29,NOW,NOW260724C00150000,0,skip,,down,-0.551,-0.602,0.2
2026-07-13 17:02,2026-W29,PYPL,PYPL270115C00060000,0,skip,,up,0.3727,0.3432,0.1632
2026-07-13 17:02,2026-W29,EWW,EWW261218P00070000,0,skip,,down,-0.674,-0.874,1.0
2026-07-13 17:02,2026-W29,VSTM,VSTM270115C00010000,0,skip,,down,-1.0,-1.2162,1.0
2026-07-13 17:02,2026-W29,EWZ,EWZ260821C00037000,0,skip,,down,-0.5541,-0.5676,0.566
2026-07-13 17:02,2026-W29,IBIT,IBIT270115C00046000,0,skip,,vertical,0.0294,0.0147,0.066
2026-07-13 17:02,2026-W29,LUV,LUV260807C00049000,0,skip,,down,-0.869,-0.9266,1.0
2026-07-13 17:02,2026-W29,XLE,XLE260717C00055000,0,skip,,up,0.4231,0.4148,0.0843
2026-07-13 17:02,2026-W29,BABA,BABA260724P00100000,0,skip,,down,-0.5588,-0.6324,0.0816
2026-07-13 17:02,2026-W29,SNXX,SNXX260821C00022000,0,TAKE,p=0.44 [gex.zero_gamma_strike- macro.distance_to_sma20_pct- alt_catalyst.insider_10d_buy_usd-],down,-0.6069,-0.6486,0.7014
2026-07-13 17:11,2026-W29,RIOT,RIOT260814P00019000,1,skip,,down,-0.6089,-0.688,0.5
2026-07-13 17:11,2026-W29,RIOT,RIOT260821P00018000,0,skip,,up,0.4331,0.4108,0.7799
2026-07-13 17:11,2026-W29,IBRX,IBRX280121C00007500,0,skip,,down,-0.6703,-0.6973,1.0
2026-07-13 17:11,2026-W29,NVDA,NVDA260717P00205000,0,TAKE,p=0.46 [macro.distance_to_sma20_pct- gex.net_gex+ macro.spot-],down,-0.5437,-0.5577,0.0344
2026-07-13 17:11,2026-W29,SPY,SPY260715C00754000,0,TAKE,p=0.53 [gex.zero_gamma_strike+ iv_term.iv_back+ macro.distance_to_sma20_pct-],down,-0.6169,-0.6234,0.0191
2026-07-13 17:11,2026-W29,SPCX,SPCX260717P00135000,0,skip,,up,0.3269,0.3173,0.0713
2026-07-13 17:11,2026-W29,KMI,KMI260821P00033000,0,skip,,down,-0.9226,-0.9355,1.0
2026-07-13 17:11,2026-W29,GLD,GLD260717P00350000,0,skip,,down,-0.9659,-0.9943,0.0644
2026-07-13 17:11,2026-W29,GLD,GLD260717P00360000,0,skip,,down,-0.8701,-0.9114,0.0644
2026-07-13 17:11,2026-W29,IREN,IREN260717C00040000,0,skip,,down,-0.5,-0.5176,0.0648
2026-07-13 17:11,2026-W29,DKNG,DKNG260717C00026500,0,skip,,down,-0.6829,-0.7134,0.3747
2026-07-13 17:11,2026-W29,PYPL,PYPL260717P00048000,0,skip,,up,0.3922,0.3775,0.2507
2026-07-13 17:11,2026-W29,FIG,FIG260717P00024000,0,skip,,up,0.4681,0.4149,0.2686
2026-07-13 17:11,2026-W29,SLV,SLV270115C00125000,0,skip,,down,-0.7255,-0.7745,0.0969
2026-07-13 17:22,2026-W29,RGTI,RGTI260814P00015000,1,skip,,down,-0.5297,-0.5937,0.1394
2026-07-13 17:22,2026-W29,C,C260724P00138000,0,skip,,down,-0.6514,-0.6729,0.1824
2026-07-13 17:22,2026-W29,NOK,NOK260821C00012000,0,skip,,down,-0.5133,-0.5265,0.1417
2026-07-13 17:22,2026-W29,DIS,DIS260821P00095000,0,skip,,vertical,-0.1618,-0.1765,0.4548
2026-07-13 17:22,2026-W29,RGTI,RGTI260821P00015000,0,skip,,up,0.3697,0.3515,0.1596
2026-07-13 17:22,2026-W29,QBTS,QBTS260724P00018500,0,skip,,up,0.451,0.4363,0.3345
2026-07-13 17:22,2026-W29,FCEL,FCEL270115P00010000,0,skip,,vertical,-0.0471,-0.0765,0.3035
2026-07-13 17:22,2026-W29,OSCR,OSCR260724P00028500,0,skip,,down,-0.9,-0.9917,1.0
2026-07-13 17:22,2026-W29,HL,HL260821C00015000,0,skip,,down,-0.8079,-0.8212,0.7719
2026-07-13 17:22,2026-W29,CCL,CCL260918C00027000,0,skip,,down,-1.0,-1.0213,0.3471
2026-07-13 17:22,2026-W29,SOXL,SOXL260724P00100000,0,skip,,down,-0.5148,-0.5754,0.0291
2026-07-13 17:22,2026-W29,POET,POET281215C00025000,0,skip,,vertical,-0.24,-0.32,0.6218
2026-07-13 17:32,2026-W29,EEM,EEM260814P00062000,1,skip,,down,-0.5507,-0.6817,0.3333
2026-07-13 17:32,2026-W29,XOM,XOM260724C00145000,0,TAKE,p=0.45 [macro.distance_to_sma20_pct- alt_catalyst.reddit_mention_delta_pct+ iv_term.iv_back-],up,0.7891,0.7618,0.3266
2026-07-13 17:32,2026-W29,MRVL,MRVL260717P00200000,0,TAKE,p=0.57 [alt_catalyst.reddit_mention_delta_pct+ gex.net_gex- gex.zero_gamma_strike+],down,-0.6485,-0.6561,0.0861
2026-07-13 17:32,2026-W29,VRT,VRT260724P00250000,0,skip,,down,-0.5114,-0.6963,0.5
2026-07-13 17:32,2026-W29,V,V260724C00365000,0,TAKE,p=0.60 [iv_term.iv_back+ gex.zero_gamma_strike+ alt_catalyst.insider_10d_buy_usd-],down,-0.7135,-0.7811,0.5292
2026-07-13 17:32,2026-W29,EEM,EEM260717P00062000,0,skip,,down,-0.925,-0.975,0.3357
2026-07-13 17:32,2026-W29,BAC,BAC270115C00065000,0,skip,,up,0.3571,0.3508,0.6928
2026-07-13 17:32,2026-W29,EQT,EQT260724P00051000,0,skip,,down,-0.6344,-0.6564,0.5
2026-07-13 17:32,2026-W29,EMBJ,EMBJ260821C00070000,0,skip,,down,-0.6769,-0.7538,1.0
2026-07-13 17:32,2026-W29,CRWV,CRWV260717C00091000,0,TAKE,p=0.52 [macro.distance_to_sma20_pct- gex.distance_to_zero_gamma_pct- alt_catalyst.reddit_mention_delta_pct+],down,-0.5364,-0.5636,0.0946
2026-07-13 17:32,2026-W29,MA,MA260717C00545000,0,skip,,down,-0.9925,-1.08,1.0
2026-07-13 17:32,2026-W29,TOST,TOST260821P00030000,0,skip,,down,-0.7089,-0.7183,1.0
2026-07-13 17:32,2026-W29,CAPR,CAPR260821C00050000,0,skip,,down,-0.84,-0.89,0.344
2026-07-13 17:32,2026-W29,WULF,WULF260821C00020000,0,skip,,down,-0.5079,-0.5238,0.124
2026-07-13 17:32,2026-W29,GDX,GDX260724P00068000,0,skip,,down,-1.0,-1.0656,0.1047
2026-07-13 17:32,2026-W29,PYPL,PYPL260918C00057500,0,skip,,down,-0.6095,-0.6571,0.25
2026-07-13 17:32,2026-W29,BB,BB260821C00012000,0,skip,,up,0.3462,0.3333,0.5275
2026-07-13 17:41,2026-W29,SLV,SLV260814C00054000,1,skip,,down,-0.5249,-0.551,0.0914
2026-07-13 17:41,2026-W29,NFLX,NFLX260731C00075000,0,TAKE,p=0.42 [iv_term.iv_ratio- gex.distance_to_zero_gamma_pct- macro.spot-],down,-0.975,-0.9889,0.0591
2026-07-13 17:41,2026-W29,WFC,WFC260724P00082000,0,skip,,down,-0.8313,-0.8916,0.4978
2026-07-13 17:41,2026-W29,NVDA,NVDA260724C00210000,0,TAKE,p=0.46 [macro.distance_to_sma20_pct- gex.net_gex+ macro.spot-],up,0.3697,0.3621,0.0341
2026-07-13 17:41,2026-W29,COHR,COHR260724P00240000,0,skip,,down,-0.5353,-0.6824,0.25
2026-07-13 17:41,2026-W29,GLD,GLD260717C00375000,0,skip,,up,1.025,1.0,0.0635
2026-07-13 17:41,2026-W29,BA,BA260717C00220000,0,skip,,up,0.3046,0.269,0.5243
2026-07-13 17:41,2026-W29,CMPS,CMPS261120C00013000,0,skip,,down,-0.5222,-0.5778,1.0
2026-07-13 17:41,2026-W29,SLV,SLV261231C00090000,0,skip,,vertical,-0.1939,-0.2194,0.0703
2026-07-13 17:41,2026-W29,SLV,SLV261231C00100000,0,skip,,vertical,-0.1486,-0.1824,0.0703
2026-07-13 17:41,2026-W29,SLV,SLV260918P00040000,0,skip,,up,0.3137,0.2941,0.0716
2026-07-13 17:41,2026-W29,DRAM,DRAM260717C00057500,0,skip,,up,0.7831,0.749,0.0725
2026-07-13 17:41,2026-W29,PATH,PATH260918P00013000,0,skip,,vertical,-0.1086,-0.1244,0.2506
2026-07-13 17:41,2026-W29,XLE,XLE260807C00058500,0,skip,,vertical,0.0729,0.0625,0.0826
2026-07-13 17:41,2026-W29,EWY,EWY260731P00145000,0,skip,,down,-0.5044,-0.5933,0.0724
2026-07-13 17:52,2026-W29,XLF,XLF260814C00058500,1,skip,,down,-0.7949,-0.8294,0.5
2026-07-13 17:52,2026-W29,IREN,IREN260731P00031000,0,skip,,up,0.569,0.5661,0.042
2026-07-13 17:52,2026-W29,XLF,XLF261016C00056000,0,skip,,vertical,0.0277,0.0207,0.2219
2026-07-13 17:52,2026-W29,QBTS,QBTS260918P00018000,0,skip,,up,0.3398,0.3263,0.4893
2026-07-13 17:52,2026-W29,AMD,AMD260713C00535000,0,TAKE,p=0.53 [gex.net_gex- gex.distance_to_zero_gamma_pct- gex.zero_gamma_strike-],up,0.3515,0.3,0.0535
2026-07-13 17:52,2026-W29,PLD,PLD260918C00150000,0,skip,,down,-0.8074,-0.8444,1.0
2026-07-13 17:52,2026-W29,SOFI,SOFI260717C00018500,0,skip,,up,0.5263,0.5132,0.2163
2026-07-13 17:52,2026-W29,USO,USO260724C00140000,0,skip,,up,0.3545,0.1182,0.0665
2026-07-13 17:52,2026-W29,SOXS,SOXS260821C00005000,0,skip,,down,-0.5364,-0.5545,1.0
2026-07-13 18:02,2026-W29,IBIT,IBIT260814C00036500,1,skip,,down,-0.6941,-0.7088,0.1035
2026-07-13 18:02,2026-W29,SPY,SPY260714P00749000,0,TAKE,p=0.53 [gex.zero_gamma_strike+ iv_term.iv_back+ macro.distance_to_sma20_pct-],down,-0.502,-0.504,0.025
2026-07-13 18:02,2026-W29,USO,USO260814C00165000,0,skip,,down,-0.7905,-1.1115,0.0655
2026-07-13 18:02,2026-W29,ORCL,ORCL260821C00160000,0,skip,,down,-0.5104,-0.5254,0.0363
2026-07-13 18:02,2026-W29,ENPH,ENPH260724C00043500,0,skip,,up,0.39,0.3475,0.2506
2026-07-13 18:02,2026-W29,QQQ,QQQ260717P00695000,0,TAKE,p=0.55 [gex.zero_gamma_strike+ gex.net_gex- iv_term.iv_back+],down,-0.5442,-0.5495,0.0298
2026-07-13 18:02,2026-W29,IBIT,IBIT260821C00038000,0,skip,,up,0.3235,0.3088,0.1035
2026-07-13 18:02,2026-W29,SOXX,SOXX260717C00620000,0,skip,,down,-0.6769,-0.8115,0.1244
2026-07-13 18:02,2026-W29,EEM,EEM260731C00065500,0,skip,,down,-0.8239,-0.8551,0.2947
2026-07-13 18:02,2026-W29,WSM,WSM260821C00250000,0,skip,,down,-0.5188,-0.5656,1.0
2026-07-13 18:02,2026-W29,SEI,SEI260821P00055000,0,skip,,down,-0.5742,-0.671,1.0
2026-07-13 18:02,2026-W29,USO,USO260814C00170000,0,skip,,down,-0.9426,-1.291,0.0655
2026-07-13 18:02,2026-W29,USO,USO260814C00160000,0,skip,,down,-0.6791,-0.9385,0.0655
2026-07-13 18:02,2026-W29,APLD,APLD270115C00047000,0,TAKE,p=0.59 [macro.distance_to_sma20_pct- alt_catalyst.reddit_mention_delta_pct+ macro.spot-],vertical,-0.34,-0.39,0.2787
2026-07-13 18:02,2026-W29,MRCY,MRCY260717P00097500,0,skip,,down,-0.8195,-1.3073,0.5
2026-07-13 18:02,2026-W29,USO,USO260814C00155000,0,skip,,down,-0.6526,-0.7579,0.0657
2026-07-13 18:02,2026-W29,MRCY,MRCY260717P00100000,0,skip,,down,-0.5531,-0.7094,0.5062
2026-07-13 18:02,2026-W29,QXO,QXO270115C00020000,0,skip,,up,0.3083,0.2458,0.7125
2026-07-13 18:11,2026-W29,APA,APA260814C00036000,1,skip,,down,-0.7807,-0.9206,0.3333
2026-07-13 18:11,2026-W29,APA,APA260918C00040000,0,skip,,down,-0.5366,-0.7073,0.3441
2026-07-13 18:11,2026-W29,SPY,SPY260713P00749000,0,TAKE,p=0.53 [gex.zero_gamma_strike+ iv_term.iv_back+ macro.distance_to_sma20_pct-],down,-0.5417,-0.5625,0.0348
2026-07-13 18:11,2026-W29,DVN,DVN261218C00050000,0,skip,,vertical,-0.1273,-0.1545,0.1933
2026-07-13 18:11,2026-W29,APA,APA261218C00042500,0,skip,,vertical,-0.0226,-0.1158,0.5335
2026-07-13 18:11,2026-W29,IBIT,IBIT260821C00036000,0,skip,,up,0.3381,0.3345,0.1035
2026-07-13 18:11,2026-W29,DKNG,DKNG260918P00027500,0,skip,,up,0.3238,0.3079,0.3748
2026-07-13 18:11,2026-W29,ENPH,ENPH260918C00060000,0,skip,,down,-0.5447,-0.5895,0.22
2026-07-13 18:11,2026-W29,NVO,NVO260821C00055000,0,skip,,up,0.3333,0.3284,0.4111
2026-07-13 18:11,2026-W29,ATOM,ATOM261016C00010000,0,skip,,down,-0.6526,-0.7842,1.0
2026-07-13 18:11,2026-W29,CVNA,CVNA260717C00065000,0,skip,,up,0.7765,0.75,0.3363
2026-07-13 18:11,2026-W29,IBIT,IBIT260821C00035000,0,skip,,up,0.3122,0.3042,0.1027
2026-07-13 18:11,2026-W29,PINS,PINS260821P00023000,0,skip,,down,-0.6524,-0.6619,1.0
2026-07-13 18:11,2026-W29,DVN,DVN261016C00047500,0,skip,,down,-0.867,-0.8941,0.1503
2026-07-13 18:11,2026-W29,DVN,DVN270115C00050000,0,skip,,down,-0.928,-0.988,0.1503
2026-07-13 18:11,2026-W29,DVN,DVN261218C00052500,0,skip,,vertical,-0.2363,-0.3626,0.1933
2026-07-13 18:22,2026-W29,NASA,NASA260814P00024000,1,skip,,down,-0.597,-0.7643,0.5
2026-07-13 18:22,2026-W29,NVDA,NVDA260821P00180000,0,TAKE,p=0.46 [macro.distance_to_sma20_pct- gex.net_gex+ macro.spot-],up,0.3182,0.3106,0.0176
2026-07-13 18:22,2026-W29,SOFI,SOFI260717C00016000,0,skip,,down,-0.6936,-0.7255,0.115
2026-07-13 18:22,2026-W29,TSM,TSM260717P00375000,0,TAKE,p=0.50 [gex.zero_gamma_strike- gex.net_gex- alt_catalyst.reddit_mention_delta_pct+],down,-0.5,-0.5802,0.1127
2026-07-13 18:22,2026-W29,QQQ,QQQ260713C00710000,0,TAKE,p=0.55 [gex.zero_gamma_strike+ gex.net_gex- iv_term.iv_back+],down,-0.6015,-0.6111,0.0419
2026-07-13 18:22,2026-W29,NVDA,NVDA260715C00205000,0,TAKE,p=0.46 [macro.distance_to_sma20_pct- gex.net_gex+ macro.spot-],up,0.6372,0.6302,0.0336
2026-07-13 18:22,2026-W29,CLF,CLF260821P00011000,0,skip,,down,-0.7989,-0.8128,1.0
2026-07-13 18:22,2026-W29,HIMX,HIMX261218C00023000,0,skip,,down,-0.9314,-1.0029,0.5
2026-07-13 18:22,2026-W29,NASA,NASA260821P00025000,0,skip,,up,0.31,0.285,0.8768
2026-07-13 18:22,2026-W29,NEXA,NEXA260821C00017500,0,skip,,down,-1.0,-1.0769,1.0
2026-07-13 18:22,2026-W29,USO,USO260717P00110000,0,skip,,down,-0.6857,-0.7536,0.0644
2026-07-13 18:22,2026-W29,U,U260821C00035000,0,skip,,vertical,-0.3543,-0.3714,0.6127
2026-07-13 18:32,2026-W29,LUNR,LUNR260814P00014500,1,skip,,vertical,0.1232,0.0334,0.4798
2026-07-13 18:32,2026-W29,XLE,XLE260717P00057000,0,skip,,up,0.45,0.4438,0.1052
2026-07-13 18:32,2026-W29,CVNA,CVNA260918C00078000,0,skip,,up,0.3263,0.2868,0.3377
2026-07-13 18:32,2026-W29,AAPL,AAPL260717C00327500,0,TAKE,p=0.51 [iv_term.iv_back+ gex.distance_to_zero_gamma_pct- gex.zero_gamma_strike-],down,-0.5857,-0.5929,0.0832
2026-07-13 18:32,2026-W29,SIMO,SIMO260717C00350000,0,skip,,down,-0.5103,-0.7172,1.0
2026-07-13 18:32,2026-W29,XLF,XLF260821C00058000,0,skip,,up,0.4898,0.4796,0.3412
2026-07-13 18:32,2026-W29,BMNR,BMNR280121C00050000,0,skip,,vertical,0.0188,-0.047,0.2066
2026-07-13 18:32,2026-W29,ON,ON261016P00060000,0,TAKE,p=0.40 [macro.distance_to_sma20_pct- gex.net_gex- alt_catalyst.reddit_mention_delta_pct+],vertical,0.0133,-0.05,0.1202
2026-07-13 18:32,2026-W29,LUNR,LUNR260807P00016000,0,skip,,up,0.3013,0.2555,0.2855
2026-07-13 18:32,2026-W29,FWONK,FWONK260717C00100000,0,skip,,down,-0.6657,-0.9657,1.0
2026-07-13 18:32,2026-W29,BRUN,BRUN260821C00045000,0,skip,,down,-0.887,-0.9957,0.7889
2026-07-13 18:42,2026-W29,FIG,FIG260814C00024500,1,skip,,down,-0.5729,-0.7331,0.25
2026-07-13 18:42,2026-W29,HTZ,HTZ280616P00002000,0,skip,,vertical,-0.0333,-0.0833,1.0
2026-07-13 18:42,2026-W29,IBM,IBM260724C00330000,0,skip,,down,-0.9793,-1.0466,0.167
2026-07-13 18:42,2026-W29,AXP,AXP260724P00335000,0,skip,,down,-0.646,-0.7131,0.5
2026-07-13 18:42,2026-W29,FIG,FIG260918C00025000,0,skip,,down,-0.5164,-0.5388,0.209
2026-07-13 18:42,2026-W29,V,V260918P00305000,0,TAKE,p=0.60 [iv_term.iv_back+ gex.zero_gamma_strike+ alt_catalyst.insider_10d_buy_usd-],down,-0.5189,-0.6324,0.6918
2026-07-13 18:42,2026-W29,KKR,KKR261016P00085000,0,skip,,down,-0.55,-0.5941,1.0
2026-07-13 18:42,2026-W29,JPM,JPM260724P00320000,0,TAKE,p=0.68 [gex.zero_gamma_strike+ iv_term.iv_back+ iv_term.iv_ratio+],down,-0.7768,-0.8125,0.2551
2026-07-13 18:42,2026-W29,NFLX,NFLX260717C00078000,0,TAKE,p=0.42 [iv_term.iv_ratio- gex.distance_to_zero_gamma_pct- macro.spot-],down,-0.9529,-0.9588,0.0584
2026-07-13 18:42,2026-W29,DOW,DOW261016C00030000,0,skip,,vertical,-0.0772,-0.086,0.2436
2026-07-13 18:42,2026-W29,BA,BA260724C00222500,0,skip,,up,0.3165,0.2842,0.5183
2026-07-13 18:42,2026-W29,BB,BB261218P00009000,0,skip,,vertical,0.223,0.2128,0.8781
2026-07-13 18:42,2026-W29,NFLX,NFLX260717P00070000,0,TAKE,p=0.42 [iv_term.iv_ratio- gex.distance_to_zero_gamma_pct- macro.spot-],up,0.4071,0.4027,0.1
2026-07-13 18:42,2026-W29,SILJ,SILJ261120C00040000,0,skip,,down,-0.5082,-0.582,1.0
2026-07-13 18:42,2026-W29,EPAM,EPAM260821C00105000,0,skip,,down,-0.6357,-0.6714,1.0
2026-07-13 18:42,2026-W29,FIGR,FIGR260821P00027500,0,skip,,vertical,-0.0824,-0.1706,1.0
2026-07-13 18:42,2026-W29,LZ,LZ260918C00008000,0,skip,,down,-1.0,-1.1176,1.0
2026-07-13 18:42,2026-W29,TLT,TLT260722C00083500,0,skip,,up,0.4674,0.462,0.0381
2026-07-13 18:42,2026-W29,IREN,IREN260717P00035000,0,skip,,down,-0.6196,-0.6467,0.0667
2026-07-13 18:42,2026-W29,GDX,GDX260717C00075000,0,skip,,up,1.6118,1.5882,0.1016
2026-07-13 18:51,2026-W29,SHEL,SHEL260821C00087500,1,skip,,down,-0.5146,-0.6013,0.5
2026-07-13 18:51,2026-W29,ZETA,ZETA260918C00020000,0,skip,,vertical,-0.0325,-0.0638,0.5349
2026-07-13 18:51,2026-W29,BSOL,BSOL261120C00010000,0,skip,,down,-0.6556,-0.7111,1.0
2026-07-13 18:51,2026-W29,TLT,TLT260715C00083500,0,skip,,up,0.3971,0.3824,0.0667
2026-07-13 18:51,2026-W29,QQQ,QQQ260713P00714000,0,TAKE,p=0.55 [gex.zero_gamma_strike+ gex.net_gex- iv_term.iv_back+],up,0.306,0.2896,0.0413
2026-07-13 18:51,2026-W29,SHEL,SHEL260821C00090000,0,skip,,down,-0.9263,-1.0316,0.8504
2026-07-13 18:51,2026-W29,HIMS,HIMS260724C00036000,0,skip,,down,-0.8714,-0.9214,0.1667
2026-07-13 18:51,2026-W29,GLXY,GLXY260821C00027500,0,skip,,up,0.3168,0.2888,0.9725
2026-07-13 18:51,2026-W29,PZZA,PZZA260821C00035000,0,skip,,down,-0.815,-0.9025,0.9908
2026-07-13 18:51,2026-W29,RIVN,RIVN260724P00017000,0,TAKE,p=0.50 [macro.sma20- gex.net_gex+ gex.distance_to_zero_gamma_pct-],down,-0.5205,-0.5411,1.0
2026-07-13 19:02,2026-W29,URA,URA260814C00042000,1,skip,,down,-0.6289,-0.6999,0.5
2026-07-13 19:02,2026-W29,C,C260717P00137000,0,skip,,down,-0.8134,-0.8445,0.1682
2026-07-13 19:02,2026-W29,QQQ,QQQ260717P00685000,0,TAKE,p=0.55 [gex.zero_gamma_strike+ gex.net_gex- iv_term.iv_back+],down,-0.5951,-0.6043,0.0289
2026-07-13 19:02,2026-W29,IBIT,IBIT260821P00036000,0,skip,,vertical,-0.3733,-0.3802,0.0623
2026-07-13 19:02,2026-W29,BE,BE260717P00187500,0,skip,,down,-0.7448,-0.795,0.0905
2026-07-13 19:02,2026-W29,RKT,RKT260918P00015000,0,skip,,down,-0.5,-0.5069,0.4786
2026-07-13 19:02,2026-W29,KTOS,KTOS260724P00049000,0,skip,,down,-0.73,-0.7675,1.0
2026-07-13 19:02,2026-W29,DIS,DIS260731C00096000,0,skip,,up,0.3991,0.3596,0.4087
2026-07-13 19:02,2026-W29,LYB,LYB260821C00062500,0,skip,,down,-0.652,-0.712,1.0
2026-07-13 19:02,2026-W29,CCL,CCL260918P00023000,0,skip,,down,-0.5224,-0.5597,0.3333
2026-07-13 19:02,2026-W29,LOW,LOW260724P00200000,0,skip,,down,-0.9409,-0.9636,0.519
2026-07-13 19:02,2026-W29,TEM,TEM260918C00100000,0,skip,,down,-0.5663,-0.6626,0.5348
2026-07-13 19:02,2026-W29,ONON,ONON260821P00037500,0,skip,,down,-0.5765,-0.5941,0.5
2026-07-13 19:02,2026-W29,W,W260717P00085000,0,skip,,down,-0.7341,-0.7778,0.5088
2026-07-13 19:02,2026-W29,HUT,HUT260717P00094000,0,skip,,down,-0.5791,-0.6164,0.5
2026-07-13 19:02,2026-W29,CF,CF260724C00122000,0,skip,,down,-0.8057,-0.8343,0.3333
2026-07-13 19:02,2026-W29,ARKK,ARKK260821C00085000,0,skip,,down,-0.6966,-0.7191,0.6275
2026-07-13 19:02,2026-W29,S,S260918C00022000,0,skip,,down,-0.7053,-0.7579,1.0
2026-07-13 19:13,2026-W29,BITX,BITX260814C00012000,1,skip,,down,-0.6226,-0.8006,0.3544
2026-07-13 19:13,2026-W29,META,META260717C00700000,0,skip,,down,-0.5189,-0.5392,0.05
2026-07-13 19:13,2026-W29,BWA,BWA260821P00060000,0,skip,,down,-0.6291,-0.6927,0.5
2026-07-13 19:13,2026-W29,SMH,SMH260715C00612500,0,skip,,down,-0.5115,-0.6129,0.0328
2026-07-13 19:13,2026-W29,QQQ,QQQ260821C00785000,0,TAKE,p=0.55 [gex.zero_gamma_strike+ gex.net_gex- iv_term.iv_back+],up,0.3032,0.2936,0.0288
2026-07-13 19:13,2026-W29,TSSI,TSSI270115C00015000,0,skip,,down,-0.512,-0.542,1.0
2026-07-13 19:13,2026-W29,ADBE,ADBE260717C00240000,0,TAKE,p=0.41 [macro.distance_to_sma20_pct- macro.spot- macro.sma20-],down,-0.9812,-1.0156,0.5
2026-07-13 19:13,2026-W29,ORLY,ORLY260821P00085000,0,skip,,up,0.3509,0.3226,1.0
2026-07-13 19:13,2026-W29,BITX,BITX260828C00011000,0,skip,,vertical,-0.2086,-0.3209,0.3642
2026-07-13 19:13,2026-W29,KRE,KRE260717P00074000,0,skip,,down,-0.5625,-0.6042,0.3333
2026-07-13 19:13,2026-W29,DKNG,DKNG260918C00030000,0,skip,,down,-0.74,-0.77,0.3738
2026-07-13 19:13,2026-W29,MNDY,MNDY260717C00085000,0,skip,,down,-0.8895,-0.9553,0.5
2026-07-13 19:13,2026-W29,RKT,RKT260821C00015000,0,skip,,up,0.4,0.3938,0.253
2026-07-13 19:13,2026-W29,ASTS,ASTS260717P00067500,0,skip,,down,-0.5939,-0.6242,0.2
2026-07-13 19:13,2026-W29,ASST,ASST270115C00025000,0,skip,,down,-0.59,-0.65,1.0
2026-07-13 19:21,2026-W29,RIG,RIG260814C00005500,1,skip,,down,-0.5484,-0.6529,0.5
2026-07-13 19:21,2026-W29,RIG,RIG270917C00005500,0,skip,,vertical,-0.1852,-0.2593,0.9062
2026-07-13 19:21,2026-W29,NOK,NOK270115C00016000,0,skip,,vertical,-0.4,-0.4077,0.1471
2026-07-13 19:21,2026-W29,XOM,XOM260918P00130000,0,TAKE,p=0.45 [macro.distance_to_sma20_pct- alt_catalyst.reddit_mention_delta_pct+ iv_term.iv_back-],vertical,-0.3235,-0.3554,0.3058
2026-07-13 19:21,2026-W29,QSR,QSR260717C00075000,0,skip,,down,-0.5677,-0.6323,1.0
2026-07-13 19:21,2026-W29,QQQ,QQQ260821P00625000,0,TAKE,p=0.55 [gex.zero_gamma_strike+ gex.net_gex- iv_term.iv_back+],up,0.5317,0.5276,0.019
2026-07-13 19:21,2026-W29,TQQQ,TQQQ260717P00067000,0,TAKE,p=0.56 [gex.distance_to_zero_gamma_pct- macro.spot- macro.sma20-],down,-0.7037,-0.7099,0.1667
2026-07-13 19:21,2026-W29,RKT,RKT260918C00016000,0,skip,,up,0.3095,0.2738,0.2511
2026-07-13 19:21,2026-W29,SPY,SPY260717P00745000,0,TAKE,p=0.53 [gex.zero_gamma_strike+ iv_term.iv_back+ macro.distance_to_sma20_pct-],down,-0.5155,-0.5189,0.0243
2026-07-13 19:21,2026-W29,SPCX,SPCX260717C00157500,0,skip,,up,0.3667,0.2833,0.0556
2026-07-13 19:21,2026-W29,TLT,TLT260717P00085500,0,skip,,down,-0.5294,-0.5425,0.0377
2026-07-13 19:21,2026-W29,TLT,TLT260724C00083500,0,skip,,up,0.3301,0.3204,0.0377
2026-07-13 19:21,2026-W29,TPR,TPR260731P00134000,0,skip,,down,-0.8057,-0.8771,1.0
2026-07-13 19:21,2026-W29,DRAM,DRAM260724C00058000,0,skip,,up,0.4447,0.4382,0.0714
2026-07-13 19:21,2026-W29,BRUN,BRUN260717P00022500,0,skip,,down,-0.7571,-0.8643,0.5
2026-07-13 19:21,2026-W29,RKT,RKT260717P00014500,0,skip,,down,-0.9634,-0.9939,0.25
2026-07-13 19:21,2026-W29,TLT,TLT260918C00087000,0,skip,,vertical,-0.0392,-0.049,0.037
2026-07-13 19:21,2026-W29,CZR,CZR260821C00030000,0,skip,,down,-0.7195,-1.122,1.0
2026-07-13 19:21,2026-W29,TQQQ,TQQQ270115C00090000,0,TAKE,p=0.56 [gex.distance_to_zero_gamma_pct- macro.spot- macro.sma20-],vertical,-0.3689,-0.4244,0.1179
2026-07-13 19:31,2026-W29,DVN,DVN260814P00042000,1,skip,,down,-0.9951,-1.1144,0.1429
2026-07-13 19:31,2026-W29,XLE,XLE260918C00057500,0,skip,,vertical,0.1841,0.182,0.0816
2026-07-13 19:31,2026-W29,IBIT,IBIT261218P00028000,0,skip,,vertical,-0.2239,-0.2351,0.062
2026-07-13 19:31,2026-W29,QQQ,QQQ260717P00690000,0,TAKE,p=0.55 [gex.zero_gamma_strike+ gex.net_gex- iv_term.iv_back+],down,-0.6286,-0.6367,0.0287
2026-07-13 19:31,2026-W29,DVN,DVN260918P00042500,0,skip,,vertical,-0.0759,-0.0804,0.1925
2026-07-13 19:31,2026-W29,KO,KO261016P00085000,0,skip,,up,0.3387,0.332,0.4046
2026-07-13 19:31,2026-W29,RGTI,RGTI260717C00015000,0,skip,,up,0.4933,0.48,0.1429
2026-07-13 19:31,2026-W29,DVN,DVN260918C00047500,0,skip,,down,-0.95,-0.9656,0.1429
2026-07-13 19:31,2026-W29,SFM,SFM260918C00100000,0,skip,,down,-0.5318,-0.6227,1.0
2026-07-13 19:31,2026-W29,CPNG,CPNG260807P00018000,0,skip,,down,-0.9919,-1.0163,0.5
2026-07-13 19:31,2026-W29,CRWV,CRWV260717C00089000,0,TAKE,p=0.52 [macro.distance_to_sma20_pct- gex.distance_to_zero_gamma_pct- alt_catalyst.reddit_mention_delta_pct+],down,-0.5563,-0.5704,0.0898
2026-07-13 19:31,2026-W29,CRSP,CRSP270115C00075000,0,skip,,vertical,-0.3879,-0.403,0.6665
2026-07-13 19:31,2026-W29,TLT,TLT260713C00083000,0,skip,,vertical,-0.0865,-0.1154,0.0643
2026-07-13 19:31,2026-W29,IWM,IWM261120P00285000,0,TAKE,p=0.54 [gex.zero_gamma_strike+ gex.net_gex- iv_term.iv_back+],vertical,-0.0851,-0.0861,0.1012
2026-07-13 19:44,2026-W29,NNE,NNE260814C00018500,1,skip,,down,-0.583,-0.704,0.5019
2026-07-13 19:44,2026-W29,WFC,WFC260807C00088000,0,skip,,down,-0.5125,-0.5484,0.5277
2026-07-13 19:44,2026-W29,AAPL,AAPL260713P00317500,0,TAKE,p=0.51 [iv_term.iv_back+ gex.distance_to_zero_gamma_pct- gex.zero_gamma_strike-],vertical,-0.9895,-1.0421,0.0769
2026-07-13 19:44,2026-W29,IWM,IWM260720P00286000,0,TAKE,p=0.54 [gex.zero_gamma_strike+ gex.net_gex- iv_term.iv_back+],down,-0.5462,-0.5714,0.25
2026-07-13 19:44,2026-W29,SOFI,SOFI260821C00020000,0,skip,,down,-0.5052,-0.5155,0.1116
2026-07-13 19:44,2026-W29,SMH,SMH260724C00700000,0,skip,,down,-0.9892,-1.0108,0.0294
2026-07-13 19:44,2026-W29,XLK,XLK260724P00174000,0,skip,,down,-0.5092,-0.5803,0.3333
2026-07-13 19:44,2026-W29,TMDX,TMDX261016P00055000,0,skip,,down,-0.5353,-0.5941,0.5
2026-07-13 19:44,2026-W29,COIN,COIN260717C00170000,0,skip,,up,0.3649,0.3378,0.1917
2026-07-13 19:44,2026-W29,NNE,NNE260821C00025000,0,skip,,down,-0.5077,-0.5846,0.5
2026-07-13 19:44,2026-W29,LOW,LOW260717C00207500,0,skip,,down,-0.6265,-0.6412,0.5723
2026-07-13 19:44,2026-W29,GS,GS260717C01155000,0,skip,,down,-0.9915,-1.094,0.25
2026-07-13 19:44,2026-W29,SOFI,SOFI261016P00015000,0,skip,,vertical,0.1158,0.0947,0.1121
2026-07-13 19:44,2026-W29,CALM,CALM260717C00085000,0,skip,,down,-0.775,-0.8688,1.0
2026-07-13 19:44,2026-W29,TLT,TLT261016C00085000,0,skip,,vertical,0.0,-0.0107,0.0369
2026-07-13 19:44,2026-W29,SLV,SLV260717C00053000,0,skip,,up,0.806,0.7985,0.125
2026-07-13 19:52,2026-W29,C,C260724C00145000,0,skip,,up,0.5131,0.4764,0.1712
2026-07-13 19:52,2026-W29,GDX,GDX260821C00085000,0,skip,,up,0.5789,0.5474,0.1009
2026-07-13 19:52,2026-W29,NVDA,NVDA260715C00202500,0,TAKE,p=0.46 [macro.distance_to_sma20_pct- gex.net_gex+ macro.spot-],up,0.4944,0.4597,0.0333
2026-07-13 19:52,2026-W29,WULF,WULF260821P00017000,0,skip,,up,0.3363,0.323,0.2007
2026-07-13 19:52,2026-W29,IBIT,IBIT260717C00035000,0,skip,,up,0.8971,0.8897,0.1
2026-07-13 19:52,2026-W29,MRVL,MRVL260821P00120000,0,TAKE,p=0.57 [alt_catalyst.reddit_mention_delta_pct+ gex.net_gex- gex.zero_gamma_strike+],down,-0.6211,-0.6947,0.0833
2026-07-13 19:52,2026-W29,GDX,GDX260821P00070000,0,skip,,down,-0.5275,-0.5696,0.1
2026-07-13 19:52,2026-W29,CRWV,CRWV260717C00086000,0,TAKE,p=0.52 [macro.distance_to_sma20_pct- gex.distance_to_zero_gamma_pct- alt_catalyst.reddit_mention_delta_pct+],down,-0.5319,-0.5511,0.0895
2026-07-13 19:52,2026-W29,BABA,BABA260717C00116000,0,skip,,up,2.6727,2.6545,0.0484
2026-07-13 19:52,2026-W29,BBBY,BBBY261218P00005000,0,skip,,down,-0.975,-0.9958,1.0
2026-07-14 13:32,2026-W29,CLSK,CLSK260814C00015000,1,skip,,down,-0.5561,-0.9943,0.4658
2026-07-14 13:32,2026-W29,DRAM,DRAM260807C00072000,0,skip,,down,-0.5445,-0.625,0.0446
2026-07-14 13:32,2026-W29,CRWD,CRWD260724C00205000,0,skip,,up,0.648,0.3693,0.1429
2026-07-14 13:32,2026-W29,SPY,SPY260715C00751000,0,TAKE,p=0.45 [gex.zero_gamma_strike+ gex.net_gex- iv_term.iv_back+],up,0.332,0.3257,0.0218
2026-07-14 13:32,2026-W29,GOOGL,GOOGL260715C00355000,0,TAKE,p=0.52 [gex.zero_gamma_strike+ iv_term.iv_ratio+ gex.distance_to_zero_gamma_pct-],up,0.4419,0.4157,0.1589
2026-07-14 13:32,2026-W29,PLTR,PLTR260717C00125000,0,TAKE,p=0.50 [gex.zero_gamma_strike- gex.distance_to_zero_gamma_pct- alt_catalyst.reddit_mention_delta_pct+],up,0.4296,0.4003,0.1105
2026-07-14 13:32,2026-W29,SLV,SLV260821C00055000,0,skip,,down,-0.5,-0.5191,0.0605
2026-07-14 13:32,2026-W29,CLSK,CLSK260717C00013000,0,skip,,down,-0.525,-0.5625,0.4658
2026-07-14 13:32,2026-W29,IREN,IREN260724C00040000,0,skip,,down,-0.7039,-0.7688,0.0365
2026-07-14 13:32,2026-W29,CLS,CLS260717C00385000,0,skip,,down,-0.7711,-1.1789,1.0
2026-07-14 13:32,2026-W29,IREN,IREN260724C00042500,0,skip,,down,-0.5184,-0.5776,0.0471
2026-07-14 13:32,2026-W29,SOFI,SOFI260821C00019000,0,skip,,down,-0.6045,-0.6269,0.0898
2026-07-14 13:32,2026-W29,SLV,SLV260724C00053000,0,skip,,down,-0.5026,-0.5415,0.065
2026-07-14 13:32,2026-W29,CRWV,CRWV260717C00085000,0,TAKE,p=0.43 [gex.distance_to_zero_gamma_pct- macro.spot- macro.sma20-],down,-0.56,-0.635,0.0788
2026-07-14 13:44,2026-W29,BMNR,BMNR260814P00015000,1,skip,,down,-0.5954,-1.5773,0.3333
2026-07-14 13:44,2026-W29,AAPL,AAPL260717P00315000,0,TAKE,p=0.59 [gex.zero_gamma_strike+ iv_term.iv_back+ gex.distance_to_zero_gamma_pct-],down,-0.5753,-0.5959,0.0855
2026-07-14 13:44,2026-W29,BMNR,BMNR260717P00016500,0,skip,,down,-0.5909,-0.6227,0.1686
2026-07-14 13:44,2026-W29,QQQ,QQQ260714C00720000,0,TAKE,p=0.63 [gex.zero_gamma_strike+ iv_term.iv_back+ gex.net_gex-],down,-0.5489,-0.5625,0.03
2026-07-14 13:44,2026-W29,CRWV,CRWV260724P00080000,0,TAKE,p=0.43 [gex.distance_to_zero_gamma_pct- macro.spot- macro.sma20-],up,0.3063,0.275,0.0815
2026-07-14 13:44,2026-W29,FCEL,FCEL260918P00020000,0,skip,,up,0.3051,0.2667,0.25
2026-07-14 13:44,2026-W29,SPCX,SPCX260717P00135000,0,TAKE,p=0.43 [macro.sma20+ gex.net_gex+ macro.spot-],up,0.3467,0.33,0.0485
2026-07-14 13:44,2026-W29,SPY,SPY260714C00750000,0,TAKE,p=0.45 [gex.zero_gamma_strike+ gex.net_gex- iv_term.iv_back+],vertical,-0.3031,-0.313,0.0169
2026-07-14 13:44,2026-W29,NVDA,NVDA260717P00200000,0,TAKE,p=0.47 [macro.distance_to_sma20_pct- gex.net_gex+ macro.spot-],down,-0.5341,-0.5426,0.0335
2026-07-14 13:44,2026-W29,BABA,BABA260821P00100000,0,skip,,down,-0.5179,-0.567,0.0379
2026-07-14 13:44,2026-W29,SLV,SLV260717C00053000,0,skip,,down,-0.5603,-0.5745,0.0644
2026-07-14 13:44,2026-W29,MELI,MELI260717C01980000,0,skip,,down,-0.8733,-1.365,1.0
2026-07-14 13:44,2026-W29,PLTR,PLTR260717C00126000,0,TAKE,p=0.50 [gex.zero_gamma_strike- gex.distance_to_zero_gamma_pct- alt_catalyst.reddit_mention_delta_pct+],up,0.9311,0.9213,0.1066
2026-07-14 13:44,2026-W29,CSGP,CSGP260821C00025000,0,skip,,down,-0.5189,-0.5459,1.0
2026-07-14 13:44,2026-W29,PYPL,PYPL260821C00047500,0,skip,,up,0.8562,0.8445,0.151
2026-07-14 13:44,2026-W29,PAYX,PAYX260821C00120000,0,skip,,down,-0.68,-0.805,1.0
2026-07-14 13:44,2026-W29,SQQQ,SQQQ260717C00039000,0,skip,,down,-0.5922,-0.6311,0.3577
2026-07-14 13:54,2026-W29,SLV,SLV260814C00055500,1,skip,,down,-0.5114,-0.5328,0.0644
2026-07-14 13:54,2026-W29,SLV,SLV261016C00056000,0,skip,,vertical,-0.3205,-0.3333,0.0558
2026-07-14 13:54,2026-W29,KRE,KRE260821C00079000,0,skip,,up,0.3136,0.2246,0.1456
2026-07-14 13:54,2026-W29,TPR,TPR260821P00125000,0,skip,,down,-0.8105,-0.9618,0.4224
2026-07-14 13:54,2026-W29,HPE,HPE260717C00051000,0,TAKE,p=0.44 [macro.distance_to_sma20_pct- macro.spot- macro.sma20-],down,-0.5333,-0.5714,1.0
2026-07-14 13:54,2026-W29,PLTR,PLTR260724C00140000,0,TAKE,p=0.50 [gex.zero_gamma_strike- gex.distance_to_zero_gamma_pct- alt_catalyst.reddit_mention_delta_pct+],up,0.4638,0.4457,0.0999
2026-07-14 13:54,2026-W29,CRM,CRM260724C00175000,0,skip,,up,0.3502,0.2321,0.1415
2026-07-14 13:54,2026-W29,NVDA,NVDA260717C00205000,0,TAKE,p=0.47 [macro.distance_to_sma20_pct- gex.net_gex+ macro.spot-],up,0.3342,0.3274,0.0333
2026-07-14 13:54,2026-W29,AMZN,AMZN260814C00285000,0,TAKE,p=0.44 [macro.distance_to_sma20_pct- iv_term.iv_ratio- gex.net_gex+],up,0.412,0.375,0.0827
2026-07-14 13:54,2026-W29,SLV,SLV260821C00060000,0,skip,,down,-0.5102,-0.5357,0.0602
2026-07-14 13:54,2026-W29,MOS,MOS270115C00026000,0,skip,,vertical,-0.2465,-0.2814,1.0
2026-07-14 13:54,2026-W29,CLSK,CLSK260821C00020000,0,skip,,down,-0.6667,-0.7222,0.272
2026-07-14 13:54,2026-W29,CIA,CIA261120P00005000,0,skip,,vertical,-0.0615,-0.1192,0.8199
2026-07-14 13:54,2026-W29,OKLO,OKLO260724C00055000,0,skip,,down,-0.7463,-0.8358,0.3333
2026-07-14 13:54,2026-W29,BABA,BABA260717C00113000,0,skip,,up,2.0577,2.0192,0.0378
2026-07-14 13:54,2026-W29,GDX,GDX260717P00075000,0,skip,,up,0.4737,0.4579,0.1475
2026-07-14 14:02,2026-W29,NU,NU260814C00015000,1,skip,,down,-0.5789,-0.9194,0.5
2026-07-14 14:02,2026-W29,QQQ,QQQ260722P00685000,0,TAKE,p=0.63 [gex.zero_gamma_strike+ iv_term.iv_back+ gex.net_gex-],up,0.3283,0.3157,0.0173
2026-07-14 14:02,2026-W29,QQQ,QQQ260714C00717000,0,TAKE,p=0.63 [gex.zero_gamma_strike+ iv_term.iv_back+ gex.net_gex-],down,-0.5013,-0.5091,0.0288
2026-07-14 14:02,2026-W29,CRM,CRM260724P00157500,0,skip,,down,-0.5069,-0.5507,0.1413
2026-07-14 14:02,2026-W29,BABA,BABA260717P00112000,0,skip,,down,-0.9114,-0.9346,0.0377
2026-07-14 14:02,2026-W29,NU,NU260821C00013000,0,skip,,vertical,-0.3212,-0.3242,0.6831
2026-07-14 14:02,2026-W29,PLTR,PLTR260717C00131000,0,TAKE,p=0.50 [gex.zero_gamma_strike- gex.distance_to_zero_gamma_pct- alt_catalyst.reddit_mention_delta_pct+],up,0.6032,0.5952,0.0952
2026-07-14 14:02,2026-W29,IGV,IGV260717C00096000,0,skip,,up,0.3,0.2375,0.842
2026-07-14 14:02,2026-W29,VSH,VSH260821P00035000,0,skip,,up,0.3544,0.293,0.3439
2026-07-14 14:02,2026-W29,BABA,BABA260717P00114000,0,skip,,down,-0.8817,-0.9028,0.0377
2026-07-14 14:02,2026-W29,BABA,BABA260717P00113000,0,skip,,down,-0.887,-0.9298,0.0377
2026-07-14 14:11,2026-W29,LI,LI260814P00012000,1,skip,,down,-0.5149,-1.0203,0.25
2026-07-14 14:11,2026-W29,IREN,IREN260731P00033000,0,skip,,up,0.3063,0.268,0.0364
2026-07-14 14:11,2026-W29,QQQ,QQQ260717P00682000,0,TAKE,p=0.63 [gex.zero_gamma_strike+ iv_term.iv_back+ gex.net_gex-],down,-0.7407,-0.7531,0.0202
2026-07-14 14:11,2026-W29,KZIA,KZIA260821C00012500,0,skip,,down,-0.5429,-1.002,1.0
2026-07-14 14:11,2026-W29,TSLA,TSLA260715C00405000,0,TAKE,p=0.40 [iv_term.iv_ratio- gex.zero_gamma_strike- gex.distance_to_zero_gamma_pct-],down,-0.5068,-0.5114,0.0415
2026-07-14 14:11,2026-W29,KWEB,KWEB261218C00033000,0,skip,,vertical,-0.025,-0.0938,0.2544
2026-07-14 14:11,2026-W29,LI,LI260918P00012000,0,skip,,vertical,-0.3276,-0.4095,0.4772
2026-07-14 14:11,2026-W29,PYPL,PYPL260821P00042500,0,skip,,down,-1.0,-1.1025,0.149
2026-07-14 14:11,2026-W29,TLT,TLT260918C00083000,0,skip,,vertical,0.0133,0.0066,0.0299
2026-07-14 14:11,2026-W29,LI,LI260918P00013000,0,skip,,down,-0.8684,-0.8816,0.4436
2026-07-14 14:11,2026-W29,MRK,MRK260724P00119000,0,skip,,up,0.3217,0.2217,0.2812
2026-07-14 14:11,2026-W29,DGX,DGX260821C00220000,0,skip,,down,-0.5737,-0.6921,1.0
2026-07-14 14:11,2026-W29,EWZ,EWZ260731P00035000,0,skip,,down,-0.6,-0.6125,0.2494
2026-07-14 14:11,2026-W29,PLTR,PLTR260717C00140000,0,TAKE,p=0.50 [gex.zero_gamma_strike- gex.distance_to_zero_gamma_pct- alt_catalyst.reddit_mention_delta_pct+],up,1.0545,1.0364,0.0943
2026-07-14 14:11,2026-W29,NOW,NOW260731C00150000,0,TAKE,p=0.58 [alt_catalyst.reddit_mention_delta_pct+ iv_term.iv_ratio- gex.distance_to_zero_gamma_pct-],down,-0.9608,-1.0686,0.1411
2026-07-14 14:11,2026-W29,FISV,FISV260807P00051000,0,skip,,down,-0.6937,-0.7328,0.5
2026-07-14 14:11,2026-W29,RKLB,RKLB260717C00082500,0,TAKE,p=0.43 [gex.distance_to_zero_gamma_pct- macro.spot- macro.sma20-],down,-0.8031,-0.8368,0.1679
2026-07-14 14:11,2026-W29,LI,LI260918P00010000,0,skip,,down,-0.75,-0.7969,0.3325
2026-07-14 14:11,2026-W29,BABA,BABA261218P00085000,0,skip,,vertical,-0.325,-0.45,0.0491
2026-07-14 14:11,2026-W29,NBIS,NBIS260717C00230000,0,skip,,down,-0.5065,-0.5452,0.0256
2026-07-14 14:21,2026-W29,QXO,QXO260814P00013500,1,skip,,down,-0.5194,-0.6819,0.3333
2026-07-14 14:21,2026-W29,MU,MU260715P00870000,0,TAKE,p=0.48 [gex.net_gex- gex.distance_to_zero_gamma_pct- gex.zero_gamma_strike-],down,-0.5677,-0.6274,0.0223
2026-07-14 14:21,2026-W29,WFC,WFC260717C00087500,0,skip,,down,-0.6219,-0.6915,0.3333
2026-07-14 14:21,2026-W29,WFC,WFC260717P00090000,0,skip,,up,0.5813,0.5,0.4536
2026-07-14 14:21,2026-W29,WULF,WULF260821C00019000,0,skip,,vertical,-0.2126,-0.2283,0.1005
2026-07-14 14:21,2026-W29,QXO,QXO260821P00012000,0,skip,,down,-0.84,-0.94,0.4846
2026-07-14 14:21,2026-W29,IBM,IBM261016P00160000,0,skip,,down,-0.5176,-0.7071,0.0395
2026-07-14 14:21,2026-W29,GDX,GDX260717C00076000,0,skip,,down,-0.503,-0.5473,0.1496
2026-07-14 14:21,2026-W29,S,S260918C00022000,0,skip,,up,0.3083,0.2667,0.5502
2026-07-14 14:21,2026-W29,UPST,UPST260918C00040000,0,skip,,down,-0.5024,-0.5171,0.1989
2026-07-14 14:32,2026-W29,EWZ,EWZ260814C00037500,1,skip,,down,-0.5591,-0.6004,0.25
2026-07-14 14:32,2026-W29,NFLX,NFLX261016C00085000,0,skip,,down,-0.8231,-0.8435,0.0467
2026-07-14 14:32,2026-W29,SOFI,SOFI260731C00019500,0,skip,,down,-0.5275,-0.544,0.0935
2026-07-14 14:32,2026-W29,SOXL,SOXL260717P00120000,0,skip,,down,-0.5846,-0.6615,0.0221
2026-07-14 14:32,2026-W29,QQQ,QQQ260714C00716000,0,TAKE,p=0.63 [gex.zero_gamma_strike+ iv_term.iv_back+ gex.net_gex-],up,0.4799,0.4732,0.0278
2026-07-14 14:32,2026-W29,SAP,SAP260731C00167500,0,skip,,up,0.3211,0.2421,0.304
2026-07-14 14:32,2026-W29,PLTR,PLTR260731P00118000,0,TAKE,p=0.50 [gex.zero_gamma_strike- gex.distance_to_zero_gamma_pct- alt_catalyst.reddit_mention_delta_pct+],down,-0.5,-0.5259,0.0413
2026-07-14 14:32,2026-W29,SPY,SPY260715C00753000,0,TAKE,p=0.45 [gex.zero_gamma_strike+ gex.net_gex- iv_term.iv_back+],up,0.4248,0.4106,0.0202
2026-07-14 14:32,2026-W29,NFLX,NFLX260717P00069000,0,skip,,up,0.3694,0.3559,0.0526
2026-07-14 14:32,2026-W29,GDS,GDS260918C00036000,0,skip,,down,-0.5419,-0.7758,1.0
2026-07-14 14:32,2026-W29,EWZ,EWZ260717C00036000,0,skip,,down,-0.5682,-0.5909,0.2447
2026-07-14 14:32,2026-W29,DRAM,DRAM260717P00059000,0,skip,,up,0.4238,0.4071,0.0436
2026-07-14 14:32,2026-W29,CRWV,CRWV261218P00045000,0,TAKE,p=0.43 [gex.distance_to_zero_gamma_pct- macro.spot- macro.sma20-],up,0.3629,0.3414,0.0398
2026-07-14 14:32,2026-W29,PYPL,PYPL260918P00040000,0,skip,,down,-1.0,-1.0489,0.1483
2026-07-14 14:32,2026-W29,CRCL,CRCL260821C00100000,0,skip,,up,0.378,0.3171,0.1297
2026-07-14 14:32,2026-W29,PLTR,PLTR260717P00131000,0,TAKE,p=0.50 [gex.zero_gamma_strike- gex.distance_to_zero_gamma_pct- alt_catalyst.reddit_mention_delta_pct+],down,-0.553,-0.5625,0.0481
2026-07-14 14:32,2026-W29,NBIS,NBIS260724P00130000,0,skip,,down,-0.5034,-0.5884,0.0199
2026-07-14 14:32,2026-W29,EQH,EQH261218C00050000,0,skip,,down,-0.55,-0.8192,1.0
2026-07-14 14:32,2026-W29,BMNR,BMNR270115C00020000,0,skip,,vertical,-0.1136,-0.1282,0.1299
2026-07-14 14:41,2026-W29,F,F260814C00014500,1,skip,,down,-0.7377,-0.8146,0.5
2026-07-14 14:41,2026-W29,SPY,SPY260821P00712000,0,TAKE,p=0.45 [gex.zero_gamma_strike+ gex.net_gex- iv_term.iv_back+],up,0.5952,0.5899,0.0105
2026-07-14 14:41,2026-W29,F,F260918C00015000,0,skip,,up,0.3333,0.2963,0.6861
2026-07-14 14:41,2026-W29,AAPL,AAPL260724P00310000,0,TAKE,p=0.59 [gex.zero_gamma_strike+ iv_term.iv_back+ gex.distance_to_zero_gamma_pct-],down,-0.5052,-0.5069,0.0846
2026-07-14 14:41,2026-W29,SPY,SPY260717C00753000,0,TAKE,p=0.45 [gex.zero_gamma_strike+ gex.net_gex- iv_term.iv_back+],down,-0.509,-0.5135,0.0116
2026-07-14 14:41,2026-W29,ETHA,ETHA261218P00015000,0,skip,,vertical,-0.0394,-0.0532,0.1439
2026-07-14 14:41,2026-W29,DIS,DIS260821P00095000,0,skip,,vertical,-0.24,-0.2533,0.4315
2026-07-14 14:41,2026-W29,ABNB,ABNB260724P00148000,0,skip,,down,-0.6737,-0.7197,0.2598
2026-07-14 14:41,2026-W29,AAPL,AAPL260724P00307500,0,TAKE,p=0.59 [gex.zero_gamma_strike+ iv_term.iv_back+ gex.distance_to_zero_gamma_pct-],down,-0.5426,-0.5493,0.0846
2026-07-14 14:41,2026-W29,XOP,XOP260821P00155000,0,skip,,down,-0.8,-0.9094,0.1351
2026-07-14 14:41,2026-W29,CHWY,CHWY260821P00020000,0,skip,,down,-0.696,-0.72,1.0
2026-07-14 14:41,2026-W29,XOP,XOP260821C00180000,0,skip,,down,-0.5201,-0.6476,0.1284
2026-07-14 14:41,2026-W29,WBD,WBD260821C00028000,0,skip,,down,-0.8522,-0.9174,1.0
2026-07-14 14:41,2026-W29,BIDU,BIDU260717C00113000,0,skip,,up,0.6636,0.5818,0.1857
2026-07-14 14:41,2026-W29,GLD,GLD260724P00370000,0,skip,,up,0.481,0.4494,0.0443
2026-07-14 14:41,2026-W29,XOP,XOP260717C00170000,0,skip,,down,-0.6882,-0.8495,0.14
2026-07-14 14:41,2026-W29,CLF,CLF270319P00010000,0,skip,,down,-0.9013,-0.9282,0.5161
2026-07-14 14:41,2026-W29,IGV,IGV260717C00094000,0,skip,,down,-0.6,-0.6385,0.7311
2026-07-14 14:41,2026-W29,SOFI,SOFI270115P00018000,0,skip,,vertical,0.1189,0.1136,0.0907
2026-07-14 14:41,2026-W29,XOP,XOP260717P00150000,0,skip,,down,-0.8627,-1.3137,0.125
2026-07-14 14:41,2026-W29,YETI,YETI260821P00047500,0,skip,,down,-0.6722,-0.6861,1.0
2026-07-14 14:52,2026-W29,BP,BP260814P00040000,1,skip,,down,-0.6026,-0.7509,0.5
2026-07-14 14:52,2026-W29,NOW,NOW260717C00107000,0,TAKE,p=0.58 [alt_catalyst.reddit_mention_delta_pct+ iv_term.iv_ratio- gex.distance_to_zero_gamma_pct-],down,-0.5019,-0.523,0.1353
2026-07-14 14:52,2026-W29,TTWO,TTWO260717C00245000,0,skip,,down,-0.5061,-0.6349,0.25
2026-07-14 14:52,2026-W29,NVO,NVO261016C00055000,0,skip,,up,0.3095,0.2643,0.3401
2026-07-14 14:52,2026-W29,BP,BP261016P00037000,0,skip,,vertical,-0.3039,-0.3382,0.5623
2026-07-14 14:52,2026-W29,UNH,UNH260717P00380000,0,skip,,down,-0.9824,-1.0294,0.0459
2026-07-14 14:52,2026-W29,FRMI,FRMI261120P00006000,0,skip,,vertical,-0.0471,-0.0912,0.6453
2026-07-14 14:52,2026-W29,IBIT,IBIT270115P00029000,0,skip,,vertical,-0.039,-0.0519,0.0507
2026-07-14 14:52,2026-W29,EWZ,EWZ260821C00038000,0,skip,,down,-0.5,-0.5083,0.2136
2026-07-14 14:52,2026-W29,PLTR,PLTR260717C00134000,0,TAKE,p=0.50 [gex.zero_gamma_strike- gex.distance_to_zero_gamma_pct- alt_catalyst.reddit_mention_delta_pct+],up,0.3672,0.3594,0.0872
2026-07-14 14:52,2026-W29,DKNG,DKNG260821C00027500,0,skip,,down,-0.5504,-0.5698,0.3333
2026-07-14 14:52,2026-W29,TQQQ,TQQQ260717C00075000,0,skip,,up,0.3481,0.3343,0.1757
2026-07-14 14:52,2026-W29,ZETA,ZETA260918C00022500,0,skip,,vertical,-0.1516,-0.2081,0.4143
2026-07-14 15:02,2026-W29,HYG,HYG260814P00076500,1,skip,,down,-0.8913,-1.1854,0.5
2026-07-14 15:02,2026-W29,LRCX,LRCX260724P00277500,0,TAKE,p=0.42 [gex.distance_to_zero_gamma_pct- gex.net_gex- macro.spot-],up,0.4324,0.3132,0.0804
2026-07-14 15:02,2026-W29,NFLX,NFLX260717C00076000,0,skip,,up,0.4257,0.4183,0.0507
2026-07-14 15:02,2026-W29,NVDA,NVDA260717C00207500,0,TAKE,p=0.47 [macro.distance_to_sma20_pct- gex.net_gex+ macro.spot-],up,0.3652,0.3507,0.0281
2026-07-14 15:02,2026-W29,COIN,COIN260717C00170000,0,skip,,up,0.3176,0.2882,0.0827
2026-07-14 15:02,2026-W29,CVX,CVX260724C00190000,0,skip,,down,-0.6476,-0.7381,0.2323
2026-07-14 15:02,2026-W29,IBIT,IBIT270115C00041000,0,skip,,vertical,-0.0429,-0.05,0.0505
2026-07-14 15:02,2026-W29,HYG,HYG261218P00075000,0,skip,,down,-0.9796,-0.9898,0.594
2026-07-14 15:02,2026-W29,SPY,SPY260717C00752000,0,TAKE,p=0.45 [gex.zero_gamma_strike+ gex.net_gex- iv_term.iv_back+],down,-0.5027,-0.5053,0.0115
2026-07-14 15:02,2026-W29,IREN,IREN260717P00038000,0,skip,,down,-0.5207,-0.5355,0.038
2026-07-14 15:02,2026-W29,IBIT,IBIT261016C00037000,0,skip,,vertical,-0.0607,-0.0732,0.0505
2026-07-14 15:02,2026-W29,CRM,CRM260717P00170000,0,skip,,down,-0.5036,-0.5277,0.1269
2026-07-14 15:02,2026-W29,HPQ,HPQ260724P00026000,0,skip,,up,0.3158,0.2982,1.0
2026-07-14 15:02,2026-W29,GLD,GLD260717P00359000,0,skip,,up,0.381,0.2619,0.0513
2026-07-14 15:02,2026-W29,CCL,CCL260821P00027000,0,skip,,vertical,0.0,-0.0109,0.3179
2026-07-14 15:02,2026-W29,ELF,ELF260717C00072000,0,skip,,down,-0.536,-0.5827,1.0
2026-07-14 15:02,2026-W29,TQQQ,TQQQ260717C00077500,0,skip,,down,-0.5851,-0.6383,0.1474
2026-07-14 15:02,2026-W29,RKLB,RKLB260717P00080000,0,TAKE,p=0.43 [gex.distance_to_zero_gamma_pct- macro.spot- macro.sma20-],up,0.3345,0.3201,0.1691
2026-07-14 15:02,2026-W29,KR,KR260731P00059000,0,skip,,up,0.3019,0.261,0.3729
2026-07-14 15:02,2026-W29,SPCX,SPCX261016P00115000,0,TAKE,p=0.43 [macro.sma20+ gex.net_gex+ macro.spot-],up,0.3119,0.297,0.0265
2026-07-14 15:12,2026-W29,KRE,KRE260814C00078500,1,skip,,down,-0.6368,-0.8176,0.2
2026-07-14 15:12,2026-W29,CRWD,CRWD260821C00287500,0,skip,,down,-0.582,-0.6429,0.0842
2026-07-14 15:12,2026-W29,QQQ,QQQ260731C00750000,0,TAKE,p=0.63 [gex.zero_gamma_strike+ iv_term.iv_back+ gex.net_gex-],down,-0.5013,-0.5106,0.02
2026-07-14 15:12,2026-W29,QQQ,QQQ260714P00724000,0,TAKE,p=0.63 [gex.zero_gamma_strike+ iv_term.iv_back+ gex.net_gex-],up,0.4269,0.4254,0.0267
2026-07-14 15:12,2026-W29,CRWD,CRWD260821C00280000,0,skip,,down,-0.5215,-0.5766,0.0842
2026-07-14 15:12,2026-W29,WULF,WULF260731P00022000,0,skip,,up,0.3219,0.3063,0.0858
2026-07-14 15:12,2026-W29,QQQ,QQQ260714C00722000,0,TAKE,p=0.63 [gex.zero_gamma_strike+ iv_term.iv_back+ gex.net_gex-],down,-0.5649,-0.5763,0.0267
2026-07-14 15:12,2026-W29,IWM,IWM260814P00288000,0,TAKE,p=0.43 [gex.zero_gamma_strike+ gex.net_gex- iv_term.iv_back+],vertical,0.0101,0.0025,0.0589
2026-07-14 15:12,2026-W29,XOP,XOP260724C00167000,0,skip,,down,-0.7262,-0.8075,0.135
2026-07-14 15:12,2026-W29,PANW,PANW260724P00300000,0,skip,,down,-0.9267,-1.03,0.0952
2026-07-14 15:12,2026-W29,CMPS,CMPS260821P00015000,0,skip,,vertical,0.0581,0.0419,0.9873
2026-07-14 15:12,2026-W29,KRE,KRE260821C00077000,0,skip,,up,0.3652,0.3483,0.1404
2026-07-14 15:12,2026-W29,NKE,NKE260918C00045000,0,skip,,up,0.369,0.3512,0.9969
2026-07-14 15:12,2026-W29,WULF,WULF260717P00020000,0,skip,,up,0.3451,0.323,0.0849
2026-07-14 15:12,2026-W29,WULF,WULF260717C00021000,0,skip,,down,-0.8049,-0.8171,0.0847
2026-07-14 15:12,2026-W29,OMER,OMER260821C00010000,0,skip,,down,-1.0,-1.0294,0.6544
2026-07-14 15:12,2026-W29,OMER,OMER260821P00010000,0,skip,,down,-0.6,-0.6208,0.5
2026-07-14 15:21,2026-W29,CELH,CELH260814C00031000,1,skip,,vertical,-0.3289,-0.425,0.6411
2026-07-14 15:21,2026-W29,IBIT,IBIT260821C00035000,0,skip,,vertical,-0.0717,-0.0887,0.0502
2026-07-14 15:21,2026-W29,COIN,COIN260724C00175000,0,skip,,up,0.3136,0.2735,0.0659
2026-07-14 15:21,2026-W29,SPY,SPY260717P00742000,0,TAKE,p=0.45 [gex.zero_gamma_strike+ gex.net_gex- iv_term.iv_back+],down,-0.6075,-0.6122,0.0133
2026-07-14 15:21,2026-W29,CELH,CELH261016C00042500,0,skip,,down,-1.0,-1.0324,0.3333
2026-07-14 15:21,2026-W29,SEDG,SEDG260717C00055000,0,skip,,down,-0.5507,-0.596,0.5
2026-07-14 15:21,2026-W29,XLV,XLV260731P00158000,0,skip,,down,-0.7402,-0.7819,0.2745
2026-07-14 15:21,2026-W29,IBIT,IBIT260724C00037000,0,skip,,up,0.3729,0.3644,0.0647
2026-07-14 15:21,2026-W29,EWJ,EWJ260821P00088000,0,skip,,down,-0.58,-0.705,1.0
2026-07-14 15:21,2026-W29,AMSC,AMSC260717C00034000,0,skip,,down,-0.7837,-0.8449,1.0
2026-07-14 15:21,2026-W29,MU,MU260727C00970000,0,TAKE,p=0.48 [gex.net_gex- gex.distance_to_zero_gamma_pct- gex.zero_gamma_strike-],down,-0.5205,-0.5609,0.0169
2026-07-14 15:32,2026-W29,KR,KR260814P00056000,1,skip,,down,-0.6123,-0.758,0.3333
2026-07-14 15:32,2026-W29,GOOG,GOOG260717C00357500,0,TAKE,p=0.51 [gex.zero_gamma_strike+ iv_term.iv_ratio+ gex.distance_to_zero_gamma_pct-],up,0.6947,0.6618,0.1136
2026-07-14 15:32,2026-W29,NVDA,NVDA260717C00210000,0,TAKE,p=0.47 [macro.distance_to_sma20_pct- gex.net_gex+ macro.spot-],up,0.3941,0.3898,0.0252
2026-07-14 15:32,2026-W29,SPY,SPY260720C00755000,0,TAKE,p=0.45 [gex.zero_gamma_strike+ gex.net_gex- iv_term.iv_back+],down,-0.5016,-0.5048,0.0115
2026-07-14 15:32,2026-W29,CRCL,CRCL260821C00080000,0,skip,,up,0.3014,0.262,0.127
2026-07-14 15:32,2026-W29,DRAM,DRAM260724C00070000,0,skip,,down,-0.563,-0.6134,0.0425
2026-07-14 15:32,2026-W29,KR,KR260918P00060000,0,skip,,vertical,-0.0582,-0.0772,0.4287
2026-07-14 15:32,2026-W29,ASTS,ASTS260717P00070000,0,skip,,up,0.375,0.3485,0.0979
2026-07-14 15:32,2026-W29,BMNR,BMNR260717C00015000,0,skip,,down,-0.7254,-0.7465,0.1425
2026-07-14 15:32,2026-W29,DRAM,DRAM260724C00065000,0,skip,,down,-0.5184,-0.5388,0.0425
2026-07-14 15:32,2026-W29,SOXL,SOXL260717C00195000,0,skip,,down,-0.5464,-0.5821,0.0218
2026-07-14 15:42,2026-W29,BKNG,BKNG260821P00160000,0,skip,,down,-0.7675,-0.7925,0.3333
2026-07-14 15:42,2026-W29,LRCX,LRCX260717C00380000,0,TAKE,p=0.42 [gex.distance_to_zero_gamma_pct- gex.net_gex- macro.spot-],down,-0.5971,-0.6406,0.0802
2026-07-14 15:42,2026-W29,INTC,INTC260717C00110000,0,TAKE,p=0.50 [macro.distance_to_sma20_pct- iv_term.iv_ratio- macro.sma20+],down,-0.5952,-0.6091,0.1084
2026-07-14 15:42,2026-W29,FCX,FCX261016P00050000,0,skip,,up,0.3043,0.2772,0.6686
2026-07-14 15:42,2026-W29,XLE,XLE270319C00060000,0,skip,,vertical,0.0971,0.0829,0.0737
2026-07-14 15:42,2026-W29,SOFI,SOFI260918C00020000,0,skip,,vertical,-0.3649,-0.3716,0.0902
2026-07-14 15:42,2026-W29,XLF,XLF260717C00054000,0,skip,,vertical,-0.0644,-0.0794,0.1702
2026-07-14 15:42,2026-W29,EEM,EEM260930P00058000,0,skip,,vertical,-0.0065,-0.0523,0.298
2026-07-14 15:42,2026-W29,DRAM,DRAM260724C00070500,0,skip,,down,-0.56,-0.652,0.0424
2026-07-14 15:42,2026-W29,RBRK,RBRK260821C00105000,0,skip,,down,-0.5515,-0.6879,0.5
2026-07-14 15:42,2026-W29,TLT,TLT260724P00085000,0,skip,,up,0.3407,0.3352,0.0312
2026-07-14 15:42,2026-W29,GLD,GLD260715P00379000,0,skip,,up,0.3411,0.3009,0.049
2026-07-14 15:52,2026-W29,BSX,BSX260814P00041000,1,skip,,down,-0.6167,-0.6984,0.414
2026-07-14 15:52,2026-W29,SPY,SPY260918P00650000,0,TAKE,p=0.45 [gex.zero_gamma_strike+ gex.net_gex- iv_term.iv_back+],up,0.3615,0.3577,0.0103
2026-07-14 15:52,2026-W29,UMC,UMC260821P00024000,0,skip,,up,0.5797,0.5542,1.0
2026-07-14 15:52,2026-W29,BSX,BSX270319P00035000,0,skip,,down,-0.7655,-0.8,0.4922
2026-07-14 15:52,2026-W29,AXTI,AXTI260821P00040000,0,skip,,up,0.322,0.2732,0.1871
2026-07-14 15:52,2026-W29,TLT,TLT260717C00084000,0,skip,,down,-0.7333,-0.7444,0.0312
2026-07-14 15:52,2026-W29,DYN,DYN261218P00022500,0,skip,,vertical,-0.331,-0.4862,1.0
2026-07-14 15:52,2026-W29,IBIT,IBIT260807C00037000,0,skip,,down,-0.6077,-0.6269,0.0504
2026-07-14 15:52,2026-W29,IBIT,IBIT260828P00037000,0,skip,,vertical,0.0145,0.0095,0.0498
2026-07-14 15:52,2026-W29,RIVN,RIVN260821C00019000,0,skip,,up,0.4259,0.412,0.2923
2026-07-14 15:52,2026-W29,CLSK,CLSK270115C00015000,0,skip,,vertical,-0.231,-0.2803,0.2835
2026-07-14 15:52,2026-W29,PYPL,PYPL260731C00048000,0,skip,,up,2.64,2.6229,0.1454
2026-07-14 15:52,2026-W29,STZ,STZ260821C00145000,0,skip,,up,0.3931,0.3069,0.2587
2026-07-14 15:52,2026-W29,PAAS,PAAS260821P00042000,0,skip,,vertical,0.1429,0.1122,0.3341
2026-07-14 16:02,2026-W29,BBWI,BBWI260814C00021000,1,skip,,down,-0.5,-0.6613,0.5
2026-07-14 16:02,2026-W29,QCOM,QCOM260724P00162500,0,skip,,up,0.356,0.29,0.0701
2026-07-14 16:02,2026-W29,BBWI,BBWI280121C00035000,0,skip,,down,-0.6392,-0.7471,0.9734
2026-07-14 16:02,2026-W29,NVDA,NVDA260724C00215000,0,TAKE,p=0.47 [macro.distance_to_sma20_pct- gex.net_gex+ macro.spot-],up,0.3556,0.3476,0.0222
2026-07-14 16:02,2026-W29,MDT,MDT260821C00082500,0,skip,,up,0.3631,0.2834,1.0
2026-07-14 16:02,2026-W29,C,C260731C00137000,0,skip,,down,-0.5052,-0.5069,0.1665
2026-07-14 16:02,2026-W29,SLN,SLN260821C00010000,0,skip,,down,-0.6772,-0.6772,1.0
2026-07-14 16:02,2026-W29,KPTI,KPTI261120P00007500,0,skip,,down,-0.515,-0.64,1.0
2026-07-14 16:02,2026-W29,DRAM,DRAM260717P00063000,0,skip,,up,0.4811,0.4608,0.0423
2026-07-14 16:02,2026-W29,IBIT,IBIT260821P00032000,0,skip,,vertical,-0.0714,-0.0952,0.0498
2026-07-14 16:02,2026-W29,KR,KR260821P00057500,0,skip,,down,-1.0,-1.0246,0.3333
2026-07-14 16:02,2026-W29,AAL,AAL260918C00017000,0,skip,,vertical,-0.4545,-0.4636,0.1946
2026-07-14 16:02,2026-W29,MRTN,MRTN260821C00017500,0,skip,,down,-0.6381,-0.8048,1.0
2026-07-14 16:02,2026-W29,BABA,BABA260717C00114000,0,skip,,up,2.1117,2.1089,0.0371
2026-07-14 16:02,2026-W29,AAL,AAL261120C00020000,0,skip,,vertical,-0.4167,-0.4286,0.1946
2026-07-14 16:02,2026-W29,EQPT,EQPT260717C00017500,0,skip,,down,-0.5846,-0.7769,1.0
2026-07-14 16:02,2026-W29,XLE,XLE260918C00060000,0,skip,,vertical,0.2148,0.2111,0.0735
2026-07-14 16:02,2026-W29,GRAL,GRAL260717P00075000,0,skip,,down,-0.703,-0.7636,1.0
2026-07-14 16:12,2026-W29,PCT,PCT260814C00007000,1,skip,,down,-0.5529,-0.6461,0.5
2026-07-14 16:12,2026-W29,CSCO,CSCO260724C00118000,0,TAKE,p=0.49 [alt_catalyst.insider_10d_buy_usd- macro.sma20+ iv_term.iv_ratio-],down,-0.5563,-0.5875,0.148
2026-07-14 16:12,2026-W29,MSTR,MSTR260821P00060000,0,skip,,vertical,-0.3782,-0.4328,0.0494
2026-07-14 16:12,2026-W29,CRCL,CRCL260717P00065000,0,skip,,down,-0.5065,-0.5325,0.1171
2026-07-14 16:12,2026-W29,QQQ,QQQ260717P00700000,0,TAKE,p=0.63 [gex.zero_gamma_strike+ iv_term.iv_back+ gex.net_gex-],down,-0.6257,-0.6345,0.0195
2026-07-14 16:12,2026-W29,IWM,IWM260724C00296000,0,TAKE,p=0.43 [gex.zero_gamma_strike+ gex.net_gex- iv_term.iv_back+],down,-0.6758,-0.6826,0.0616
2026-07-14 16:12,2026-W29,SPY,SPY260715C00750000,0,TAKE,p=0.45 [gex.zero_gamma_strike+ gex.net_gex- iv_term.iv_back+],up,0.4308,0.4269,0.016
2026-07-14 16:12,2026-W29,PCT,PCT260821C00008000,0,skip,,down,-0.6167,-0.7417,0.5
2026-07-14 16:12,2026-W29,PDD,PDD260724C00085000,0,skip,,up,0.4595,0.4541,1.0
2026-07-14 16:12,2026-W29,CCL,CCL260918C00027000,0,skip,,vertical,-0.0829,-0.1077,0.3074
2026-07-14 16:12,2026-W29,NFLX,NFLX260717P00073000,0,skip,,up,1.7407,1.7352,0.0459
2026-07-14 16:12,2026-W29,NFLX,NFLX260717P00070000,0,skip,,up,0.3429,0.3357,0.0517
2026-07-14 16:12,2026-W29,EEM,EEM260930C00068000,0,skip,,down,-0.5281,-0.5516,0.2771
2026-07-14 16:12,2026-W29,AMC,AMC260821C00002000,0,skip,,down,-0.75,-0.7656,0.5
2026-07-14 16:12,2026-W29,CLF,CLF260821C00009000,0,skip,,down,-0.9073,-0.9371,0.5
2026-07-14 16:12,2026-W29,BNO,BNO260731C00050000,0,skip,,down,-0.6524,-0.7,0.5
2026-07-14 16:12,2026-W29,TLT,TLT260828C00085500,0,skip,,vertical,0.0161,-0.0,0.0291
2026-07-14 16:12,2026-W29,CMG,CMG260821C00040000,0,skip,,down,-0.5196,-0.5343,0.2423
2026-07-14 16:12,2026-W29,PG,PG260731P00145000,0,TAKE,p=0.42 [gex.distance_to_zero_gamma_pct- macro.sma20+ iv_term.iv_ratio-],down,-0.5178,-0.5521,0.5
2026-07-14 16:12,2026-W29,TQQQ,TQQQ260717P00075000,0,skip,,down,-0.5202,-0.5493,0.1453
2026-07-14 16:12,2026-W29,ATI,ATI260717C00190000,0,skip,,down,-0.705,-0.7425,0.2854
2026-07-14 16:22,2026-W29,MO,MO260814P00068000,1,TAKE,p=0.64 [iv_term.iv_back+ macro.spot- macro.sma20-],down,-0.5804,-0.7478,0.5
2026-07-14 16:22,2026-W29,IWM,IWM260720P00295000,0,TAKE,p=0.43 [gex.zero_gamma_strike+ gex.net_gex- iv_term.iv_back+],down,-0.5037,-0.5167,0.0673
2026-07-14 16:22,2026-W29,QQQ,QQQ260716C00725000,0,TAKE,p=0.63 [gex.zero_gamma_strike+ iv_term.iv_back+ gex.net_gex-],up,0.3208,0.3125,0.024
2026-07-14 16:22,2026-W29,SPY,SPY260715C00755000,0,TAKE,p=0.45 [gex.zero_gamma_strike+ gex.net_gex- iv_term.iv_back+],up,0.4237,0.4068,0.0157
2026-07-14 16:22,2026-W29,IWM,IWM260727C00300000,0,TAKE,p=0.43 [gex.zero_gamma_strike+ gex.net_gex- iv_term.iv_back+],down,-0.7134,-0.7261,0.0611
2026-07-14 16:22,2026-W29,MO,MO260821P00067500,0,TAKE,p=0.61 [iv_term.iv_back+ macro.spot- macro.sma20-],down,-0.6529,-0.6777,0.3959
2026-07-14 16:22,2026-W29,GEHC,GEHC260821C00062500,0,skip,,up,0.3519,0.3056,1.0
2026-07-14 16:22,2026-W29,U,U260821C00033000,0,skip,,vertical,-0.4,-0.4113,0.5
2026-07-14 16:22,2026-W29,UAL,UAL260724P00115000,0,skip,,down,-0.5854,-0.6411,0.2546
2026-07-14 16:22,2026-W29,ASTS,ASTS260717C00070000,0,skip,,down,-0.5551,-0.5699,0.0953
2026-07-14 16:22,2026-W29,BABA,BABA260717C00116000,0,skip,,up,2.3667,2.35,0.0371
2026-07-14 16:22,2026-W29,EWY,EWY260717P00150000,0,skip,,down,-0.64,-0.74,0.0663
2026-07-14 16:22,2026-W29,GDDY,GDDY260821C00100000,0,skip,,vertical,-0.0135,-0.0676,0.6785
2026-07-14 16:22,2026-W29,WEN,WEN270115C00008000,0,skip,,vertical,-0.1478,-0.213,1.0
2026-07-14 16:22,2026-W29,BMNR,BMNR261120C00024000,0,skip,,vertical,-0.2429,-0.2714,0.1259
2026-07-14 16:33,2026-W29,WFC,WFC260717C00085000,0,skip,,up,0.6791,0.6493,0.3471
2026-07-14 16:33,2026-W29,SPY,SPY260720P00745000,0,TAKE,p=0.45 [gex.zero_gamma_strike+ gex.net_gex- iv_term.iv_back+],down,-0.5739,-0.5783,0.013
2026-07-14 16:33,2026-W29,NBIS,NBIS260717C00222500,0,skip,,down,-0.5355,-0.6097,0.0218
2026-07-14 16:33,2026-W29,CRCL,CRCL260724C00065000,0,skip,,up,0.3879,0.3727,0.1164
2026-07-14 16:33,2026-W29,EFOR,EFOR260821P00017500,0,skip,,down,-0.7767,-0.8,1.0
2026-07-14 16:33,2026-W29,DRAM,DRAM260717P00063500,0,skip,,up,0.3123,0.3055,0.0421
2026-07-14 16:33,2026-W29,DHT,DHT260821C00020000,0,skip,,down,-0.5818,-0.6727,1.0
2026-07-14 16:33,2026-W29,ZS,ZS260821P00120000,0,skip,,vertical,-0.0172,-0.0718,0.1065
2026-07-14 16:33,2026-W29,SOXL,SOXL260717P00123000,0,skip,,down,-0.744,-0.808,0.0214
2026-07-14 16:33,2026-W29,STZ,STZ260918C00140000,0,skip,,down,-1.0,-1.0385,0.25
2026-07-14 16:33,2026-W29,EEM,EEM261016C00068000,0,skip,,down,-0.651,-0.7215,0.1677
2026-07-14 16:33,2026-W29,BTBT,BTBT270115C00001500,0,skip,,down,-0.5556,-0.5794,1.0
2026-07-14 16:42,2026-W29,B,B260814C00038000,1,skip,,down,-0.5118,-0.6216,0.4986
2026-07-14 16:42,2026-W29,NVDA,NVDA260715C00207500,0,TAKE,p=0.47 [macro.distance_to_sma20_pct- gex.net_gex+ macro.spot-],up,0.3469,0.3312,0.0233
2026-07-14 16:42,2026-W29,GOOG,GOOG260717C00355000,0,TAKE,p=0.51 [gex.zero_gamma_strike+ iv_term.iv_ratio+ gex.distance_to_zero_gamma_pct-],up,0.4384,0.4247,0.123
2026-07-14 16:42,2026-W29,CAPR,CAPR260821P00012000,0,skip,,down,-0.6103,-0.8154,0.3333
2026-07-14 16:42,2026-W29,JPM,JPM260717P00335000,0,TAKE,p=0.49 [iv_term.iv_back+ gex.zero_gamma_strike+ macro.distance_to_sma20_pct-],up,0.4593,0.4037,0.3287
2026-07-14 16:42,2026-W29,IWM,IWM260727C00299000,0,TAKE,p=0.43 [gex.zero_gamma_strike+ gex.net_gex- iv_term.iv_back+],up,0.3385,0.3282,0.0605
2026-07-14 16:42,2026-W29,AMZN,AMZN260717C00247500,0,TAKE,p=0.44 [macro.distance_to_sma20_pct- iv_term.iv_ratio- gex.net_gex+],up,0.3074,0.3019,0.0817
2026-07-14 16:42,2026-W29,FIG,FIG260821P00020000,0,skip,,down,-1.0,-1.0369,0.1792
2026-07-14 16:42,2026-W29,INTC,INTC260715C00108000,0,TAKE,p=0.50 [macro.distance_to_sma20_pct- iv_term.iv_ratio- macro.sma20+],up,0.3483,0.3315,0.1365
2026-07-14 16:42,2026-W29,B,B270115C00040000,0,skip,,vertical,-0.3475,-0.3975,0.4479
2026-07-14 16:42,2026-W29,WULF,WULF260731C00023500,0,skip,,down,-0.6667,-0.7105,0.081
2026-07-14 16:42,2026-W29,S,S260724P00020500,0,skip,,down,-1.0,-1.025,0.7652
2026-07-14 16:42,2026-W29,CVX,CVX260731C00185000,0,skip,,up,0.3147,0.3074,0.2315
2026-07-14 16:42,2026-W29,LUV,LUV260731P00047000,0,skip,,down,-0.7835,-0.799,1.0
2026-07-14 16:42,2026-W29,DIA,DIA260717C00525000,0,TAKE,p=0.42 [gex.zero_gamma_strike+ gex.net_gex+ iv_term.iv_back-],up,0.4115,0.3802,0.0988
2026-07-14 16:42,2026-W29,AFRM,AFRM260731P00080000,0,skip,,up,0.3135,0.2817,0.3935
2026-07-14 16:52,2026-W29,APLD,APLD260814C00029000,1,skip,,down,-0.5775,-0.6416,0.1928
2026-07-14 16:52,2026-W29,NVDA,NVDA260717P00210000,0,TAKE,p=0.47 [macro.distance_to_sma20_pct- gex.net_gex+ macro.spot-],up,0.3531,0.3453,0.0163
2026-07-14 16:52,2026-W29,TSLA,TSLA260715P00395000,0,TAKE,p=0.40 [iv_term.iv_ratio- gex.zero_gamma_strike- gex.distance_to_zero_gamma_pct-],down,-0.6818,-0.6894,0.0305
2026-07-14 16:52,2026-W29,SPY,SPY260715P00750000,0,TAKE,p=0.45 [gex.zero_gamma_strike+ gex.net_gex- iv_term.iv_back+],down,-0.8372,-0.8401,0.013
2026-07-14 16:52,2026-W29,SPY,SPY261218P00560000,0,TAKE,p=0.45 [gex.zero_gamma_strike+ gex.net_gex- iv_term.iv_back+],vertical,0.1383,0.1369,0.01
2026-07-14 16:52,2026-W29,NOK,NOK270617C00010000,0,skip,,vertical,-0.2701,-0.2831,0.1415
2026-07-14 16:52,2026-W29,APLD,APLD260821C00035000,0,skip,,down,-0.6011,-0.6124,0.193
2026-07-14 16:52,2026-W29,DIA,DIA260717C00526000,0,TAKE,p=0.42 [gex.zero_gamma_strike+ gex.net_gex+ iv_term.iv_back-],up,0.3803,0.3416,0.0909
2026-07-14 16:52,2026-W29,RIVN,RIVN261016C00020000,0,skip,,up,0.3252,0.319,0.2629
2026-07-14 16:52,2026-W29,ZS,ZS260821C00195000,0,skip,,down,-0.6245,-0.6469,0.1083
2026-07-14 16:52,2026-W29,INFQ,INFQ260821C00012500,0,skip,,down,-1.0,-1.0333,1.0
2026-07-14 16:52,2026-W29,CTSH,CTSH261016C00047500,0,skip,,vertical,-0.0909,-0.1439,0.4842
2026-07-14 16:52,2026-W29,BITX,BITX260717P00012500,0,skip,,down,-1.0,-1.0278,0.2508
2026-07-14 17:03,2026-W29,ETHA,ETHA260814C00014500,1,skip,,down,-1.0,-1.0853,0.1262
2026-07-14 17:03,2026-W29,NFLX,NFLX260918C00080000,0,skip,,down,-0.8348,-0.8565,0.0457
2026-07-14 17:03,2026-W29,AAPL,AAPL260720C00315000,0,TAKE,p=0.59 [gex.zero_gamma_strike+ iv_term.iv_back+ gex.distance_to_zero_gamma_pct-],up,1.1913,1.1478,0.0834
2026-07-14 17:03,2026-W29,IREN,IREN260724P00036500,0,skip,,down,-0.5111,-0.5825,0.0372
2026-07-14 17:03,2026-W29,SPY,SPY260722P00727000,0,TAKE,p=0.45 [gex.zero_gamma_strike+ gex.net_gex- iv_term.iv_back+],down,-0.5077,-0.5154,0.0129
2026-07-14 17:03,2026-W29,IWM,IWM260727P00290000,0,TAKE,p=0.43 [gex.zero_gamma_strike+ gex.net_gex- iv_term.iv_back+],up,0.3058,0.2961,0.0562
2026-07-14 17:03,2026-W29,IREN,IREN260724P00035000,0,skip,,down,-0.5067,-0.5467,0.0375
2026-07-14 17:03,2026-W29,ETHA,ETHA270115C00015000,0,skip,,vertical,-0.1268,-0.1366,0.1327
2026-07-14 17:03,2026-W29,CVS,CVS260717C00105000,0,skip,,down,-0.6931,-0.7475,0.2
2026-07-14 17:03,2026-W29,BITX,BITX260717P00014000,0,skip,,vertical,0.0629,0.044,0.3251
2026-07-14 17:03,2026-W29,GE,GE260918P00260000,0,skip,,down,-0.5159,-0.6349,0.1667
2026-07-14 17:03,2026-W29,AA,AA280121P00025000,0,skip,,vertical,-0.1172,-0.1685,0.4029
2026-07-14 17:03,2026-W29,TLT,TLT260717P00087000,0,skip,,vertical,-0.1206,-0.1223,0.0289
2026-07-14 17:03,2026-W29,GME,GME260717C00022000,0,skip,,down,-0.5306,-0.5408,0.417
2026-07-14 17:03,2026-W29,TLT,TLT260717P00085500,0,skip,,vertical,-0.3309,-0.3813,0.0289
2026-07-14 17:12,2026-W29,XLV,XLV260814C00165000,1,skip,,down,-0.7979,-1.0898,0.25
2026-07-14 17:12,2026-W29,SLV,SLV260821C00054000,0,skip,,down,-0.5139,-0.5259,0.0554
2026-07-14 17:12,2026-W29,BAC,BAC260821P00057500,0,skip,,down,-0.5692,-0.6,0.3013
2026-07-14 17:12,2026-W29,AMZN,AMZN260715P00247500,0,TAKE,p=0.44 [macro.distance_to_sma20_pct- iv_term.iv_ratio- gex.net_gex+],down,-0.8794,-0.8883,0.0772
2026-07-14 17:12,2026-W29,NVDA,NVDA260715C00210000,0,TAKE,p=0.47 [macro.distance_to_sma20_pct- gex.net_gex+ macro.spot-],down,-0.5055,-0.5236,0.0164
2026-07-14 17:12,2026-W29,MSTR,MSTR260717C00100000,0,skip,,up,0.3454,0.3273,0.0795
2026-07-14 17:12,2026-W29,SPY,SPY260715C00752000,0,TAKE,p=0.45 [gex.zero_gamma_strike+ gex.net_gex- iv_term.iv_back+],up,0.4167,0.412,0.013
2026-07-14 17:12,2026-W29,IWM,IWM260814P00284000,0,TAKE,p=0.43 [gex.zero_gamma_strike+ gex.net_gex- iv_term.iv_back+],vertical,-0.0163,-0.0244,0.0547
2026-07-14 17:12,2026-W29,SQQQ,SQQQ260731C00038000,0,skip,,up,0.3359,0.3301,0.2506
2026-07-14 17:12,2026-W29,DVN,DVN261016P00040000,0,skip,,vertical,-0.2383,-0.2513,0.1974
2026-07-14 17:12,2026-W29,CLSK,CLSK260717C00013500,0,skip,,up,0.3333,0.303,0.3333
2026-07-14 17:12,2026-W29,SFM,SFM260918C00090000,0,skip,,down,-0.5544,-0.5895,0.5
2026-07-14 17:12,2026-W29,XLV,XLV260821C00164000,0,skip,,up,0.5,0.4797,0.2551
2026-07-14 17:12,2026-W29,ETHA,ETHA270617P00015000,0,skip,,vertical,-0.093,-0.1211,0.1324
2026-07-14 17:12,2026-W29,AEHR,AEHR260724C00100000,0,skip,,up,1.5364,1.4,0.3333
2026-07-14 17:12,2026-W29,GDX,GDX260918C00080000,0,skip,,down,-0.5288,-0.563,0.0744
2026-07-14 17:12,2026-W29,EEM,EEM260717C00066000,0,skip,,down,-0.5056,-0.5337,0.1667
2026-07-14 17:12,2026-W29,DOW,DOW260821P00027500,0,skip,,vertical,-0.0933,-0.1133,0.2417
2026-07-14 17:23,2026-W29,MARA,MARA260814C00012500,1,skip,,down,-1.0,-1.068,0.3333
2026-07-14 17:23,2026-W29,NVDA,NVDA260717C00215000,0,TAKE,p=0.47 [macro.distance_to_sma20_pct- gex.net_gex+ macro.spot-],down,-0.5706,-0.5763,0.0162
2026-07-14 17:23,2026-W29,QQQ,QQQ260715C00727000,0,TAKE,p=0.63 [gex.zero_gamma_strike+ iv_term.iv_back+ gex.net_gex-],down,-0.757,-0.7664,0.0192
2026-07-14 17:23,2026-W29,NVDA,NVDA260715P00212500,0,TAKE,p=0.47 [macro.distance_to_sma20_pct- gex.net_gex+ macro.spot-],up,0.3532,0.3476,0.0162
2026-07-14 17:23,2026-W29,QQQ,QQQ260715P00703000,0,TAKE,p=0.63 [gex.zero_gamma_strike+ iv_term.iv_back+ gex.net_gex-],down,-0.875,-0.8854,0.0192
2026-07-14 17:23,2026-W29,BMNR,BMNR260717C00016000,0,skip,,up,0.4,0.3818,0.1448
2026-07-14 17:23,2026-W29,IBIT,IBIT261218P00035000,0,skip,,vertical,-0.0419,-0.0581,0.0493
2026-07-14 17:23,2026-W29,AVIR,AVIR261016C00005000,0,skip,,down,-0.7565,-0.8217,1.0
2026-07-14 17:23,2026-W29,TLT,TLT260724C00084000,0,skip,,up,0.4923,0.4846,0.0289
2026-07-14 17:23,2026-W29,ON,ON260724P00084000,0,skip,,down,-0.5123,-0.5739,0.1148
2026-07-14 17:23,2026-W29,TTWO,TTWO260918C00310000,0,skip,,down,-0.5229,-0.5657,0.2479
2026-07-14 17:23,2026-W29,FLNC,FLNC260717C00016000,0,skip,,down,-0.8,-0.9538,1.0
2026-07-14 17:23,2026-W29,MARA,MARA260918C00015000,0,skip,,vertical,-0.3736,-0.4011,0.2873
2026-07-14 17:23,2026-W29,IREN,IREN260717C00041000,0,skip,,up,0.3175,0.3095,0.0385
2026-07-14 17:23,2026-W29,POET,POET270115P00007000,0,skip,,vertical,0.1272,0.0983,0.5
2026-07-14 17:23,2026-W29,XLF,XLF261016P00055000,0,skip,,vertical,-0.0556,-0.0635,0.1628
2026-07-14 17:23,2026-W29,KRE,KRE260731C00077000,0,skip,,up,0.3294,0.3059,0.1434
2026-07-14 17:23,2026-W29,JBHT,JBHT260717C00300000,0,skip,,down,-0.6037,-0.7889,0.5
2026-07-14 17:32,2026-W29,XLF,XLF260814P00054000,1,skip,,down,-0.7391,-0.8185,0.2
2026-07-14 17:32,2026-W29,MSFT,MSFT260715P00387500,0,TAKE,p=0.42 [gex.zero_gamma_strike- macro.sma20- iv_term.iv_ratio-],down,-0.696,-0.7427,0.0298
2026-07-14 17:32,2026-W29,ADBE,ADBE260717C00227500,0,skip,,up,0.3966,0.3599,0.3333
2026-07-14 17:32,2026-W29,TLT,TLT280121C00088000,0,skip,,vertical,0.0184,0.011,0.0287
2026-07-14 17:32,2026-W29,XLF,XLF261016P00054000,0,skip,,vertical,-0.0909,-0.1111,0.1625
2026-07-14 17:32,2026-W29,KO,KO260807C00085000,0,skip,,down,-0.9927,-1.0255,0.2984
2026-07-14 17:32,2026-W29,CRCL,CRCL260717C00063000,0,skip,,up,0.3839,0.3661,0.1123
2026-07-14 17:32,2026-W29,ETHA,ETHA260821C00015000,0,skip,,up,0.3091,0.3,0.1252
2026-07-14 17:32,2026-W29,QTTB,QTTB260717P00020000,0,skip,,up,0.3357,0.2821,1.0
2026-07-14 17:32,2026-W29,SPG,SPG260918P00195000,0,skip,,down,-0.8512,-0.9209,1.0
2026-07-14 17:32,2026-W29,SOXL,SOXL260717P00115000,0,skip,,up,0.5455,0.5,0.0216
2026-07-14 17:32,2026-W29,RIVN,RIVN260717C00016000,0,skip,,up,0.3028,0.2844,0.1953
2026-07-14 17:32,2026-W29,CRSP,CRSP260918C00060000,0,skip,,down,-0.7825,-0.8439,0.3422
2026-07-14 17:32,2026-W29,NVTS,NVTS260724C00013000,0,skip,,down,-0.5052,-0.5258,0.6546
2026-07-14 17:41,2026-W29,WFC,WFC260814C00089000,1,skip,,down,-0.6462,-0.7974,0.3333
2026-07-14 17:41,2026-W29,DVN,DVN260821C00045000,0,skip,,down,-0.9799,-0.9899,0.1715
2026-07-14 17:41,2026-W29,SOFI,SOFI260918C00022000,0,skip,,down,-0.5146,-0.5243,0.0869
2026-07-14 17:41,2026-W29,JPM,JPM260717C00340000,0,TAKE,p=0.49 [iv_term.iv_back+ gex.zero_gamma_strike+ macro.distance_to_sma20_pct-],up,0.3094,0.2703,0.3296
2026-07-14 17:41,2026-W29,BULL,BULL270115C00012500,0,skip,,vertical,-0.2368,-0.2895,0.2741
2026-07-14 17:41,2026-W29,UAL,UAL260731C00130000,0,skip,,down,-0.8764,-0.9273,0.25
2026-07-14 17:41,2026-W29,NOW,NOW260717C00106000,0,TAKE,p=0.58 [alt_catalyst.reddit_mention_delta_pct+ iv_term.iv_ratio- gex.distance_to_zero_gamma_pct-],down,-0.5034,-0.5207,0.1258
2026-07-14 17:41,2026-W29,CVX,CVX260731C00187500,0,skip,,up,0.3252,0.3008,0.2291
2026-07-14 17:41,2026-W29,SMH,SMH260717P00550000,0,skip,,down,-0.5612,-0.6224,0.0241
2026-07-14 17:41,2026-W29,USO,USO260918P00090000,0,skip,,down,-0.5676,-0.6284,0.0718
2026-07-14 17:41,2026-W29,SGRY,SGRY260821C00015000,0,skip,,down,-0.503,-0.7303,1.0
2026-07-14 17:41,2026-W29,CNC,CNC261016P00050000,0,skip,,down,-0.6869,-0.8586,0.2118
2026-07-14 17:41,2026-W29,XYZ,XYZ260821P00060000,0,skip,,down,-0.551,-0.6429,0.5
2026-07-14 17:41,2026-W29,SNAP,SNAP280121C00005000,0,skip,,vertical,-0.097,-0.1121,0.8322
2026-07-14 17:52,2026-W29,NOK,NOK260814P00011000,1,skip,,down,-0.5214,-0.5277,0.1034
2026-07-14 17:52,2026-W29,HON,HON261016P00190000,0,skip,,down,-0.545,-0.595,0.2041
2026-07-14 17:52,2026-W29,NOK,NOK260731P00010000,0,skip,,up,0.4667,0.4,0.1112
2026-07-14 17:52,2026-W29,ORCL,ORCL260918C00200000,0,TAKE,p=0.40 [gex.net_gex- macro.distance_to_sma20_pct- alt_catalyst.reddit_mention_delta_pct+],vertical,-0.22,-0.235,0.0256
2026-07-14 17:52,2026-W29,LESL,LESL270219P00002500,0,skip,,down,-0.6308,-0.7462,1.0
2026-07-14 17:52,2026-W29,PENG,PENG260717C00075000,0,skip,,up,0.5634,0.4537,0.1273
2026-07-14 17:52,2026-W29,LCID,LCID260821P00002000,0,skip,,down,-0.7385,-0.8923,0.2863
2026-07-14 17:52,2026-W29,APLD,APLD260918C00050000,0,skip,,down,-0.5647,-0.6529,0.1866
2026-07-14 17:52,2026-W29,GDX,GDX260918C00085000,0,skip,,down,-0.5895,-0.6288,0.0737
2026-07-14 17:52,2026-W29,CRWV,CRWV260814C00100000,0,TAKE,p=0.43 [gex.distance_to_zero_gamma_pct- macro.spot- macro.sma20-],down,-0.5333,-0.5768,0.039
2026-07-14 17:52,2026-W29,TENB,TENB260821P00033000,0,skip,,down,-0.9625,-0.9938,1.0
2026-07-14 17:52,2026-W29,RIVN,RIVN260724C00017000,0,skip,,up,0.3182,0.2879,0.1655
2026-07-14 18:02,2026-W29,LCID,LCID1260821P00003000,1,skip,,up,0.7953,0.6897,0.2
2026-07-14 18:02,2026-W29,HOOD,HOOD260724C00117000,0,TAKE,p=0.41 [macro.sma20+ gex.net_gex+ macro.spot-],up,0.3118,0.2971,0.0935
2026-07-14 18:02,2026-W29,IGV,IGV260821C00103000,0,skip,,down,-0.8071,-0.8429,0.3349
2026-07-14 18:02,2026-W29,QQQ,QQQ260717P00710000,0,TAKE,p=0.63 [gex.zero_gamma_strike+ iv_term.iv_back+ gex.net_gex-],up,0.3504,0.3467,0.0192
2026-07-14 18:02,2026-W29,IBIT,IBIT260821P00038000,0,skip,,vertical,-0.0165,-0.0227,0.0491
2026-07-14 18:02,2026-W29,LCID,LCID270115P00003000,0,skip,,down,-0.6458,-0.75,0.3306
2026-07-14 18:02,2026-W29,SPY,SPY270115P00550000,0,TAKE,p=0.45 [gex.zero_gamma_strike+ gex.net_gex- iv_term.iv_back+],vertical,0.133,0.1317,0.01
2026-07-14 18:02,2026-W29,PLTR,PLTR260717C00135000,0,TAKE,p=0.50 [gex.zero_gamma_strike- gex.distance_to_zero_gamma_pct- alt_catalyst.reddit_mention_delta_pct+],down,-0.5121,-0.5273,0.0405
2026-07-14 18:02,2026-W29,LCID,LCID261218P00003000,0,skip,,down,-0.5202,-0.6156,0.2708
2026-07-14 18:02,2026-W29,ETSY,ETSY260731C00088000,0,skip,,up,0.4254,0.4095,0.9892
2026-07-14 18:02,2026-W29,MSTR,MSTR260717C00098000,0,skip,,down,-0.6355,-0.6597,0.0566
2026-07-14 18:02,2026-W29,LCID,LCID260717C00003000,0,skip,,up,2.36,2.35,0.2353
2026-07-14 18:02,2026-W29,CMG,CMG260724P00037500,0,skip,,up,0.4,0.3615,0.24
2026-07-14 18:02,2026-W29,GDX,GDX270319P00050000,0,skip,,vertical,-0.0781,-0.2617,0.0737
2026-07-14 18:02,2026-W29,CVLT,CVLT260717P00150000,0,skip,,down,-0.5059,-0.5868,0.3333
2026-07-14 18:02,2026-W29,RIVN,RIVN260821C00018000,0,skip,,up,0.3729,0.3475,0.2442
2026-07-14 18:12,2026-W29,FIG,FIG260828C00025500,1,TAKE,p=0.41 [macro.sma20- gex.zero_gamma_strike- gex.net_gex+],down,-0.5235,-0.6299,0.1691
2026-07-14 18:12,2026-W29,KTOS,KTOS260821C00060000,0,skip,,down,-0.5209,-0.5558,0.5016
2026-07-14 18:12,2026-W29,SPY,SPY260721C00757000,0,TAKE,p=0.45 [gex.zero_gamma_strike+ gex.net_gex- iv_term.iv_back+],down,-0.5083,-0.5125,0.0112
2026-07-14 18:12,2026-W29,PBF,PBF260918C00075000,0,skip,,vertical,-0.007,-0.1386,1.0
2026-07-14 18:12,2026-W29,KTOS,KTOS260821C00070000,0,skip,,down,-0.5529,-0.6118,0.5
2026-07-14 18:12,2026-W29,UNH,UNH260724P00375000,0,skip,,down,-0.9721,-1.014,0.044
2026-07-14 18:12,2026-W29,MRVL,MRVL260717P00210000,0,TAKE,p=0.43 [gex.zero_gamma_strike+ gex.net_gex+ macro.distance_to_sma20_pct-],up,0.5155,0.4803,0.077
2026-07-14 18:12,2026-W29,TLT,TLT280121C00115000,0,skip,,vertical,0.1111,0.0111,0.0286
2026-07-14 18:12,2026-W29,FIG,FIG260724C00028000,0,skip,,down,-0.5072,-0.5507,0.1712
2026-07-14 18:12,2026-W29,ACHR,ACHR280121C00005000,0,skip,,vertical,-0.1442,-0.1563,1.0
2026-07-14 18:12,2026-W29,XYZ,XYZ260731P00079000,0,skip,,up,0.48,0.4467,0.2563
2026-07-14 18:12,2026-W29,PYPL,PYPL260717C00047500,0,skip,,up,10.4194,10.3871,0.1429
2026-07-14 18:12,2026-W29,RGTI,RGTI260724C00016500,0,skip,,down,-0.5059,-0.5176,0.1287
2026-07-14 18:12,2026-W29,CCL,CCL260918P00023000,0,skip,,down,-0.8286,-0.8714,0.3333
2026-07-14 18:12,2026-W29,XLK,XLK260724P00178000,0,skip,,up,0.33,0.305,0.3232
2026-07-14 18:12,2026-W29,PRCT,PRCT270115C00022500,0,skip,,down,-0.5051,-0.7808,1.0
2026-07-14 18:12,2026-W29,XPEV,XPEV260918C00012000,0,skip,,vertical,-0.0264,-0.0529,0.3764
2026-07-14 18:12,2026-W29,FLEX,FLEX260717P00120000,0,skip,,down,-0.5579,-0.5842,0.5
2026-07-14 18:12,2026-W29,NBIS,NBIS260821P00190000,0,skip,,up,0.3291,0.3094,0.0198
2026-07-14 18:22,2026-W29,ONDS,ONDS260814C00007500,1,skip,,down,-0.5195,-0.5386,0.3367
2026-07-14 18:22,2026-W29,NOK,NOK260821C00012000,0,skip,,down,-0.5051,-0.5152,0.1278
2026-07-14 18:22,2026-W29,WFC,WFC260717P00085000,0,skip,,down,-0.8448,-0.9353,0.3333
2026-07-14 18:22,2026-W29,QQQ,QQQ260717P00713000,0,TAKE,p=0.63 [gex.zero_gamma_strike+ iv_term.iv_back+ gex.net_gex-],up,0.4591,0.4575,0.0191
2026-07-14 18:22,2026-W29,ONDS,ONDS270115C00012000,0,skip,,vertical,-0.37,-0.405,0.3395
2026-07-14 18:22,2026-W29,SPY,SPY260720P00752000,0,TAKE,p=0.45 [gex.zero_gamma_strike+ gex.net_gex- iv_term.iv_back+],up,0.3287,0.3273,0.011
2026-07-14 18:22,2026-W29,QCOM,QCOM260717C00190000,0,skip,,down,-0.538,-0.557,0.0719
2026-07-14 18:22,2026-W29,XPEV,XPEV261016P00014000,0,skip,,vertical,-0.0539,-0.0686,0.375
2026-07-14 18:22,2026-W29,IREN,IREN260821C00055000,0,skip,,down,-0.5936,-0.623,0.0355
2026-07-14 18:22,2026-W29,FAS,FAS260717C00167910,0,skip,,up,0.3361,0.1278,0.5
2026-07-14 18:22,2026-W29,KHC,KHC261016C00025000,0,skip,,up,0.3264,0.3194,1.0
2026-07-14 18:22,2026-W29,TLT,TLT260731C00085000,0,skip,,down,-0.5122,-0.5244,0.0302
2026-07-14 18:22,2026-W29,TQQQ,TQQQ260717P00074000,0,skip,,up,0.4385,0.4231,0.1437
2026-07-14 18:32,2026-W29,CLSK,CLSK260814C00014000,1,skip,,down,-0.7066,-0.8887,0.2601
2026-07-14 18:32,2026-W29,DRAM,DRAM260918P00030000,0,skip,,down,-0.5893,-0.6786,0.0415
2026-07-14 18:32,2026-W29,NFLX,NFLX270115C00099000,0,skip,,down,-0.9891,-1.0255,0.0454
2026-07-14 18:32,2026-W29,DELL,DELL260717C00500000,0,skip,,down,-0.7075,-0.7431,0.1111
2026-07-14 18:32,2026-W29,CLSK,CLSK260717C00012500,0,skip,,up,0.3692,0.35,0.2017
2026-07-14 18:32,2026-W29,IGV,IGV260717P00095000,0,skip,,down,-0.5105,-0.5237,0.3371
2026-07-14 18:32,2026-W29,SOXL,SOXL260717P00141000,0,skip,,down,-0.7277,-0.7872,0.021
2026-07-14 18:32,2026-W29,OPEN,OPEN260821C00005000,0,skip,,up,0.425,0.4125,0.999
2026-07-14 18:32,2026-W29,REPL,REPL260814C00009000,0,skip,,down,-0.5237,-0.7441,0.5
2026-07-14 18:32,2026-W29,TLT,TLT260821P00086000,0,skip,,vertical,-0.1295,-0.1384,0.0286
2026-07-14 18:32,2026-W29,GFS,GFS260821P00045000,0,skip,,down,-0.9727,-1.0409,0.2891
2026-07-14 18:42,2026-W29,SLS,SLS260814P00013000,1,skip,,down,-0.6937,-0.8918,0.5
2026-07-14 18:42,2026-W29,NVDA,NVDA260807C00240000,0,TAKE,p=0.47 [macro.distance_to_sma20_pct- gex.net_gex+ macro.spot-],down,-0.5038,-0.5229,0.0139
2026-07-14 18:42,2026-W29,NVDA,NVDA260814C00230000,0,TAKE,p=0.47 [macro.distance_to_sma20_pct- gex.net_gex+ macro.spot-],down,-0.5605,-0.5737,0.0124
2026-07-14 18:42,2026-W29,SPY,SPY260715P00747000,0,TAKE,p=0.45 [gex.zero_gamma_strike+ gex.net_gex- iv_term.iv_back+],down,-0.8448,-0.8534,0.0128
2026-07-14 18:42,2026-W29,IWM,IWM260724P00290000,0,TAKE,p=0.43 [gex.zero_gamma_strike+ gex.net_gex- iv_term.iv_back+],down,-0.5027,-0.5137,0.0585
2026-07-14 18:42,2026-W29,NVDA,NVDA260724C00220000,0,TAKE,p=0.47 [macro.distance_to_sma20_pct- gex.net_gex+ macro.spot-],down,-0.5581,-0.5655,0.0159
2026-07-14 18:42,2026-W29,AIQ,AIQ260821C00066000,0,skip,,down,-0.9111,-0.9481,1.0
2026-07-14 18:42,2026-W29,WULF,WULF261218C00024000,0,skip,,vertical,-0.3455,-0.3844,0.0977
2026-07-14 18:42,2026-W29,SLS,SLS260724P00012000,0,skip,,down,-0.6,-0.6476,0.5
2026-07-14 18:42,2026-W29,TGT,TGT260821P00125000,0,skip,,down,-0.5342,-0.5737,0.2513
2026-07-14 18:42,2026-W29,IRM,IRM260821P00105000,0,skip,,down,-1.0,-1.1346,1.0
2026-07-14 18:42,2026-W29,RIVN,RIVN260717C00016500,0,skip,,up,0.3407,0.3132,0.247
2026-07-14 18:42,2026-W29,C,C260821C00140000,0,skip,,down,-0.5361,-0.5456,0.1288
2026-07-14 18:42,2026-W29,LYFT,LYFT261218C00018000,0,skip,,vertical,-0.125,-0.1281,1.0
2026-07-14 18:42,2026-W29,AGNC,AGNC270115P00010000,0,skip,,vertical,-0.0811,-0.1081,0.5288
2026-07-14 18:42,2026-W29,CAPR,CAPR260821P00011000,0,skip,,down,-0.8,-0.8809,0.25
2026-07-14 18:52,2026-W29,LCID,LCID1260821C00004500,1,skip,,down,-1.0,-2.0,0.25
2026-07-14 18:52,2026-W29,IWM,IWM260821P00282000,0,TAKE,p=0.43 [gex.zero_gamma_strike+ gex.net_gex- iv_term.iv_back+],vertical,0.0224,0.0176,0.0537
2026-07-14 18:52,2026-W29,IWM,IWM260918P00273000,0,TAKE,p=0.43 [gex.zero_gamma_strike+ gex.net_gex- iv_term.iv_back+],vertical,-0.0088,-0.0146,0.0537
2026-07-14 18:52,2026-W29,KRE,KRE260821C00075000,0,skip,,up,0.4015,0.3629,0.1336
2026-07-14 18:52,2026-W29,QQQ,QQQ260717C00730000,0,TAKE,p=0.63 [gex.zero_gamma_strike+ iv_term.iv_back+ gex.net_gex-],down,-0.5352,-0.5399,0.019
2026-07-14 18:52,2026-W29,GOOGL,GOOGL260717C00370000,0,TAKE,p=0.52 [gex.zero_gamma_strike+ iv_term.iv_ratio+ gex.distance_to_zero_gamma_pct-],down,-0.53,-0.56,0.0671
2026-07-14 18:52,2026-W29,LCID,LCID261120C00005000,0,skip,,up,0.4636,0.3955,0.336
2026-07-14 18:52,2026-W29,NTSK,NTSK260717P00015000,0,skip,,down,-0.6692,-0.7846,1.0
2026-07-14 18:52,2026-W29,MCHP,MCHP260807C00100000,0,skip,,down,-0.5433,-0.6517,0.4187
2026-07-14 18:52,2026-W29,ESTC,ESTC260821P00055000,0,skip,,down,-0.8,-0.8833,1.0
2026-07-14 19:02,2026-W29,SVIX,SVIX260814P00023500,1,skip,,down,-0.8258,-1.6128,0.5
2026-07-14 19:02,2026-W29,GOOGL,GOOGL260717C00360000,0,TAKE,p=0.52 [gex.zero_gamma_strike+ iv_term.iv_ratio+ gex.distance_to_zero_gamma_pct-],up,0.5425,0.53,0.067
2026-07-14 19:02,2026-W29,MSFT,MSFT260715C00385000,0,TAKE,p=0.42 [gex.zero_gamma_strike- macro.sma20- iv_term.iv_ratio-],up,0.4806,0.4657,0.0294
2026-07-14 19:02,2026-W29,MO,MO260918C00072500,0,TAKE,p=0.61 [iv_term.iv_back+ macro.spot- macro.sma20-],up,0.338,0.3194,0.4255
2026-07-14 19:02,2026-W29,IWM,IWM260724C00297000,0,TAKE,p=0.43 [gex.zero_gamma_strike+ gex.net_gex- iv_term.iv_back+],up,0.3468,0.3378,0.063
2026-07-14 19:02,2026-W29,HIMS,HIMS260724P00033000,0,skip,,down,-0.5196,-0.5363,0.1695
2026-07-14 19:02,2026-W29,CRCL,CRCL260717C00065000,0,skip,,up,0.3819,0.3507,0.1111
2026-07-14 19:02,2026-W29,SVIX,SVIX260918P00022000,0,skip,,down,-0.9257,-1.0257,0.9944
2026-07-14 19:02,2026-W29,SBUX,SBUX260724C00105000,0,skip,,down,-0.6295,-0.6426,1.0
2026-07-14 19:02,2026-W29,PLTR,PLTR260717C00136000,0,TAKE,p=0.50 [gex.zero_gamma_strike- gex.distance_to_zero_gamma_pct- alt_catalyst.reddit_mention_delta_pct+],down,-0.51,-0.5201,0.0392
2026-07-14 19:02,2026-W29,CSCO,CSCO260918C00150000,0,TAKE,p=0.49 [alt_catalyst.insider_10d_buy_usd- macro.sma20+ iv_term.iv_ratio-],down,-0.5,-0.529,0.1463
2026-07-14 19:02,2026-W29,CALX,CALX260821C00045000,0,skip,,down,-1.0,-1.0926,1.0
2026-07-14 19:02,2026-W29,LCID,LCID260918C00004000,0,skip,,up,0.3029,0.1343,0.586
2026-07-14 19:02,2026-W29,BMNR,BMNR270219C00020000,0,skip,,vertical,-0.2636,-0.3015,0.1239
2026-07-14 19:02,2026-W29,PSKY,PSKY261218C00011000,0,skip,,down,-0.5408,-0.6735,1.0
2026-07-14 19:12,2026-W29,WULF,WULF260814C00020000,1,TAKE,p=0.43 [macro.distance_to_sma20_pct- gex.net_gex+ macro.sma20-],down,-0.6189,-0.6625,0.081
2026-07-14 19:12,2026-W29,CLSK,CLSK280121C00035000,0,skip,,vertical,-0.2281,-0.3,0.2771
2026-07-14 19:12,2026-W29,DVN,DVN260717C00043500,0,skip,,down,-0.5536,-0.6071,0.1667
2026-07-14 19:12,2026-W29,SLV,SLV261016C00082000,0,skip,,vertical,-0.3725,-0.4118,0.0548
2026-07-14 19:12,2026-W29,JPM,JPM260717P00342500,0,TAKE,p=0.49 [iv_term.iv_back+ gex.zero_gamma_strike+ macro.distance_to_sma20_pct-],down,-0.8588,-0.8882,0.3333
2026-07-14 19:12,2026-W29,TLT,TLT260724C00084500,0,skip,,down,-0.5682,-0.5795,0.0301
2026-07-14 19:12,2026-W29,TLT,TLT280121C00089000,0,skip,,vertical,-0.0124,-0.0249,0.0285
2026-07-14 19:12,2026-W29,QQQ,QQQ260715C00722000,0,TAKE,p=0.63 [gex.zero_gamma_strike+ iv_term.iv_back+ gex.net_gex-],up,0.4016,0.3955,0.0189
2026-07-14 19:12,2026-W29,PZZA,PZZA260717P00035000,0,skip,,down,-0.7106,-0.7745,0.5
2026-07-14 19:12,2026-W29,QQQ,QQQ260717C00735000,0,TAKE,p=0.63 [gex.zero_gamma_strike+ iv_term.iv_back+ gex.net_gex-],up,0.314,0.3081,0.0189
2026-07-14 19:12,2026-W29,GOOGL,GOOGL260720P00352500,0,TAKE,p=0.52 [gex.zero_gamma_strike+ iv_term.iv_ratio+ gex.distance_to_zero_gamma_pct-],down,-0.5394,-0.563,0.0669
2026-07-14 19:12,2026-W29,HOOD,HOOD260717C00115000,0,TAKE,p=0.41 [macro.sma20+ gex.net_gex+ macro.spot-],up,0.5657,0.5556,0.0912
2026-07-14 19:12,2026-W29,GIS,GIS260918C00040000,0,skip,,up,0.5889,0.4778,1.0
2026-07-14 19:12,2026-W29,CNXC,CNXC261218P00020000,0,skip,,down,-0.5419,-0.5581,0.3333
2026-07-14 19:12,2026-W29,XLV,XLV260821P00153000,0,skip,,down,-0.5081,-0.5323,0.25
2026-07-14 19:12,2026-W29,UTI,UTI260717C00045000,0,skip,,down,-0.9061,-0.9673,1.0
2026-07-14 19:12,2026-W29,WULF,WULF260717C00019000,0,skip,,up,0.4167,0.4063,0.079
2026-07-14 19:12,2026-W29,SNXX,SNXX260717C00023750,0,skip,,down,-0.5087,-0.6174,0.5
2026-07-14 19:12,2026-W29,TLT,TLT260821C00084000,0,skip,,vertical,0.0513,0.047,0.0285
2026-07-14 19:22,2026-W29,KWEB,KWEB260814P00025000,1,skip,,down,-0.5596,-0.6883,0.3333
2026-07-14 19:22,2026-W29,GDX,GDX260821P00070000,0,skip,,up,0.3014,0.2703,0.0801
2026-07-14 19:22,2026-W29,INTC,INTC260724P00095000,0,TAKE,p=0.50 [macro.distance_to_sma20_pct- iv_term.iv_ratio- macro.sma20+],up,0.3871,0.3597,0.0998
2026-07-14 19:22,2026-W29,INTC,INTC260724C00130000,0,TAKE,p=0.50 [macro.distance_to_sma20_pct- iv_term.iv_ratio- macro.sma20+],down,-0.5234,-0.5362,0.1002
2026-07-14 19:22,2026-W29,CVNA,CVNA260918C00095000,0,TAKE,p=0.56 [gex.net_gex- macro.distance_to_sma20_pct+ macro.spot-],vertical,-0.3496,-0.3827,0.3061
2026-07-14 19:22,2026-W29,HIMS,HIMS260724C00035000,0,skip,,up,0.3243,0.305,0.1667
2026-07-14 19:22,2026-W29,FWONK,FWONK260821C00105000,0,TAKE,p=0.40 [alt_catalyst.reddit_mention_delta_pct+ macro.spot- macro.sma20-],down,-0.7,-0.7556,1.0
2026-07-14 19:22,2026-W29,IGV,IGV261218P00080000,0,skip,,vertical,-0.1404,-0.1579,0.2038
2026-07-14 19:22,2026-W29,KWEB,KWEB260918P00026000,0,skip,,vertical,-0.203,-0.2218,0.2249
2026-07-14 19:22,2026-W29,QQQ,QQQ261016P00685000,0,TAKE,p=0.63 [gex.zero_gamma_strike+ iv_term.iv_back+ gex.net_gex-],up,0.4597,0.4553,0.0157
2026-07-14 19:22,2026-W29,ORCL,ORCL261218P00130000,0,TAKE,p=0.40 [gex.net_gex- macro.distance_to_sma20_pct- alt_catalyst.reddit_mention_delta_pct+],vertical,0.0104,0.0047,0.0254
2026-07-14 19:22,2026-W29,SMH,SMH260807P00530000,0,skip,,up,0.3471,0.3224,0.024
2026-07-14 19:22,2026-W29,SMH,SMH260918P00600000,0,skip,,up,0.3265,0.3174,0.0226
2026-07-14 19:22,2026-W29,MTB,MTB260821C00240000,0,skip,,up,0.3,0.245,1.0
2026-07-14 19:32,2026-W29,HYG,HYG260814P00076500,1,skip,,down,-0.8936,-1.6079,0.3333
2026-07-14 19:32,2026-W29,NVDA,NVDA260731C00225000,0,TAKE,p=0.47 [macro.distance_to_sma20_pct- gex.net_gex+ macro.spot-],down,-0.6226,-0.6265,0.0123
2026-07-14 19:32,2026-W29,HYG,HYG270617P00075000,0,skip,,down,-1.0,-1.1503,0.4981
2026-07-14 19:32,2026-W29,IWM,IWM260717P00293000,0,TAKE,p=0.43 [gex.zero_gamma_strike+ gex.net_gex- iv_term.iv_back+],down,-0.5564,-0.5677,0.0626
2026-07-14 19:32,2026-W29,AMZN,AMZN261120P00185000,0,TAKE,p=0.44 [macro.distance_to_sma20_pct- iv_term.iv_ratio- gex.net_gex+],vertical,-0.0645,-0.0806,0.0642
2026-07-14 19:32,2026-W29,MU,MU260717P00830000,0,TAKE,p=0.48 [gex.net_gex- gex.distance_to_zero_gamma_pct- gex.zero_gamma_strike-],down,-0.5672,-0.5918,0.0164
2026-07-14 19:32,2026-W29,IWM,IWM260724C00298000,0,TAKE,p=0.43 [gex.zero_gamma_strike+ gex.net_gex- iv_term.iv_back+],up,0.3018,0.2899,0.0626
2026-07-14 19:32,2026-W29,XLP,XLP260814C00081000,0,skip,,up,0.3043,0.2609,0.791
2026-07-14 19:32,2026-W29,CBRE,CBRE260821P00120000,0,skip,,down,-0.5381,-0.6571,0.5
2026-07-14 19:32,2026-W29,CRWD,CRWD260821C00300000,0,skip,,down,-0.8267,-0.8533,0.0793
2026-07-14 19:32,2026-W29,QCOM,QCOM260717P00175000,0,skip,,up,0.4932,0.4384,0.0669
2026-07-14 19:32,2026-W29,GS,GS260717C01200000,0,skip,,down,-0.5207,-0.6183,0.0763
2026-07-14 19:32,2026-W29,WYFI,WYFI260821P00022500,0,skip,,up,0.3086,0.2943,0.4386
2026-07-14 19:32,2026-W29,IONQ,IONQ260821P00035000,0,skip,,up,0.3119,0.3051,0.1714
2026-07-14 19:32,2026-W29,NBIS,NBIS260717C00220000,0,skip,,down,-0.5723,-0.6031,0.0188
2026-07-14 19:32,2026-W29,FIG,FIG260724C00026500,0,skip,,down,-0.6111,-0.662,0.1429
2026-07-14 19:41,2026-W29,PTON,PTON260814C00006500,1,skip,,down,-0.6154,-0.8006,0.5
2026-07-14 19:41,2026-W29,PTON,PTON270617C00010000,0,skip,,vertical,-0.4057,-0.5094,0.8769
2026-07-14 19:41,2026-W29,SMH,SMH260717P00520000,0,skip,,down,-0.76,-0.8333,0.0238
2026-07-14 19:41,2026-W29,AEO,AEO260724C00015500,0,skip,,down,-0.5938,-0.6354,1.0
2026-07-14 19:41,2026-W29,JD,JD260717C00028000,0,skip,,up,0.4464,0.3795,0.2512
2026-07-14 19:41,2026-W29,ASTS,ASTS260717P00065000,0,skip,,up,0.4444,0.4141,0.092
2026-07-14 19:41,2026-W29,IREN,IREN260918C00100000,0,skip,,down,-0.5,-0.5706,0.037
2026-07-14 19:41,2026-W29,XLU,XLU261218P00042500,0,skip,,vertical,-0.1519,-0.1835,0.7894
2026-07-14 19:41,2026-W29,JD,JD260717C00029000,0,skip,,up,0.5263,0.4474,0.25
2026-07-14 19:41,2026-W29,JD,JD260717C00028500,0,skip,,up,0.5224,0.4701,0.2546
2026-07-14 19:41,2026-W29,UNG,UNG260918C00010000,0,skip,,vertical,-0.0943,-0.1179,0.5
2026-07-14 19:41,2026-W29,NBIS,NBIS260717P00177500,0,skip,,down,-0.6344,-0.65,0.0183
2026-07-14 19:52,2026-W29,DRAM,DRAM260717C00060000,0,skip,,down,-0.576,-0.5919,0.0416
2026-07-14 19:52,2026-W29,QQQ,QQQ260715P00713000,0,TAKE,p=0.63 [gex.zero_gamma_strike+ iv_term.iv_back+ gex.net_gex-],down,-0.7969,-0.8008,0.0189
2026-07-14 19:52,2026-W29,FLR,FLR260717C00047500,0,skip,,down,-0.9455,-0.9606,0.25
2026-07-14 19:52,2026-W29,PLTR,PLTR260821C00160000,0,TAKE,p=0.50 [gex.zero_gamma_strike- gex.distance_to_zero_gamma_pct- alt_catalyst.reddit_mention_delta_pct+],vertical,-0.2429,-0.2643,0.0325
2026-07-14 19:52,2026-W29,AAL,AAL260918P00017000,0,skip,,vertical,0.202,0.1527,0.1944
2026-07-14 19:52,2026-W29,APLD,APLD260717C00029000,0,skip,,down,-0.5125,-0.5312,0.1667
2026-07-14 19:52,2026-W29,EXR,EXR260821P00135000,0,skip,,down,-1.0,-1.15,1.0
2026-07-14 19:52,2026-W29,WULF,WULF260821P00019000,0,skip,,up,0.4139,0.4119,0.096
2026-07-14 19:52,2026-W29,AAL,AAL260807C00016000,0,skip,,down,-0.5176,-0.5412,0.1665
2026-07-14 19:52,2026-W29,RKT,RKT261218C00015000,0,skip,,vertical,-0.0575,-0.0796,0.4696
2026-07-14 19:52,2026-W29,FLR,FLR260821C00047500,0,skip,,down,-0.5508,-0.5593,0.25
2026-07-15 13:35,2026-W29,BABA,BABA260717C00116000,0,skip,,down,-0.9718,-1.0188,0.0538
2026-07-15 13:35,2026-W29,C,C260717P00136000,0,skip,,down,-0.5132,-0.5329,0.1258
2026-07-15 13:35,2026-W29,PYPL,PYPL260717C00050000,0,skip,,up,0.305,0.28,0.247
2026-07-15 13:35,2026-W29,NVDA,NVDA260715C00210000,0,TAKE,p=0.58 [gex.distance_to_zero_gamma_pct- macro.distance_to_sma20_pct- gex.net_gex+],down,-0.6373,-0.6573,0.0144
2026-07-15 13:35,2026-W29,ORCL,ORCL260717C00132000,0,TAKE,p=0.40 [gex.net_gex- macro.sma20+ macro.spot-],down,-0.786,-0.8123,0.0252
2026-07-15 13:35,2026-W29,SKHY,SKHY260717P00160000,0,skip,,up,0.5736,0.5359,0.0971
2026-07-15 13:35,2026-W29,PATH,PATH261218C00017000,0,skip,,vertical,0.0,-0.0273,0.1836
2026-07-15 13:35,2026-W29,TSLA,TSLA260715C00405000,0,skip,,down,-0.616,-0.638,0.0265
2026-07-15 13:35,2026-W29,C,C260717C00132000,0,skip,,up,0.4686,0.4498,0.1258
2026-07-15 13:35,2026-W29,NVDA,NVDA260717C00215000,0,TAKE,p=0.58 [gex.distance_to_zero_gamma_pct- macro.distance_to_sma20_pct- gex.net_gex+],down,-0.5064,-0.5085,0.0144
2026-07-15 13:35,2026-W29,NVDA,NVDA260717C00217500,0,TAKE,p=0.58 [gex.distance_to_zero_gamma_pct- macro.distance_to_sma20_pct- gex.net_gex+],down,-0.5468,-0.5612,0.0144
2026-07-15 13:35,2026-W29,C,C260717C00134000,0,skip,,up,0.4722,0.4618,0.1258
2026-07-15 13:35,2026-W29,LCID,LCID260717C00004500,0,skip,,up,0.3538,0.3385,0.3333
2026-07-15 13:35,2026-W29,NOK,NOK260821C00012000,0,skip,,down,-0.5413,-0.5459,0.1404
2026-07-15 13:35,2026-W29,PYPL,PYPL260724C00050000,0,skip,,up,0.3398,0.2795,0.2152
2026-07-15 13:35,2026-W29,BABA,BABA260717C00120000,0,skip,,up,0.3034,0.2724,0.0312
2026-07-15 13:35,2026-W29,MSFT,MSFT260821C00420000,0,TAKE,p=0.59 [macro.distance_to_sma20_pct- iv_term.iv_ratio- gex.zero_gamma_strike+],up,0.3598,0.342,0.0264
2026-07-15 13:35,2026-W29,BABA,BABA260717C00119000,0,skip,,up,0.307,0.2697,0.0414
2026-07-15 13:45,2026-W29,TLT,TLT260814C00087500,1,skip,,down,-0.9263,-0.9698,0.0312
2026-07-15 13:45,2026-W29,AAPL,AAPL260717C00322500,0,TAKE,p=0.50 [gex.zero_gamma_strike+ gex.distance_to_zero_gamma_pct- gex.net_gex-],up,0.314,0.2936,0.1
2026-07-15 13:45,2026-W29,TSLA,TSLA260715P00405000,0,skip,,up,0.7625,0.7437,0.0256
2026-07-15 13:45,2026-W29,AMZN,AMZN260814C00285000,0,TAKE,p=0.53 [iv_term.iv_ratio- gex.net_gex+ macro.distance_to_sma20_pct+],down,-0.8226,-0.8758,0.0604
2026-07-15 13:45,2026-W29,BABA,BABA260821C00130000,0,skip,,vertical,-0.488,-0.508,0.0541
2026-07-15 13:45,2026-W29,SPY,SPY260715C00753000,0,TAKE,p=0.56 [gex.zero_gamma_strike+ iv_term.iv_back+ macro.distance_to_sma20_pct-],down,-0.5477,-0.5539,0.0135
2026-07-15 13:45,2026-W29,AAPL,AAPL260717C00320000,0,TAKE,p=0.50 [gex.zero_gamma_strike+ gex.distance_to_zero_gamma_pct- gex.net_gex-],up,0.9574,0.9443,0.1018
2026-07-15 13:45,2026-W29,QQQ,QQQ260721P00687000,0,TAKE,p=0.55 [gex.zero_gamma_strike+ iv_term.iv_back+ gex.net_gex-],up,0.703,0.6832,0.0208
2026-07-15 13:45,2026-W29,TQQQ,TQQQ260717P00075000,0,skip,,up,0.7254,0.7077,0.1455
2026-07-15 13:45,2026-W29,TLT,TLT270331C00093000,0,skip,,vertical,0.0,-0.0156,0.0264
2026-07-15 13:45,2026-W29,KWEB,KWEB260807C00025500,0,skip,,down,-0.5302,-0.6233,0.1453
2026-07-15 13:45,2026-W29,FIG,FIG260724C00028000,0,skip,,down,-0.5405,-0.6216,0.1897
2026-07-15 13:52,2026-W29,TLT,TLT260814C00087500,1,skip,,down,-0.9239,-0.9906,0.0303
2026-07-15 13:52,2026-W29,BRZE,BRZE261120C00035000,0,skip,,vertical,-0.1189,-0.2,1.0
2026-07-15 13:52,2026-W29,SPY,SPY260720P00735000,0,TAKE,p=0.56 [gex.zero_gamma_strike+ iv_term.iv_back+ macro.distance_to_sma20_pct-],down,-0.5116,-0.5233,0.0119
2026-07-15 13:52,2026-W29,SPY,SPY260717P00754000,0,TAKE,p=0.56 [gex.zero_gamma_strike+ iv_term.iv_back+ macro.distance_to_sma20_pct-],up,0.3226,0.3194,0.013
2026-07-15 13:52,2026-W29,QQQ,QQQ260715P00721000,0,TAKE,p=0.55 [gex.zero_gamma_strike+ iv_term.iv_back+ gex.net_gex-],up,0.9775,0.9695,0.0207
2026-07-15 13:52,2026-W29,NOW,NOW260724C00145000,0,TAKE,p=0.52 [macro.sma20+ gex.distance_to_zero_gamma_pct- macro.distance_to_sma20_pct+],down,-0.7551,-0.9286,0.1111
2026-07-15 13:52,2026-W29,ORCL,ORCL270617C00510000,0,TAKE,p=0.40 [gex.net_gex- macro.sma20+ macro.spot-],vertical,-0.4789,-0.6285,0.0227
2026-07-15 13:52,2026-W29,EWY,EWY260717P00170000,0,skip,,up,0.36,0.2886,0.0673
2026-07-15 13:52,2026-W29,BAC,BAC260717C00060000,0,skip,,down,-0.5027,-0.5187,0.23
2026-07-15 13:52,2026-W29,SQQQ,SQQQ260807C00042500,0,skip,,up,0.3054,0.1437,0.1829
2026-07-15 13:52,2026-W29,CART,CART260807C00049000,0,skip,,down,-0.6679,-0.9179,0.3333
2026-07-15 13:52,2026-W29,TLT,TLT280121C00088000,0,skip,,vertical,0.0492,0.0455,0.0264
2026-07-15 14:03,2026-W29,PLTR,PLTR260724P00127000,0,TAKE,p=0.63 [macro.distance_to_sma20_pct- macro.sma20+ gex.net_gex+],up,0.3738,0.3341,0.0347
2026-07-15 14:03,2026-W29,AAPL,AAPL260715C00317500,0,TAKE,p=0.50 [gex.zero_gamma_strike+ gex.distance_to_zero_gamma_pct- gex.net_gex-],up,1.1727,1.15,0.0966
2026-07-15 14:03,2026-W29,AMZN,AMZN260715C00252500,0,TAKE,p=0.53 [iv_term.iv_ratio- gex.net_gex+ macro.distance_to_sma20_pct+],up,0.6953,0.6602,0.0909
2026-07-15 14:03,2026-W29,GLW,GLW260717C00185000,0,skip,,down,-0.629,-0.7314,0.1928
2026-07-15 14:03,2026-W29,SPY,SPY260717C00755000,0,TAKE,p=0.56 [gex.zero_gamma_strike+ iv_term.iv_back+ macro.distance_to_sma20_pct-],down,-0.5282,-0.5334,0.0129
2026-07-15 14:03,2026-W29,SPY,SPY260715C00754000,0,TAKE,p=0.56 [gex.zero_gamma_strike+ iv_term.iv_back+ macro.distance_to_sma20_pct-],down,-0.638,-0.6442,0.0135
2026-07-15 14:03,2026-W29,IWM,IWM260717C00298000,0,skip,,down,-0.8537,-0.8659,0.0543
2026-07-15 14:03,2026-W29,FRMI,FRMI261120C00018000,0,skip,,down,-0.56,-0.66,0.5
2026-07-15 14:03,2026-W29,SPY,SPY260715P00754000,0,TAKE,p=0.56 [gex.zero_gamma_strike+ iv_term.iv_back+ macro.distance_to_sma20_pct-],up,0.4906,0.4859,0.0138
2026-07-15 14:03,2026-W29,SQQQ,SQQQ260717C00038500,0,skip,,up,0.6667,0.6481,0.2
2026-07-15 14:03,2026-W29,CRCL,CRCL260724C00067000,0,skip,,down,-0.5178,-0.5521,0.1312
2026-07-15 14:03,2026-W29,RIVN,RIVN260821C00022000,0,skip,,down,-0.5067,-0.5467,0.402
2026-07-15 14:03,2026-W29,MRK,MRK260821C00130000,0,skip,,up,0.3138,0.2754,0.2066
2026-07-15 14:03,2026-W29,HPQ,HPQ260918C00022000,0,skip,,down,-0.594,-0.609,1.0
2026-07-15 14:03,2026-W29,FUTU,FUTU260717C00100000,0,skip,,down,-0.5793,-0.65,0.3333
2026-07-15 14:12,2026-W29,SPY,SPY260724C00760000,0,TAKE,p=0.56 [gex.zero_gamma_strike+ iv_term.iv_back+ macro.distance_to_sma20_pct-],down,-0.5016,-0.5081,0.0099
2026-07-15 14:12,2026-W29,BP,BP261016P00041000,0,skip,,vertical,-0.1405,-0.155,0.42
2026-07-15 14:12,2026-W29,BA,BA260724C00222500,0,skip,,up,0.3333,0.3016,0.3333
2026-07-15 14:12,2026-W29,TLT,TLT260918C00084000,0,skip,,vertical,0.0258,0.0194,0.0264
2026-07-15 14:12,2026-W29,PATH,PATH280121P00012000,0,skip,,vertical,-0.0219,-0.0356,0.1819
2026-07-15 14:12,2026-W29,WSC,WSC260821C00027500,0,skip,,down,-1.0,-1.0366,0.5
2026-07-15 14:12,2026-W29,CALM,CALM260821C00085000,0,skip,,up,0.3447,0.2702,0.5
2026-07-15 14:12,2026-W29,NI,NI260821P00045000,0,skip,,down,-0.504,-0.684,1.0
2026-07-15 14:12,2026-W29,COIN,COIN261016C00400000,0,skip,,down,-0.6442,-0.8462,0.0354
2026-07-15 14:12,2026-W29,OPEN,OPEN261218C00005000,0,skip,,vertical,-0.2419,-0.2581,0.5306
2026-07-15 14:12,2026-W29,SGHC,SGHC260821C00014000,0,skip,,vertical,-0.1941,-0.2529,1.0
2026-07-15 14:22,2026-W29,MSFT,MSFT260715C00395000,0,TAKE,p=0.59 [macro.distance_to_sma20_pct- iv_term.iv_ratio- gex.zero_gamma_strike+],down,-0.6111,-0.6441,0.0279
2026-07-15 14:22,2026-W29,IWM,IWM260721P00296000,0,skip,,up,0.9274,0.9124,0.0517
2026-07-15 14:22,2026-W29,SPY,SPY260716C00754000,0,TAKE,p=0.56 [gex.zero_gamma_strike+ iv_term.iv_back+ macro.distance_to_sma20_pct-],down,-0.5827,-0.5906,0.0127
2026-07-15 14:22,2026-W29,COPX,COPX260821C00080000,0,skip,,down,-0.5077,-0.5077,0.3487
2026-07-15 14:22,2026-W29,QQQ,QQQ260715P00720000,0,TAKE,p=0.55 [gex.zero_gamma_strike+ iv_term.iv_back+ gex.net_gex-],up,1.2449,1.2367,0.0205
2026-07-15 14:22,2026-W29,NTAP,NTAP260821C00200000,0,skip,,down,-0.5103,-0.5793,0.5
2026-07-15 14:22,2026-W29,HYMC,HYMC260821P00020000,0,skip,,up,0.3268,0.3146,1.0
2026-07-15 14:22,2026-W29,SLN,SLN260821C00010000,0,skip,,down,-0.6529,-1.0353,1.0
2026-07-15 14:33,2026-W29,AAPL,AAPL260715P00327500,0,TAKE,p=0.50 [gex.zero_gamma_strike+ gex.distance_to_zero_gamma_pct- gex.net_gex-],down,-0.5045,-0.5269,0.0933
2026-07-15 14:33,2026-W29,VRT,VRT260724P00260000,0,skip,,up,0.3182,0.2,0.1603
2026-07-15 14:33,2026-W29,QQQ,QQQ260715C00716000,0,TAKE,p=0.55 [gex.zero_gamma_strike+ iv_term.iv_back+ gex.net_gex-],down,-0.5915,-0.5931,0.0219
2026-07-15 14:33,2026-W29,SPY,SPY260717P00740000,0,TAKE,p=0.56 [gex.zero_gamma_strike+ iv_term.iv_back+ macro.distance_to_sma20_pct-],up,0.6667,0.6515,0.0126
2026-07-15 14:33,2026-W29,MSOS,MSOS270115C00005000,0,skip,,vertical,-0.2019,-0.2356,1.0
2026-07-15 14:33,2026-W29,MUU,MUU260717P00035000,0,skip,,up,0.3268,0.2049,1.0
2026-07-15 14:33,2026-W29,LCID,LCID260918P00005500,0,skip,,down,-0.8706,-0.9294,0.3716
2026-07-15 14:33,2026-W29,WULF,WULF260821C00019000,0,skip,,vertical,-0.2674,-0.2912,0.1048
2026-07-15 14:33,2026-W29,MARA,MARA260717C00012000,0,skip,,up,0.3,0.2833,0.5
2026-07-15 14:33,2026-W29,BX,BX260821C00140000,0,skip,,down,-0.7925,-0.8038,1.0
2026-07-15 14:33,2026-W29,HIMS,HIMS260821C00055000,0,skip,,down,-1.0,-1.0286,0.2215
2026-07-15 14:33,2026-W29,MSTR,MSTR260717P00100000,0,skip,,up,0.4849,0.4575,0.0388
2026-07-15 14:42,2026-W29,SMCI,SMCI260821C00028000,0,skip,,down,-0.6857,-0.7143,0.1558
2026-07-15 14:42,2026-W29,IONS,IONS260821C00060000,0,skip,,vertical,-0.2054,-0.3946,0.5
2026-07-15 14:42,2026-W29,GOOGL,GOOGL260715C00370000,0,skip,,down,-0.6202,-0.6434,0.0769
2026-07-15 14:42,2026-W29,XLK,XLK260814P00172500,0,skip,,up,0.5063,0.3266,0.1617
2026-07-15 14:42,2026-W29,SPCX,SPCX260717P00135000,0,skip,,up,0.792,0.782,0.03
2026-07-15 14:42,2026-W29,SPY,SPY260715P00755000,0,TAKE,p=0.56 [gex.zero_gamma_strike+ iv_term.iv_back+ macro.distance_to_sma20_pct-],up,0.3333,0.325,0.013
2026-07-15 14:42,2026-W29,EWY,EWY260717P00165000,0,skip,,up,1.1258,1.029,0.05
2026-07-15 14:42,2026-W29,IBIT,IBIT260918C00040000,0,skip,,down,-0.5118,-0.5354,0.0438
2026-07-15 14:42,2026-W29,KWEB,KWEB260918C00027000,0,skip,,vertical,-0.1667,-0.175,0.1314
2026-07-15 14:42,2026-W29,MSTR,MSTR260717C00100000,0,skip,,down,-0.668,-0.688,0.0387
2026-07-15 14:53,2026-W29,AAPL,AAPL260715C00322500,0,TAKE,p=0.50 [gex.zero_gamma_strike+ gex.distance_to_zero_gamma_pct- gex.net_gex-],up,0.45,0.4188,0.0812
2026-07-15 14:53,2026-W29,ABVX,ABVX260717C00135000,0,skip,,down,-0.6523,-0.9761,1.0
2026-07-15 14:53,2026-W29,NVTS,NVTS270115C00025000,0,skip,,vertical,-0.2584,-0.3174,0.6963
2026-07-15 14:53,2026-W29,SPY,SPY260715P00753000,0,TAKE,p=0.56 [gex.zero_gamma_strike+ iv_term.iv_back+ macro.distance_to_sma20_pct-],up,0.4643,0.4583,0.0127
2026-07-15 14:53,2026-W29,ERIC,ERIC260717P00011000,0,skip,,down,-0.9684,-1.0211,1.0
2026-07-15 14:53,2026-W29,C,C260821C00140000,0,skip,,down,-0.5361,-0.5475,0.0795
2026-07-15 14:53,2026-W29,FIG,FIG260807C00023500,0,skip,,down,-1.0,-1.0645,0.2431
2026-07-15 14:53,2026-W29,RGTI,RGTI260918P00015000,0,skip,,up,0.3209,0.307,0.324
2026-07-15 14:53,2026-W29,MPT,MPT260918C00004500,0,skip,,vertical,-0.2449,-0.3061,1.0
2026-07-15 14:53,2026-W29,PYPL,PYPL260821P00055000,0,skip,,vertical,-0.3145,-0.3528,0.0842
2026-07-15 14:53,2026-W29,VFC,VFC260821C00019000,0,skip,,vertical,-0.4,-0.4313,0.4553
2026-07-15 14:53,2026-W29,XPEV,XPEV260918C00017000,0,skip,,vertical,-0.35,-0.425,0.3267
2026-07-15 14:53,2026-W29,ABTC,ABTC260821P00005000,0,skip,,down,-0.7429,-0.7786,1.0
2026-07-15 14:53,2026-W29,CIFR,CIFR270115C00040000,0,skip,,down,-0.8649,-0.9595,0.2538
2026-07-15 14:53,2026-W29,KWEB,KWEB270115C00032000,0,skip,,vertical,-0.4812,-0.5075,0.1313
2026-07-15 15:04,2026-W29,GOOGL,GOOGL260717P00365000,0,skip,,down,-0.5429,-0.5587,0.0695
2026-07-15 15:04,2026-W29,MU,MU260717P00800000,0,TAKE,p=0.53 [gex.net_gex- macro.distance_to_sma20_pct- gex.distance_to_zero_gamma_pct-],up,0.3375,0.3063,0.0174
2026-07-15 15:04,2026-W29,SPY,SPY260723P00750000,0,TAKE,p=0.56 [gex.zero_gamma_strike+ iv_term.iv_back+ macro.distance_to_sma20_pct-],up,0.3814,0.3785,0.0097
2026-07-15 15:04,2026-W29,ERAS,ERAS260821C00020000,0,skip,,down,-0.5233,-0.5817,0.5282
2026-07-15 15:04,2026-W29,SPY,SPY260723P00748000,0,TAKE,p=0.56 [gex.zero_gamma_strike+ iv_term.iv_back+ macro.distance_to_sma20_pct-],up,0.3185,0.3151,0.0097
2026-07-15 15:04,2026-W29,FIG,FIG260821P00025000,0,skip,,vertical,-0.0835,-0.1089,0.1983
2026-07-15 15:04,2026-W29,B,B270617C00050000,0,skip,,down,-0.5333,-0.5667,0.3539
2026-07-15 15:04,2026-W29,XLE,XLE260807P00058000,0,skip,,down,-0.5796,-0.6041,0.0615
2026-07-15 15:04,2026-W29,FSV,FSV261120C00170000,0,skip,,down,-0.575,-0.7208,1.0
2026-07-15 15:04,2026-W29,ALC,ALC270617C00087500,0,skip,,down,-0.8379,-0.9069,0.5
2026-07-15 15:04,2026-W29,COHR,COHR260724P00240000,0,skip,,down,-0.8727,-0.9788,0.476
2026-07-15 15:04,2026-W29,SKYW,SKYW260821C00105000,0,skip,,down,-0.5316,-0.6632,1.0
2026-07-15 15:04,2026-W29,ATAI,ATAI260821C00005000,0,skip,,up,0.713,0.6478,1.0
2026-07-15 15:04,2026-W29,EWZ,EWZ261120C00037000,0,skip,,vertical,-0.159,-0.1696,0.1668
2026-07-15 15:04,2026-W29,CRWV,CRWV260717C00085000,0,skip,,down,-0.5263,-0.5921,0.0381
2026-07-15 15:04,2026-W29,GS,GS260717C01155000,0,TAKE,p=0.43 [gex.zero_gamma_strike+ macro.distance_to_sma20_pct- iv_term.iv_back+],down,-0.6288,-0.7871,0.066
2026-07-15 15:12,2026-W29,AMZN,AMZN260724C00260000,0,TAKE,p=0.53 [iv_term.iv_ratio- gex.net_gex+ macro.distance_to_sma20_pct+],down,-0.5013,-0.5413,0.0653
2026-07-15 15:12,2026-W29,NFLX,NFLX260918C00085000,0,skip,,down,-0.9381,-0.9429,0.0409
2026-07-15 15:12,2026-W29,HOOD,HOOD260717C00116000,0,skip,,down,-0.7169,-0.7352,0.0898
2026-07-15 15:12,2026-W29,QQQ,QQQ260715P00715000,0,TAKE,p=0.55 [gex.zero_gamma_strike+ iv_term.iv_back+ gex.net_gex-],up,0.5211,0.5141,0.0217
2026-07-15 15:12,2026-W29,GOOG,GOOG260724C00400000,0,TAKE,p=0.52 [gex.zero_gamma_strike+ iv_term.iv_back+ macro.distance_to_sma20_pct-],down,-0.5511,-0.5803,0.0674
2026-07-15 15:12,2026-W29,ORCL,ORCL260717P00129000,0,TAKE,p=0.40 [gex.net_gex- macro.sma20+ macro.spot-],up,0.9308,0.9214,0.0249
2026-07-15 15:12,2026-W29,QQQ,QQQ260716P00710000,0,TAKE,p=0.55 [gex.zero_gamma_strike+ iv_term.iv_back+ gex.net_gex-],up,0.3462,0.3379,0.0217
2026-07-15 15:12,2026-W29,META,META260715C00680000,0,TAKE,p=0.40 [gex.zero_gamma_strike- iv_term.iv_ratio- gex.net_gex+],up,0.4395,0.4132,0.0275
2026-07-15 15:12,2026-W29,IWM,IWM270319C00360000,0,skip,,vertical,-0.2129,-0.2453,0.0501
2026-07-15 15:12,2026-W29,CIFR,CIFR261120P00014000,0,skip,,down,-0.6906,-0.7377,0.2503
2026-07-15 15:12,2026-W29,PFE,PFE260918P00024000,0,skip,,vertical,-0.2192,-0.2466,0.2158
2026-07-15 15:12,2026-W29,QXO,QXO280121C00020000,0,skip,,vertical,-0.2286,-0.3119,0.4933
2026-07-15 15:12,2026-W29,SQQQ,SQQQ260717P00038500,0,skip,,down,-0.5098,-0.5392,0.2
2026-07-15 15:12,2026-W29,BULL,BULL280121C00010000,0,skip,,vertical,-0.1693,-0.1852,0.25
2026-07-15 15:12,2026-W29,CMG,CMG260918C00035000,0,skip,,vertical,-0.3288,-0.3493,0.2424
2026-07-15 15:12,2026-W29,GIL,GIL260821P00055000,0,skip,,down,-0.564,-0.684,1.0
2026-07-15 15:12,2026-W29,ENPH,ENPH260821P00035000,0,skip,,up,0.3933,0.37,0.1851
2026-07-15 15:12,2026-W29,SMH,SMH260724C00550000,0,skip,,down,-0.7956,-0.8119,0.0202
2026-07-15 15:22,2026-W29,GDX,GDX260828P00067000,0,skip,,vertical,0.1111,0.0833,0.0627
2026-07-15 15:22,2026-W29,META,META270115C01430000,0,TAKE,p=0.40 [gex.zero_gamma_strike- iv_term.iv_ratio- gex.net_gex+],down,-0.5179,-0.55,0.0176
2026-07-15 15:22,2026-W29,MARA,MARA260918C00013000,0,skip,,vertical,-0.3581,-0.3851,0.2486
2026-07-15 15:22,2026-W29,ASTS,ASTS260724P00060000,0,TAKE,p=0.46 [gex.zero_gamma_strike- gex.distance_to_zero_gamma_pct- macro.spot-],up,1.1905,1.1701,0.0864
2026-07-15 15:22,2026-W29,COIN,COIN260731C00200000,0,skip,,down,-0.5342,-0.5662,0.0376
2026-07-15 15:22,2026-W29,ERO,ERO260717C00025000,0,skip,,down,-0.9176,-1.0059,1.0
2026-07-15 15:22,2026-W29,TQQQ,TQQQ260717P00074000,0,skip,,up,0.4526,0.4158,0.0814
2026-07-15 15:33,2026-W29,CMG,CMG260821P00037500,0,skip,,up,0.3116,0.2989,0.1715
2026-07-15 15:33,2026-W29,CIFR,CIFR260918P00015000,0,skip,,down,-0.9808,-1.0288,0.249
2026-07-15 15:33,2026-W29,SPY,SPY260715C00752000,0,TAKE,p=0.56 [gex.zero_gamma_strike+ iv_term.iv_back+ macro.distance_to_sma20_pct-],down,-0.5956,-0.6038,0.0119
2026-07-15 15:33,2026-W29,TLT,TLT270319C00089000,0,skip,,vertical,0.0081,-0.0041,0.0262
2026-07-15 15:33,2026-W29,IWM,IWM260717C00297000,0,skip,,down,-0.7027,-0.7117,0.0534
2026-07-15 15:33,2026-W29,LOW,LOW260731C00215000,0,skip,,down,-0.6205,-0.659,0.262
2026-07-15 15:33,2026-W29,GEN,GEN260821C00026000,0,skip,,down,-0.5268,-0.5512,1.0
2026-07-15 15:33,2026-W29,MSTR,MSTR260724P00088000,0,skip,,up,0.3395,0.2932,0.0382
2026-07-15 15:33,2026-W29,MS,MS260717C00230000,0,skip,,up,0.3441,0.2204,0.25
2026-07-15 15:33,2026-W29,C,C260717P00134000,0,skip,,up,0.4634,0.4299,0.0794
2026-07-15 15:33,2026-W29,SIG,SIG260724C00089000,0,skip,,down,-0.9061,-1.0286,0.5147
2026-07-15 15:33,2026-W29,SLV,SLV260828P00051000,0,skip,,up,0.328,0.32,0.0541
2026-07-15 15:33,2026-W29,IGV,IGV260821C00100000,0,skip,,down,-0.9854,-1.0098,0.1362
2026-07-15 15:33,2026-W29,HSAI,HSAI260821C00020000,0,skip,,down,-0.9455,-1.0364,0.5
2026-07-15 15:42,2026-W29,AAPL,AAPL260821C00350000,0,TAKE,p=0.50 [gex.zero_gamma_strike+ gex.distance_to_zero_gamma_pct- gex.net_gex-],up,0.3459,0.3392,0.0471
2026-07-15 15:42,2026-W29,SPY,SPY260721P00745000,0,TAKE,p=0.56 [gex.zero_gamma_strike+ iv_term.iv_back+ macro.distance_to_sma20_pct-],up,0.437,0.4333,0.0118
2026-07-15 15:42,2026-W29,AAPL,AAPL260724C00337500,0,TAKE,p=0.50 [gex.zero_gamma_strike+ gex.distance_to_zero_gamma_pct- gex.net_gex-],up,0.445,0.411,0.0471
2026-07-15 15:42,2026-W29,CBRS,CBRS260807P00135000,0,skip,,down,-0.5794,-0.8662,0.3333
2026-07-15 15:42,2026-W29,UVXY,UVXY260717C00022000,0,skip,,down,-0.5033,-0.5458,1.0
2026-07-15 15:42,2026-W29,PYPL,PYPL281215P00040000,0,skip,,down,-0.6016,-0.6951,0.113
2026-07-15 15:42,2026-W29,CRWV,CRWV260814C00095000,0,skip,,down,-0.6583,-0.7208,0.0365
2026-07-15 15:42,2026-W29,FIG,FIG260724C00026000,0,skip,,down,-0.5444,-0.6556,0.2443
2026-07-15 15:42,2026-W29,HCC,HCC260821P00075000,0,skip,,down,-0.6118,-0.7147,1.0
2026-07-15 15:53,2026-W29,NVDA,NVDA260727P00205000,0,TAKE,p=0.58 [gex.distance_to_zero_gamma_pct- macro.distance_to_sma20_pct- gex.net_gex+],up,1.19,1.1525,0.0107
2026-07-15 15:53,2026-W29,QQQ,QQQ260723C00735000,0,TAKE,p=0.55 [gex.zero_gamma_strike+ iv_term.iv_back+ gex.net_gex-],down,-0.5543,-0.5652,0.0148
2026-07-15 15:53,2026-W29,PDD,PDD280121C00185000,0,skip,,down,-0.5303,-0.5758,0.4526
2026-07-15 15:53,2026-W29,GLXY,GLXY260821C00027500,0,skip,,down,-0.6703,-0.7054,0.9713
2026-07-15 15:53,2026-W29,MDLZ,MDLZ260821C00060000,0,skip,,down,-0.7871,-0.8194,1.0
2026-07-15 15:53,2026-W29,MGM,MGM260918C00046000,0,skip,,vertical,-0.3735,-0.4691,1.0
2026-07-15 15:53,2026-W29,PLTR,PLTR260821C00165000,0,TAKE,p=0.63 [macro.distance_to_sma20_pct- macro.sma20+ gex.net_gex+],vertical,-0.223,-0.2379,0.0298
2026-07-15 15:53,2026-W29,TLT,TLT270319C00087000,0,skip,,vertical,0.0112,0.0,0.0262
2026-07-15 15:53,2026-W29,CCL,CCL260918C00027000,0,skip,,vertical,-0.2243,-0.2407,0.2817
2026-07-15 15:53,2026-W29,CPNG,CPNG270115C00028000,0,skip,,down,-0.5352,-0.6268,1.0
2026-07-15 16:04,2026-W29,META,META260724C00775000,0,TAKE,p=0.40 [gex.zero_gamma_strike- iv_term.iv_ratio- gex.net_gex+],down,-0.5024,-0.555,0.0189
2026-07-15 16:04,2026-W29,NFLX,NFLX260724C00074000,0,skip,,down,-1.0,-1.0203,0.0407
2026-07-15 16:04,2026-W29,QQQ,QQQ260717P00710000,0,TAKE,p=0.55 [gex.zero_gamma_strike+ iv_term.iv_back+ gex.net_gex-],up,0.3503,0.3488,0.0212
2026-07-15 16:04,2026-W29,XLK,XLK260821C00195000,0,skip,,down,-0.5847,-0.5869,0.157
2026-07-15 16:04,2026-W29,SPY,SPY260717P00750000,0,TAKE,p=0.56 [gex.zero_gamma_strike+ iv_term.iv_back+ macro.distance_to_sma20_pct-],up,0.4049,0.4018,0.0114
2026-07-15 16:04,2026-W29,INTC,INTC260715C00099000,0,TAKE,p=0.51 [iv_term.iv_ratio+ macro.distance_to_sma20_pct- gex.net_gex-],down,-0.5023,-0.5317,0.1111
2026-07-15 16:04,2026-W29,SPY,SPY260721P00749000,0,TAKE,p=0.56 [gex.zero_gamma_strike+ iv_term.iv_back+ macro.distance_to_sma20_pct-],up,0.4059,0.4017,0.0096
2026-07-15 16:04,2026-W29,RKLB,RKLB260717C00077000,0,skip,,down,-1.0,-1.0233,0.1308
2026-07-15 16:04,2026-W29,V,V260724P00352500,0,TAKE,p=0.41 [gex.zero_gamma_strike+ iv_term.iv_back+ macro.distance_to_sma20_pct-],down,-0.5385,-0.6215,0.5
2026-07-15 16:04,2026-W29,EWT,EWT260821C00105000,0,skip,,down,-0.6909,-0.7364,1.0
2026-07-15 16:04,2026-W29,PDD,PDD260717C00085000,0,skip,,down,-0.8874,-0.9134,0.4273
2026-07-15 16:04,2026-W29,SHAK,SHAK260731P00062000,0,skip,,up,0.3242,0.2636,0.6695
2026-07-15 16:04,2026-W29,MRNA,MRNA260807P00062000,0,skip,,up,0.3013,0.2613,0.1241
2026-07-15 16:04,2026-W29,XLK,XLK260821C00194000,0,skip,,down,-0.6808,-0.6827,0.157
2026-07-15 16:04,2026-W29,LOW,LOW261016P00165000,0,skip,,down,-0.8364,-0.9273,0.2969
2026-07-15 16:04,2026-W29,RMBS,RMBS260821C00170000,0,skip,,down,-0.5143,-0.6036,0.5
2026-07-15 16:04,2026-W29,CRCL,CRCL260717C00067500,0,skip,,up,0.3495,0.3398,0.1522
2026-07-15 16:04,2026-W29,XLK,XLK260821C00191000,0,skip,,down,-0.6057,-0.6129,0.157
2026-07-15 16:13,2026-W29,NVDA,NVDA260717P00205000,0,TAKE,p=0.58 [gex.distance_to_zero_gamma_pct- macro.distance_to_sma20_pct- gex.net_gex+],down,-0.5314,-0.5457,0.0125
2026-07-15 16:13,2026-W29,SPY,SPY260717P00749000,0,TAKE,p=0.56 [gex.zero_gamma_strike+ iv_term.iv_back+ macro.distance_to_sma20_pct-],down,-0.5429,-0.5457,0.0104
2026-07-15 16:13,2026-W29,ORLY,ORLY260717P00085000,0,skip,,down,-0.5071,-0.5429,1.0
2026-07-15 16:13,2026-W29,AMZN,AMZN260821P00220000,0,TAKE,p=0.53 [iv_term.iv_ratio- gex.net_gex+ macro.distance_to_sma20_pct+],up,0.4583,0.4375,0.059
2026-07-15 16:13,2026-W29,IWM,IWM260821P00282000,0,skip,,vertical,0.1193,0.114,0.0498
2026-07-15 16:13,2026-W29,NVDA,NVDA260821C00230000,0,TAKE,p=0.58 [gex.distance_to_zero_gamma_pct- macro.distance_to_sma20_pct- gex.net_gex+],up,0.4063,0.3984,0.0123
2026-07-15 16:13,2026-W29,NVDA,NVDA260715C00205000,0,TAKE,p=0.58 [gex.distance_to_zero_gamma_pct- macro.distance_to_sma20_pct- gex.net_gex+],up,0.4885,0.4737,0.0126
2026-07-15 16:13,2026-W29,SPY,SPY260717P00751000,0,TAKE,p=0.56 [gex.zero_gamma_strike+ iv_term.iv_back+ macro.distance_to_sma20_pct-],down,-0.5149,-0.517,0.0104
2026-07-15 16:13,2026-W29,IBIT,IBIT270115C00040000,0,skip,,vertical,-0.1229,-0.1371,0.0432
2026-07-15 16:13,2026-W29,QCOM,QCOM260731C00230000,0,skip,,down,-0.5536,-0.6518,0.0654
2026-07-15 16:13,2026-W29,HON,HON260821C00250000,0,skip,,down,-0.9702,-1.0234,0.2
2026-07-15 16:13,2026-W29,TEL,TEL260918C00250000,0,skip,,down,-0.6703,-0.7784,1.0
2026-07-15 16:13,2026-W29,BMNR,BMNR260731C00017000,0,skip,,down,-0.5588,-0.5809,0.1266
2026-07-15 16:13,2026-W29,SNDQ,SNDQ260821C00004000,0,skip,,down,-1.0,-1.05,1.0
2026-07-15 16:13,2026-W29,FIVE,FIVE260717P00195000,0,skip,,down,-0.9465,-1.0628,1.0
2026-07-15 16:23,2026-W29,SPY,SPY260716P00751000,0,TAKE,p=0.56 [gex.zero_gamma_strike+ iv_term.iv_back+ macro.distance_to_sma20_pct-],down,-0.5217,-0.5283,0.011
2026-07-15 16:23,2026-W29,BABA,BABA260724C00120000,0,skip,,down,-0.6413,-0.6651,0.0517
2026-07-15 16:23,2026-W29,VRT,VRT260731P00220000,0,skip,,down,-0.5263,-0.6645,0.16
2026-07-15 16:23,2026-W29,XLI,XLI260807P00176000,0,skip,,down,-0.563,-0.6,0.191
2026-07-15 16:23,2026-W29,COHR,COHR260918C00580000,0,skip,,down,-0.6319,-0.7489,0.2743
2026-07-15 16:23,2026-W29,TSLA,TSLA260717C00400000,0,skip,,up,0.3016,0.2918,0.0254
2026-07-15 16:23,2026-W29,BA,BA260821C00240000,0,skip,,down,-0.6941,-0.7309,0.1649
2026-07-15 16:23,2026-W29,SOFI,SOFI261016C00018000,0,skip,,vertical,-0.1888,-0.1928,0.0852
2026-07-15 16:23,2026-W29,XYZ,XYZ260717P00083000,0,skip,,up,0.3846,0.3346,0.2
2026-07-15 16:23,2026-W29,AMBA,AMBA261120C00115000,0,skip,,down,-0.7853,-0.8662,0.5007
2026-07-15 16:23,2026-W29,MTUM,MTUM260717C00310000,0,skip,,up,0.3308,0.2827,0.5
2026-07-15 16:23,2026-W29,AMKR,AMKR260717C00070000,0,skip,,up,0.4,0.275,0.25
2026-07-15 16:23,2026-W29,JBHT,JBHT260717C00290000,0,skip,,up,0.4051,0.3026,0.5
2026-07-15 16:32,2026-W29,SPY,SPY260722P00734000,0,TAKE,p=0.56 [gex.zero_gamma_strike+ iv_term.iv_back+ macro.distance_to_sma20_pct-],down,-0.5,-0.5163,0.0103
2026-07-15 16:32,2026-W29,QQQ,QQQ260717P00700000,0,TAKE,p=0.55 [gex.zero_gamma_strike+ iv_term.iv_back+ gex.net_gex-],down,-0.5415,-0.5561,0.0173
2026-07-15 16:32,2026-W29,SPY,SPY260715P00750000,0,TAKE,p=0.56 [gex.zero_gamma_strike+ iv_term.iv_back+ macro.distance_to_sma20_pct-],down,-0.5217,-0.5362,0.0111
2026-07-15 16:32,2026-W29,SPY,SPY260716P00752000,0,TAKE,p=0.56 [gex.zero_gamma_strike+ iv_term.iv_back+ macro.distance_to_sma20_pct-],down,-0.5894,-0.5989,0.0108
2026-07-15 16:32,2026-W29,XLK,XLK260717C00180000,0,skip,,up,0.3503,0.226,0.1429
2026-07-15 16:32,2026-W29,C,C260731P00128000,0,skip,,up,0.9562,0.9307,0.0785
2026-07-15 16:32,2026-W29,W,W260717P00092500,0,skip,,down,-0.7077,-0.7729,0.3563
2026-07-15 16:32,2026-W29,TLRY,TLRY261218P00004000,0,skip,,vertical,-0.1268,-0.2113,1.0
2026-07-15 16:32,2026-W29,LUV,LUV260918C00052500,0,skip,,down,-0.6478,-0.666,1.0
2026-07-15 16:32,2026-W29,ETHA,ETHA260918P00014000,0,skip,,vertical,0.1684,0.1579,0.1317
2026-07-15 16:32,2026-W29,BMNR,BMNR270115C00025000,0,skip,,vertical,-0.103,-0.1333,0.1131
2026-07-15 16:42,2026-W29,NFLX,NFLX260724C00075000,0,skip,,down,-1.0,-1.0156,0.0406
2026-07-15 16:42,2026-W29,SPY,SPY260724C00755000,0,TAKE,p=0.56 [gex.zero_gamma_strike+ iv_term.iv_back+ macro.distance_to_sma20_pct-],up,0.394,0.3899,0.0107
2026-07-15 16:42,2026-W29,CRCL,CRCL260717C00063000,0,skip,,up,0.4661,0.4243,0.1274
2026-07-15 16:42,2026-W29,EWZ,EWZ260918C00038000,0,skip,,vertical,-0.2604,-0.2813,0.1614
2026-07-15 16:42,2026-W29,NVDA,NVDA260715P00207500,0,TAKE,p=0.58 [gex.distance_to_zero_gamma_pct- macro.distance_to_sma20_pct- gex.net_gex+],down,-0.7235,-0.7265,0.0123
2026-07-15 16:42,2026-W29,FCX,FCX260821C00060000,0,skip,,vertical,-0.2025,-0.2089,0.299
2026-07-15 16:42,2026-W29,NFLX,NFLX260717P00075000,0,skip,,up,1.5681,1.5609,0.0406
2026-07-15 16:42,2026-W29,EWZ,EWZ260918C00037000,0,skip,,vertical,-0.2519,-0.2595,0.1614
2026-07-15 16:42,2026-W29,DRAM,DRAM260717C00056000,0,TAKE,p=0.43 [alt_catalyst.insider_10d_buy_usd- macro.distance_to_sma20_pct- gex.distance_to_zero_gamma_pct-],up,0.46,0.42,0.0461
2026-07-15 16:42,2026-W29,FSLY,FSLY260717P00020000,0,skip,,down,-0.5154,-0.5731,1.0
2026-07-15 16:42,2026-W29,SLV,SLV260715P00052000,0,skip,,down,-0.7297,-0.75,0.0674
2026-07-15 16:42,2026-W29,TSCO,TSCO260724P00030000,0,skip,,down,-0.8762,-0.9238,1.0
2026-07-15 16:42,2026-W29,FRO,FRO260821C00045000,0,skip,,down,-1.0,-1.0714,0.7362
2026-07-15 16:52,2026-W29,TSLA,TSLA260724C00430000,0,skip,,up,0.3429,0.3299,0.0247
2026-07-15 16:52,2026-W29,CRM,CRM260821C00185000,0,skip,,up,0.3117,0.2662,0.0507
2026-07-15 16:52,2026-W29,GNRC,GNRC260821C00300000,0,skip,,down,-0.6373,-0.7644,0.25
2026-07-15 16:52,2026-W29,DRAM,DRAM260918C00090000,0,TAKE,p=0.43 [alt_catalyst.insider_10d_buy_usd- macro.distance_to_sma20_pct- gex.distance_to_zero_gamma_pct-],down,-0.6095,-0.6982,0.0467
2026-07-15 16:52,2026-W29,TQQQ,TQQQ260717P00073000,0,skip,,down,-0.5111,-0.5444,0.0902
2026-07-15 16:52,2026-W29,ON,ON260717C00095000,0,skip,,down,-0.9786,-1.0679,0.0792
2026-07-15 16:52,2026-W29,WULF,WULF261218C00024000,0,skip,,vertical,-0.3,-0.3069,0.1057
2026-07-15 16:52,2026-W29,DFTX,DFTX260821P00035000,0,skip,,down,-0.935,-0.9725,0.25
2026-07-15 16:52,2026-W29,AG,AG260821P00015000,0,skip,,vertical,0.0494,0.0432,0.4925
2026-07-15 16:52,2026-W29,SLV,SLV260717P00053000,0,skip,,down,-0.5191,-0.541,0.0648
2026-07-15 16:52,2026-W29,ONDS,ONDS270115C00007500,0,skip,,vertical,-0.1618,-0.1821,0.3394
2026-07-15 16:52,2026-W29,AAL,AAL260821C00017000,0,skip,,down,-0.5077,-0.5231,0.1983
2026-07-15 17:03,2026-W29,QXO,QXO260821C00017000,0,skip,,vertical,-0.4571,-0.5286,0.4931
2026-07-15 17:03,2026-W29,XOM,XOM260821P00140000,0,TAKE,p=0.42 [macro.sma20+ macro.spot- macro.distance_to_sma20_pct-],down,-0.545,-0.5638,0.2096
2026-07-15 17:03,2026-W29,MRVL,MRVL260724C00250000,0,skip,,down,-0.7593,-0.7839,0.0448
2026-07-15 17:03,2026-W29,QQQ,QQQ260715C00711000,0,TAKE,p=0.55 [gex.zero_gamma_strike+ iv_term.iv_back+ gex.net_gex-],up,0.5864,0.5847,0.0169
2026-07-15 17:03,2026-W29,IWM,IWM260724C00299000,0,skip,,up,0.5685,0.5548,0.0534
2026-07-15 17:03,2026-W29,AAPL,AAPL260720P00325000,0,TAKE,p=0.50 [gex.zero_gamma_strike+ gex.distance_to_zero_gamma_pct- gex.net_gex-],down,-0.5039,-0.5236,0.0462
2026-07-15 17:03,2026-W29,IBM,IBM260717C00215000,0,TAKE,p=0.41 [gex.zero_gamma_strike+ macro.distance_to_sma20_pct- gex.net_gex-],down,-0.7355,-0.7806,0.0266
2026-07-15 17:03,2026-W29,AA,AA260724C00048000,0,skip,,down,-0.524,-0.588,0.2612
2026-07-15 17:03,2026-W29,IVZ,IVZ270115C00031000,0,skip,,vertical,-0.3034,-0.3983,0.7993
2026-07-15 17:03,2026-W29,CIFR,CIFR260717C00020000,0,skip,,up,0.4286,0.4196,0.2
2026-07-15 17:03,2026-W29,XLE,XLE260918P00055000,0,skip,,vertical,-0.2749,-0.2836,0.0613
2026-07-15 17:03,2026-W29,IVZ,IVZ270115C00032000,0,skip,,down,-0.6157,-0.6745,0.5
2026-07-15 17:03,2026-W29,IREN,IREN260717P00038000,0,skip,,up,0.5714,0.5561,0.0332
2026-07-15 17:03,2026-W29,IONQ,IONQ261016C00090000,0,skip,,down,-0.5217,-0.787,0.1429
2026-07-15 17:03,2026-W29,TLT,TLT261218P00084000,0,skip,,vertical,-0.0568,-0.0633,0.0261
2026-07-15 17:03,2026-W29,RIOT,RIOT260724C00022000,0,skip,,down,-0.9375,-1.0729,0.5
2026-07-15 17:03,2026-W29,RIVN,RIVN260821C00018000,0,skip,,vertical,-0.1954,-0.2069,0.2642
2026-07-15 17:13,2026-W29,NVDA,NVDA260720C00207500,0,TAKE,p=0.58 [gex.distance_to_zero_gamma_pct- macro.distance_to_sma20_pct- gex.net_gex+],up,0.3351,0.3221,0.0123
2026-07-15 17:13,2026-W29,NVO,NVO260918C00050000,0,skip,,vertical,-0.0597,-0.0727,0.7317
2026-07-15 17:13,2026-W29,CRCL,CRCL260724C00069000,0,skip,,down,-0.5382,-0.5649,0.1242
2026-07-15 17:13,2026-W29,IREN,IREN260717P00039000,0,skip,,up,0.3684,0.3553,0.0322
2026-07-15 17:13,2026-W29,CRCL,CRCL260724C00070000,0,skip,,down,-0.5785,-0.5987,0.1242
2026-07-15 17:13,2026-W29,TIGR,TIGR280121P00003000,0,skip,,vertical,-0.3585,-0.4434,1.0
2026-07-15 17:13,2026-W29,RDDT,RDDT260731P00145000,0,skip,,up,0.4,0.3,0.1353
2026-07-15 17:13,2026-W29,FISV,FISV260821C00055000,0,skip,,vertical,-0.0872,-0.1128,0.31
2026-07-15 17:13,2026-W29,WFC,WFC260717P00087000,0,skip,,down,-0.875,-0.9271,0.5
2026-07-15 17:13,2026-W29,OXY,OXY260821P00055000,0,skip,,vertical,-0.2667,-0.2739,0.3699
2026-07-15 17:13,2026-W29,MSTR,MSTR260717P00097500,0,skip,,up,0.7686,0.7397,0.0374
2026-07-15 17:13,2026-W29,XLF,XLF280121P00054000,0,skip,,vertical,-0.0507,-0.0859,0.1255
2026-07-15 17:13,2026-W29,XLE,XLE260821P00052000,0,skip,,down,-0.5238,-0.5476,0.0602
2026-07-15 17:13,2026-W29,TQQQ,TQQQ261218P00030000,0,skip,,vertical,0.0441,0.0184,0.0818
2026-07-15 17:13,2026-W29,CLS,CLS260717P00315000,0,skip,,down,-0.714,-0.864,1.0
2026-07-15 17:22,2026-W29,SPY,SPY260821P00716000,0,TAKE,p=0.56 [gex.zero_gamma_strike+ iv_term.iv_back+ macro.distance_to_sma20_pct-],up,0.6505,0.648,0.0087
2026-07-15 17:22,2026-W29,QQQ,QQQ260731P00676000,0,TAKE,p=0.55 [gex.zero_gamma_strike+ iv_term.iv_back+ gex.net_gex-],up,0.35,0.3425,0.0142
2026-07-15 17:22,2026-W29,GDX,GDX260821C00085000,0,skip,,down,-0.6222,-0.65,0.0598
2026-07-15 17:22,2026-W29,QQQ,QQQ260715C00714000,0,TAKE,p=0.55 [gex.zero_gamma_strike+ iv_term.iv_back+ gex.net_gex-],up,0.3659,0.3598,0.0161
2026-07-15 17:22,2026-W29,IWM,IWM260821P00281000,0,skip,,vertical,0.094,0.0846,0.0496
2026-07-15 17:22,2026-W29,MARA,MARA260918C00015000,0,skip,,vertical,-0.4184,-0.4388,0.2386
2026-07-15 17:22,2026-W29,SPY,SPY260717C00752000,0,TAKE,p=0.56 [gex.zero_gamma_strike+ iv_term.iv_back+ macro.distance_to_sma20_pct-],up,0.3301,0.3269,0.0106
2026-07-15 17:22,2026-W29,MU,MU260717P00765000,0,TAKE,p=0.53 [gex.net_gex- macro.distance_to_sma20_pct- gex.distance_to_zero_gamma_pct-],down,-0.5063,-0.5527,0.0141
2026-07-15 17:22,2026-W29,MU,MU260715C00915000,0,TAKE,p=0.53 [gex.net_gex- macro.distance_to_sma20_pct- gex.distance_to_zero_gamma_pct-],up,0.4735,0.4491,0.0154
2026-07-15 17:22,2026-W29,IREN,IREN260724P00034000,0,skip,,up,0.3229,0.3177,0.0332
2026-07-15 17:22,2026-W29,SOC,SOC261016C00005000,0,skip,,vertical,0.0488,0.0244,1.0
2026-07-15 17:22,2026-W29,SOXX,SOXX260731P00540000,0,skip,,up,0.3817,0.3033,0.056
2026-07-15 17:32,2026-W29,AMD,AMD260715C00527500,0,TAKE,p=0.50 [gex.distance_to_zero_gamma_pct- gex.zero_gamma_strike- macro.spot-],up,0.3875,0.3563,0.0287
2026-07-15 17:32,2026-W29,META,META260715C00672500,0,TAKE,p=0.40 [gex.zero_gamma_strike- iv_term.iv_ratio- gex.net_gex+],up,0.304,0.244,0.0258
2026-07-15 17:32,2026-W29,IREN,IREN260821P00030000,0,skip,,up,0.3059,0.29,0.0336
2026-07-15 17:32,2026-W29,IREN,IREN260717C00041000,0,skip,,down,-0.55,-0.575,0.032
2026-07-15 17:32,2026-W29,TLT,TLT260821C00085000,0,skip,,up,0.3125,0.3047,0.0259
2026-07-15 17:32,2026-W29,SLV,SLV260821P00050000,0,skip,,up,0.3057,0.3005,0.0529
2026-07-15 17:32,2026-W29,OPEN,OPEN280121C00007000,0,skip,,vertical,-0.1639,-0.194,0.5
2026-07-15 17:32,2026-W29,TEAM,TEAM260918C00165000,0,skip,,down,-0.7053,-0.8368,0.2611
2026-07-15 17:32,2026-W29,XBI,XBI260821C00173000,0,skip,,down,-0.5191,-0.5496,0.1005
2026-07-15 17:32,2026-W29,EWY,EWY260731C00200000,0,skip,,down,-0.5087,-0.6609,0.0562
2026-07-15 17:32,2026-W29,XLB,XLB260731C00050500,0,skip,,up,0.3415,0.25,1.0
2026-07-15 17:32,2026-W29,EWJ,EWJ260731P00093000,0,skip,,up,0.3455,0.3,0.5421
2026-07-15 17:32,2026-W29,ZM,ZM260724C00094000,0,skip,,down,-0.5215,-0.5718,1.0
2026-07-15 17:42,2026-W29,IBIT,IBIT260918C00042000,0,skip,,down,-0.5,-0.5147,0.0429
2026-07-15 17:42,2026-W29,SPCX,SPCX260717P00130000,0,skip,,down,-0.5923,-0.6308,0.0244
2026-07-15 17:42,2026-W29,TSLA,TSLA260715C00395000,0,skip,,down,-0.7973,-0.8446,0.0238
2026-07-15 17:42,2026-W29,IGV,IGV260807C00097000,0,skip,,down,-0.966,-1.0723,0.1266
2026-07-15 17:42,2026-W29,IREN,IREN260717C00040000,0,skip,,down,-0.9774,-0.9925,0.0332
2026-07-15 17:42,2026-W29,SHEL,SHEL260717C00082500,0,skip,,up,0.76,0.6378,0.774
2026-07-15 17:42,2026-W29,IGV,IGV260724P00094500,0,skip,,vertical,0.0082,-0.0224,0.1274
2026-07-15 17:42,2026-W29,AA,AA260724P00047000,0,skip,,up,0.3679,0.2876,0.3106
2026-07-15 17:42,2026-W29,EWZ,EWZ260930P00033000,0,skip,,down,-1.0,-1.0855,0.1652
2026-07-15 17:42,2026-W29,BMNR,BMNR260821C00020000,0,skip,,down,-0.6727,-0.6909,0.1141
2026-07-15 17:42,2026-W29,OMER,OMER260821C00010000,0,skip,,down,-1.0,-1.0441,0.5
2026-07-15 17:52,2026-W29,CHTR,CHTR260918C00175000,0,skip,,vertical,-0.1381,-0.1619,0.2916
2026-07-15 17:52,2026-W29,REXR,REXR260717C00035000,0,skip,,down,-0.58,-0.88,1.0
2026-07-15 17:52,2026-W29,DRAM,DRAM260717C00057000,0,TAKE,p=0.43 [alt_catalyst.insider_10d_buy_usd- macro.distance_to_sma20_pct- gex.distance_to_zero_gamma_pct-],down,-0.8396,-0.8762,0.0385
2026-07-15 17:52,2026-W29,SQQQ,SQQQ260731C00036000,0,skip,,up,0.5634,0.5268,0.1862
2026-07-15 17:52,2026-W29,HYG,HYG260918P00080000,0,skip,,vertical,0.0119,-0.0119,0.803
2026-07-15 17:52,2026-W29,HUT,HUT260717P00095000,0,skip,,down,-0.5172,-0.6414,0.3333
2026-07-15 17:52,2026-W29,GDX,GDX261120P00067000,0,skip,,up,0.352,0.3387,0.0596
2026-07-15 17:52,2026-W29,KR,KR261016C00060000,0,skip,,up,0.3561,0.3447,0.4278
2026-07-15 17:52,2026-W29,AMPX,AMPX270617C00015000,0,skip,,vertical,-0.3147,-0.3588,0.431
2026-07-15 18:03,2026-W29,SPY,SPY260723C00760000,0,TAKE,p=0.56 [gex.zero_gamma_strike+ iv_term.iv_back+ macro.distance_to_sma20_pct-],down,-0.5113,-0.5158,0.0095
2026-07-15 18:03,2026-W29,SPY,SPY260821P00605000,0,TAKE,p=0.56 [gex.zero_gamma_strike+ iv_term.iv_back+ macro.distance_to_sma20_pct-],up,0.54,0.52,0.0087
2026-07-15 18:03,2026-W29,SPY,SPY261231C00850000,0,TAKE,p=0.56 [gex.zero_gamma_strike+ iv_term.iv_back+ macro.distance_to_sma20_pct-],vertical,-0.3562,-0.3602,0.0086
2026-07-15 18:03,2026-W29,XYZ,XYZ260821C00095000,0,skip,,down,-0.5263,-0.5885,0.1431
2026-07-15 18:03,2026-W29,IBM,IBM260821C00250000,0,TAKE,p=0.41 [gex.zero_gamma_strike+ macro.distance_to_sma20_pct- gex.net_gex-],vertical,-0.3155,-0.3577,0.0251
2026-07-15 18:03,2026-W29,TLT,TLT270115P00082000,0,skip,,vertical,-0.0629,-0.0755,0.026
2026-07-15 18:03,2026-W29,SPY,SPY270630C00950000,0,TAKE,p=0.56 [gex.zero_gamma_strike+ iv_term.iv_back+ macro.distance_to_sma20_pct-],vertical,-0.262,-0.2681,0.0086
2026-07-15 18:03,2026-W29,TLT,TLT270115C00083000,0,skip,,vertical,0.0317,0.0238,0.026
2026-07-15 18:03,2026-W29,SPY,SPY260723C00765000,0,TAKE,p=0.56 [gex.zero_gamma_strike+ iv_term.iv_back+ macro.distance_to_sma20_pct-],down,-0.5,-0.5057,0.0097
2026-07-15 18:03,2026-W29,AAPL,AAPL260717C00330000,0,TAKE,p=0.50 [gex.zero_gamma_strike+ gex.distance_to_zero_gamma_pct- gex.net_gex-],up,0.685,0.6525,0.0456
2026-07-15 18:03,2026-W29,RKLB,RKLB260918C00150000,0,skip,,down,-0.6019,-0.625,0.126
2026-07-15 18:03,2026-W29,NVTS,NVTS260731C00012500,0,skip,,down,-0.5166,-0.545,0.3371
2026-07-15 18:03,2026-W29,NET,NET260717C00280000,0,skip,,down,-0.76,-0.8433,0.1667
2026-07-15 18:03,2026-W29,AEO,AEO260821P00018000,0,skip,,down,-0.7552,-0.7692,1.0
2026-07-15 18:03,2026-W29,LUNR,LUNR260731C00014500,0,skip,,down,-1.0,-1.0333,0.25
2026-07-15 18:03,2026-W29,CINF,CINF260821C00185000,0,skip,,down,-0.5837,-0.6959,1.0
2026-07-15 18:03,2026-W29,SLV,SLV260724C00052500,0,skip,,down,-0.5349,-0.5504,0.0532
2026-07-15 18:03,2026-W29,YINN,YINN260821C00025000,0,skip,,vertical,-0.2368,-0.2566,1.0
2026-07-15 18:03,2026-W29,CPRI,CPRI270115C00020000,0,skip,,vertical,-0.1484,-0.1968,1.0
2026-07-15 18:13,2026-W29,IBIT,IBIT261016C00043000,0,skip,,vertical,-0.1895,-0.2,0.0429
2026-07-15 18:13,2026-W29,QQQ,QQQ260720C00727000,0,TAKE,p=0.55 [gex.zero_gamma_strike+ iv_term.iv_back+ gex.net_gex-],down,-0.5957,-0.6021,0.0143
2026-07-15 18:13,2026-W29,AGNC,AGNC260821C00011000,0,skip,,vertical,-0.3585,-0.3868,0.5
2026-07-15 18:13,2026-W29,KRE,KRE260731P00077000,0,skip,,down,-0.5152,-0.5253,0.1249
2026-07-15 18:13,2026-W29,STUB,STUB260821C00010000,0,skip,,down,-0.5167,-0.5792,1.0
2026-07-15 18:13,2026-W29,AG,AG260821C00017000,0,skip,,vertical,-0.338,-0.3451,0.4787
2026-07-15 18:13,2026-W29,VG,VG270115C00017500,0,skip,,vertical,0.2154,0.1577,0.4878
2026-07-15 18:13,2026-W29,XYZ,XYZ260821C00100000,0,skip,,down,-0.5508,-0.6271,0.1429
2026-07-15 18:23,2026-W29,TQQQ,TQQQ260717P00072000,0,skip,,up,1.1714,1.1643,0.0769
2026-07-15 18:23,2026-W29,AAPL,AAPL260918C00390000,0,TAKE,p=0.50 [gex.zero_gamma_strike+ gex.distance_to_zero_gamma_pct- gex.net_gex-],up,0.3125,0.2902,0.0456
2026-07-15 18:23,2026-W29,AMD,AMD260715P00530000,0,TAKE,p=0.50 [gex.distance_to_zero_gamma_pct- gex.zero_gamma_strike- macro.spot-],up,0.5856,0.538,0.0271
2026-07-15 18:23,2026-W29,MSTR,MSTR260724P00091000,0,skip,,up,0.3042,0.275,0.0371
2026-07-15 18:23,2026-W29,C,C260918C00160000,0,skip,,down,-0.6765,-0.7353,0.078
2026-07-15 18:23,2026-W29,GLD,GLD260729P00365000,0,skip,,up,0.4145,0.3783,0.0385
2026-07-15 18:23,2026-W29,XBI,XBI260724C00162000,0,skip,,down,-0.6452,-0.6935,0.1
2026-07-15 18:23,2026-W29,GM,GM260724C00078000,0,skip,,vertical,-0.3013,-0.321,0.7304
2026-07-15 18:23,2026-W29,QXO,QXO270115C00035000,0,skip,,down,-0.5667,-0.8167,0.2845
2026-07-15 18:23,2026-W29,WHR,WHR260821C00047500,0,skip,,down,-1.0,-1.0652,1.0
2026-07-15 18:23,2026-W29,SLV,SLV260821C00056000,0,skip,,down,-0.5188,-0.5344,0.0504
2026-07-15 18:23,2026-W29,KR,KR260724P00056000,0,skip,,down,-0.8571,-0.873,0.3333
2026-07-15 18:34,2026-W29,SQQQ,SQQQ260731C00045000,0,skip,,up,0.3457,0.3395,0.1667
2026-07-15 18:34,2026-W29,AMZN,AMZN260717P00255000,0,TAKE,p=0.53 [iv_term.iv_ratio- gex.net_gex+ macro.distance_to_sma20_pct+],down,-0.5677,-0.5839,0.0664
2026-07-15 18:34,2026-W29,ORCL,ORCL260717C00133000,0,TAKE,p=0.40 [gex.net_gex- macro.sma20+ macro.spot-],down,-0.8459,-0.8607,0.0244
2026-07-15 18:34,2026-W29,WRBY,WRBY260821C00030000,0,skip,,vertical,-0.4179,-0.4893,1.0
2026-07-15 18:34,2026-W29,XLE,XLE260918C00057500,0,skip,,up,0.3218,0.3045,0.0597
2026-07-15 18:34,2026-W29,XLY,XLY260918P00114000,0,skip,,down,-0.5115,-0.5308,0.5
2026-07-15 18:34,2026-W29,BNY,BNY260918C00175000,0,skip,,down,-0.672,-0.772,0.3333
2026-07-15 18:34,2026-W29,EL,EL260724P00078000,0,skip,,down,-0.525,-0.6188,0.3333
2026-07-15 18:34,2026-W29,LZ,LZ260717C00007000,0,skip,,vertical,-0.4353,-0.4941,0.7492
2026-07-15 18:34,2026-W29,KMB,KMB260821C00115000,0,skip,,up,0.3231,0.3038,0.3333
2026-07-15 18:34,2026-W29,GDX,GDX260717C00076000,0,skip,,down,-0.875,-0.9286,0.0591
2026-07-15 18:34,2026-W29,EWZ,EWZ261016C00045000,0,skip,,down,-0.9062,-0.9219,0.1661
2026-07-15 18:34,2026-W29,DGX,DGX260717P00200000,0,skip,,down,-0.8839,-1.3194,1.0
2026-07-15 18:34,2026-W29,IREN,IREN260731C00045000,0,skip,,down,-0.684,-0.716,0.0332
2026-07-15 18:34,2026-W29,TLT,TLT260717P00084000,0,skip,,up,0.6429,0.5357,0.0256
2026-07-15 18:34,2026-W29,WOLF,WOLF270115C00080000,0,skip,,vertical,-0.4559,-0.5366,0.6331
2026-07-15 18:47,2026-W29,PFE,PFE270115C00025000,0,skip,,vertical,0.0714,0.0571,0.1951
2026-07-15 18:47,2026-W29,MO,MO260821P00070000,0,skip,,down,-0.5701,-0.5818,0.3017
2026-07-15 18:47,2026-W29,SLV,SLV260918C00056000,0,skip,,vertical,-0.2934,-0.3108,0.0505
2026-07-15 18:47,2026-W29,BLSH,BLSH260724C00024000,0,skip,,down,-0.8098,-0.8668,1.0
2026-07-15 18:47,2026-W29,NU,NU260918C00015000,0,skip,,vertical,-0.1846,-0.1923,0.5
2026-07-15 18:47,2026-W29,PYPL,PYPL260717C00055000,0,skip,,up,0.4519,0.3852,0.0836
2026-07-15 18:47,2026-W29,ASTS,ASTS260821P00045000,0,TAKE,p=0.46 [gex.zero_gamma_strike- gex.distance_to_zero_gamma_pct- macro.spot-],up,0.5135,0.482,0.0833
2026-07-15 18:47,2026-W29,BIDU,BIDU260717C00114000,0,skip,,down,-0.5324,-0.5718,0.1541
2026-07-15 18:47,2026-W29,GDX,GDX260918C00080000,0,skip,,down,-0.5155,-0.5366,0.0594
2026-07-15 18:47,2026-W29,REPL,REPL260821P00009000,0,skip,,vertical,-0.1125,-0.1437,0.4077
2026-07-15 18:47,2026-W29,CGAU,CGAU261016C00015000,0,skip,,down,-0.9673,-1.0184,0.5027
2026-07-15 18:53,2026-W29,BAC,BAC260918P00060000,0,skip,,vertical,-0.1214,-0.1301,0.219
2026-07-15 18:53,2026-W29,HYG,HYG260918P00079000,0,skip,,down,-0.7255,-0.8431,0.5
2026-07-15 18:53,2026-W29,PFE,PFE270115C00025000,0,skip,,vertical,0.0714,0.0571,0.1948
2026-07-15 18:53,2026-W29,AEHR,AEHR260724C00105000,0,TAKE,p=0.42 [alt_catalyst.reddit_mention_delta_pct+ macro.spot- macro.sma20-],down,-0.8486,-0.9986,0.5
2026-07-15 18:53,2026-W29,BABA,BABA260807C00140000,0,skip,,down,-0.5542,-0.5783,0.0588
2026-07-15 18:53,2026-W29,CMG,CMG260724C00036000,0,skip,,down,-0.5738,-0.6311,0.245
2026-07-15 18:53,2026-W29,GLD,GLD260720C00375000,0,skip,,down,-0.7398,-0.7732,0.0385
2026-07-15 18:53,2026-W29,CGAU,CGAU261016C00015000,0,skip,,down,-0.9673,-1.0184,0.5
2026-07-15 18:53,2026-W29,WULF,WULF261120C00030000,0,skip,,down,-0.5829,-0.5972,0.1051
2026-07-15 18:53,2026-W29,BABA,BABA260717C00121000,0,skip,,down,-0.5294,-0.576,0.0611
2026-07-15 18:53,2026-W29,PBYI,PBYI260821C00007500,0,skip,,down,-0.9385,-0.9962,1.0
2026-07-15 19:04,2026-W29,KO,KO260821C00082500,0,skip,,down,-0.6299,-0.6437,0.25
2026-07-15 19:04,2026-W29,NVDA,NVDA260724C00230000,0,TAKE,p=0.58 [gex.distance_to_zero_gamma_pct- macro.distance_to_sma20_pct- gex.net_gex+],up,0.3529,0.3431,0.0118
2026-07-15 19:04,2026-W29,VFC,VFC260731C00017500,0,skip,,vertical,-0.3645,-0.4206,0.4087
2026-07-15 19:04,2026-W29,MRVL,MRVL260821P00120000,0,skip,,up,0.3554,0.3099,0.0454
2026-07-15 19:04,2026-W29,CMG,CMG270319C00045000,0,skip,,vertical,-0.2685,-0.3125,0.2477
2026-07-15 19:04,2026-W29,JBL,JBL260717P00290000,0,skip,,down,-1.0,-1.2727,0.25
2026-07-15 19:04,2026-W29,SOFI,SOFI260731C00020000,0,skip,,down,-0.5106,-0.5213,0.0802
2026-07-15 19:04,2026-W29,HUM,HUM260724C00442500,0,skip,,down,-0.5905,-0.7095,0.333
2026-07-15 19:16,2026-W29,SOXL,SOXL260724P00100000,0,skip,,up,0.3575,0.3083,0.024
2026-07-15 19:16,2026-W29,SPCX,SPCX260828P00100000,0,skip,,up,0.4486,0.4057,0.0223
2026-07-15 19:16,2026-W29,INTC,INTC260717C00102000,0,TAKE,p=0.51 [iv_term.iv_ratio+ macro.distance_to_sma20_pct- gex.net_gex-],down,-0.5854,-0.5976,0.0834
2026-07-15 19:16,2026-W29,SKM,SKM260821C00035000,0,skip,,down,-0.5568,-0.5703,1.0
2026-07-15 19:16,2026-W29,C,C260717C00135000,0,skip,,down,-0.7411,-0.7768,0.0769
2026-07-15 19:16,2026-W29,DVN,DVN260821C00045000,0,skip,,down,-0.9774,-0.9925,0.1667
2026-07-15 19:16,2026-W29,CMG,CMG260918P00035000,0,skip,,vertical,0.1899,0.1857,0.248
2026-07-15 19:16,2026-W29,ONON,ONON260724P00039500,0,skip,,vertical,-0.1148,-0.1434,0.3481
2026-07-15 19:16,2026-W29,MRVL,MRVL261016C00290000,0,skip,,vertical,-0.3769,-0.3863,0.0453
2026-07-15 19:27,2026-W29,DRAM,DRAM260724P00055500,0,TAKE,p=0.43 [alt_catalyst.insider_10d_buy_usd- macro.distance_to_sma20_pct- gex.distance_to_zero_gamma_pct-],up,0.3164,0.2873,0.0384
2026-07-15 19:27,2026-W29,CRWV,CRWV260717C00076000,0,skip,,down,-0.6208,-0.632,0.0358
2026-07-15 19:27,2026-W29,SPY,SPY260723P00752000,0,TAKE,p=0.56 [gex.zero_gamma_strike+ iv_term.iv_back+ macro.distance_to_sma20_pct-],up,0.3643,0.3618,0.0096
2026-07-15 19:27,2026-W29,W,W260724P00090000,0,skip,,vertical,0.0548,0.0258,0.305
2026-07-15 19:27,2026-W29,CAT,CAT260724P00785000,0,skip,,down,-0.6647,-0.8468,0.1
2026-07-15 19:27,2026-W29,PYPL,PYPL260918C00057500,0,skip,,vertical,-0.0546,-0.1058,0.0806
2026-07-15 19:27,2026-W29,TRV,TRV260821C00350000,0,skip,,up,0.5353,0.4912,0.9021
2026-07-15 19:27,2026-W29,REPL,REPL260807C00010000,0,skip,,down,-0.5245,-0.7235,0.3333
2026-07-15 19:33,2026-W29,TSLA,TSLA260715P00397500,0,skip,,vertical,0.0147,-0.0183,0.0238
2026-07-15 19:33,2026-W29,QQQ,QQQ260716P00700000,0,TAKE,p=0.55 [gex.zero_gamma_strike+ iv_term.iv_back+ gex.net_gex-],up,0.7188,0.7031,0.0143
2026-07-15 19:33,2026-W29,ALGM,ALGM260821P00040000,0,skip,,up,0.3615,0.3038,0.4195
2026-07-15 19:33,2026-W29,TLT,TLT260715C00082000,0,skip,,vertical,-0.0711,-0.0816,0.025
2026-07-15 19:33,2026-W29,CORZ,CORZ260821C00027000,0,TAKE,p=0.43 [gex.zero_gamma_strike- gex.net_gex+ macro.distance_to_sma20_pct-],down,-0.5036,-0.5719,0.25
2026-07-15 19:33,2026-W29,CORZ,CORZ260918P00017000,0,TAKE,p=0.43 [gex.zero_gamma_strike- gex.net_gex+ macro.distance_to_sma20_pct-],up,0.3113,0.283,0.3836
2026-07-15 19:33,2026-W29,MU,MU260717C00980000,0,TAKE,p=0.53 [gex.net_gex- macro.distance_to_sma20_pct- gex.distance_to_zero_gamma_pct-],down,-0.8543,-0.8829,0.0137
2026-07-15 19:33,2026-W29,RVMD,RVMD260918P00180000,0,skip,,vertical,-0.2021,-0.2373,0.6858
2026-07-15 19:33,2026-W29,CLS,CLS260731P00330000,0,skip,,up,0.357,0.3202,1.0
2026-07-15 19:45,2026-W29,IBRX,IBRX280121C00007500,0,skip,,down,-0.7316,-0.7579,0.7307
2026-07-15 19:45,2026-W29,ETHA,ETHA260918C00017000,0,skip,,down,-0.6304,-0.6522,0.1335
2026-07-15 19:45,2026-W29,GLW,GLW260717C00177500,0,skip,,down,-0.9038,-0.9544,0.2
2026-07-15 19:45,2026-W29,IWM,IWM260724P00295000,0,skip,,up,0.717,0.7094,0.0508
2026-07-15 19:45,2026-W29,RSI,RSI261016P00030000,0,skip,,vertical,-0.161,-0.1732,1.0
2026-07-15 19:45,2026-W29,XLP,XLP260717P00083500,0,skip,,down,-0.875,-0.9554,0.5
2026-07-15 19:45,2026-W29,MARA,MARA260918C00020000,0,skip,,down,-0.5135,-0.5676,0.2281
2026-07-15 19:45,2026-W29,EWJ,EWJ260828P00094000,0,skip,,up,0.6065,0.55,0.7126
2026-07-15 19:45,2026-W29,GDX,GDX260724C00076500,0,skip,,down,-0.75,-0.7946,0.0588
2026-07-15 19:57,2026-W29,ON,ON270319P00050000,0,skip,,vertical,-0.31,-0.541,0.0867
2026-07-15 19:57,2026-W29,NVDA,NVDA260717C00212500,0,TAKE,p=0.58 [gex.distance_to_zero_gamma_pct- macro.distance_to_sma20_pct- gex.net_gex+],down,-0.6905,-0.7222,0.0119
2026-07-15 19:57,2026-W29,BNO,BNO270115C00070000,0,skip,,vertical,-0.0852,-0.1685,0.4799
2026-07-15 19:57,2026-W29,NVDA,NVDA260821C00240000,0,TAKE,p=0.58 [gex.distance_to_zero_gamma_pct- macro.distance_to_sma20_pct- gex.net_gex+],down,-0.5294,-0.5373,0.0105
2026-07-15 19:57,2026-W29,CRWV,CRWV260724C00080000,0,skip,,down,-0.5079,-0.5159,0.0361
2026-07-15 19:57,2026-W29,LRCX,LRCX260724C00410000,0,TAKE,p=0.62 [gex.net_gex- gex.distance_to_zero_gamma_pct- macro.distance_to_sma20_pct-],down,-0.9962,-1.0808,0.0909
2026-07-15 19:57,2026-W29,SLV,SLV261231P00035000,0,skip,,vertical,-0.0274,-0.0822,0.0503
2026-07-15 19:57,2026-W29,STZ,STZ260724P00120000,0,skip,,down,-0.9864,-1.475,0.2
2026-07-15 19:57,2026-W29,SLV,SLV260821C00053000,0,skip,,vertical,-0.2784,-0.3039,0.0503
2026-07-15 19:57,2026-W29,SMH,SMH260717P00570000,0,skip,,up,0.4025,0.3407,0.0213
2026-07-16 13:32,2026-W29,BMNR,BMNR260814C00016500,1,skip,,down,-0.5437,-0.7256,0.125
2026-07-16 13:32,2026-W29,SPY,SPY260821P00675000,0,skip,,up,0.7731,0.7695,0.0077
2026-07-16 13:32,2026-W29,TSLA,TSLA260717C00395000,0,skip,,up,0.4852,0.4623,0.0223
2026-07-16 13:32,2026-W29,KRE,KRE260717C00074000,0,skip,,up,0.3249,0.2911,0.1324
2026-07-16 13:32,2026-W29,QQQ,QQQ260716C00713000,0,skip,,down,-0.6803,-0.6991,0.0137
2026-07-16 13:32,2026-W29,BMNR,BMNR270115C00025000,0,skip,,vertical,-0.1138,-0.1347,0.1042
2026-07-16 13:32,2026-W29,NFLX,NFLX260821C00080000,0,skip,,down,-0.9886,-1.0057,0.0347
2026-07-16 13:32,2026-W29,ASTS,ASTS260724C00065000,0,skip,,down,-0.5606,-0.6263,0.0796
2026-07-16 13:32,2026-W29,ASTS,ASTS260717C00060000,0,skip,,down,-0.5585,-0.6064,0.076
2026-07-16 13:32,2026-W29,IREN,IREN260918C00060000,0,skip,,vertical,-0.2284,-0.2335,0.0336
2026-07-16 13:32,2026-W29,AFRM,AFRM260717C00080000,0,skip,,down,-0.5243,-0.6498,0.3507
2026-07-16 13:42,2026-W29,BAC,BAC260814P00059000,1,skip,,down,-0.6744,-0.8083,0.2
2026-07-16 13:42,2026-W29,SLV,SLV260918C00053000,0,skip,,vertical,0.0325,0.0325,0.0489
2026-07-16 13:42,2026-W29,SPY,SPY260717C00756000,0,skip,,up,0.6364,0.6234,0.0092
2026-07-16 13:42,2026-W29,TSLA,TSLA260717P00385000,0,skip,,down,-0.6385,-0.6577,0.0222
2026-07-16 13:42,2026-W29,QQQ,QQQ260717P00700000,0,skip,,up,0.3061,0.3027,0.013
2026-07-16 13:42,2026-W29,FXI,FXI260918P00036000,0,skip,,vertical,0.0409,0.0114,0.9007
2026-07-16 13:42,2026-W29,COIN,COIN260717C00162500,0,skip,,down,-0.9971,-1.0225,0.0363
2026-07-16 13:42,2026-W29,ASTS,ASTS260821P00050000,0,skip,,up,0.3054,0.2784,0.076
2026-07-16 13:42,2026-W29,HCA,HCA260821C00455000,0,skip,,down,-1.0,-1.275,0.498
2026-07-16 13:42,2026-W29,BAC,BAC260724P00061000,0,skip,,vertical,-0.2329,-0.2671,0.1991
2026-07-16 13:42,2026-W29,LVS,LVS260717P00046000,0,skip,,down,-0.5194,-0.8566,1.0
2026-07-16 13:42,2026-W29,CDE,CDE260821P00017500,0,skip,,vertical,0.1789,0.1614,0.4553
2026-07-16 13:42,2026-W29,NBIS,NBIS260717C00200000,0,skip,,down,-0.6676,-0.7529,0.0153
2026-07-16 13:52,2026-W29,EWZ,EWZ260814C00037000,1,skip,,down,-0.9262,-1.7909,0.1429
2026-07-16 13:52,2026-W29,INTC,INTC260717P00096000,0,skip,,up,0.306,0.2873,0.0676
2026-07-16 13:52,2026-W29,INTC,INTC260731C00120000,0,skip,,down,-0.5502,-0.5576,0.0531
2026-07-16 13:52,2026-W29,AAPL,AAPL260717C00330000,0,skip,,up,0.348,0.33,0.04
2026-07-16 13:52,2026-W29,GDX,GDX260821C00079000,0,skip,,vertical,-0.2198,-0.2253,0.0629
2026-07-16 13:52,2026-W29,SPY,SPY260717P00751000,0,skip,,down,-0.5075,-0.51,0.009
2026-07-16 13:52,2026-W29,EWY,EWY260717P00165000,0,skip,,up,0.8306,0.775,0.041
2026-07-16 13:52,2026-W29,EWZ,EWZ260918C00038000,0,skip,,vertical,-0.1013,-0.1266,0.1565
2026-07-16 13:52,2026-W29,FRO,FRO260821C00040000,0,skip,,down,-0.5333,-0.5636,0.5
2026-07-16 13:52,2026-W29,SMG,SMG260821C00080000,0,skip,,down,-0.872,-1.012,1.0
2026-07-16 13:52,2026-W29,GRRR,GRRR260717P00012500,0,skip,,down,-0.6114,-0.7257,1.0
2026-07-16 13:52,2026-W29,IREN,IREN260717P00034000,0,skip,,up,0.3448,0.2672,0.0406
2026-07-16 13:52,2026-W29,FIG,FIG260918C00025000,0,skip,,up,0.3201,0.2734,0.1552
2026-07-16 13:52,2026-W29,TLT,TLT260821C00084000,0,skip,,up,0.4494,0.4438,0.0259
2026-07-16 13:52,2026-W29,GS,GS260717C01000000,0,skip,,vertical,-0.4565,-0.473,0.0535
2026-07-16 14:03,2026-W29,XRT,XRT260814P00087000,1,skip,,down,-0.6158,-1.0564,0.5
2026-07-16 14:03,2026-W29,SPIR,SPIR270115P00012000,0,skip,,vertical,-0.18,-0.2657,1.0
2026-07-16 14:03,2026-W29,SPY,SPY260821P00692000,0,skip,,up,0.7109,0.7062,0.0076
2026-07-16 14:03,2026-W29,TSLA,TSLA260720P00380000,0,skip,,up,0.6312,0.6234,0.018
2026-07-16 14:03,2026-W29,SPY,SPY260717P00743000,0,skip,,down,-0.5758,-0.5909,0.009
2026-07-16 14:03,2026-W29,VLO,VLO260821C00350000,0,skip,,vertical,0.0132,-0.0526,0.3752
2026-07-16 14:03,2026-W29,RBLX,RBLX260717C00053000,0,skip,,down,-0.5517,-0.6552,0.1523
2026-07-16 14:03,2026-W29,D,D260821C00072500,0,skip,,vertical,-0.2235,-0.3412,1.0
2026-07-16 14:03,2026-W29,NOK,NOK270115C00025000,0,skip,,vertical,-0.2778,-0.3194,0.1628
2026-07-16 14:03,2026-W29,SOXL,SOXL260717C00170000,0,skip,,down,-0.7018,-0.8187,0.0261
2026-07-16 14:03,2026-W29,VRT,VRT260717P00290000,0,skip,,up,1.6141,1.503,0.1414
2026-07-16 14:03,2026-W29,XRT,XRT260731P00087500,0,skip,,down,-0.7548,-1.1258,0.5
2026-07-16 14:03,2026-W29,MRNA,MRNA260724C00067000,0,skip,,down,-0.5589,-0.7411,0.1111
2026-07-16 14:03,2026-W29,FIVN,FIVN260821C00030000,0,skip,,vertical,0.0167,-0.0667,0.4844
2026-07-16 14:03,2026-W29,MSTR,MSTR260717C00098000,0,skip,,down,-0.5,-0.5491,0.0402
2026-07-16 14:03,2026-W29,BABA,BABA260821P00110000,0,skip,,up,0.381,0.3571,0.0415
2026-07-16 14:12,2026-W29,RIVN,RIVN260814C00018000,1,skip,,down,-0.6725,-0.7738,0.2039
2026-07-16 14:12,2026-W29,TGT,TGT260724C00139000,0,skip,,vertical,-0.3359,-0.4,0.1562
2026-07-16 14:12,2026-W29,IWM,IWM261016C00320000,0,skip,,vertical,-0.298,-0.3068,0.047
2026-07-16 14:12,2026-W29,PFE,PFE270115C00025000,0,skip,,vertical,-0.1018,-0.1257,0.159
2026-07-16 14:12,2026-W29,SPY,SPY260717P00753000,0,skip,,up,0.4521,0.4495,0.0084
2026-07-16 14:12,2026-W29,RIVN,RIVN270115C00020000,0,skip,,vertical,-0.1263,-0.1702,0.214
2026-07-16 14:12,2026-W29,META,META260720C00700000,0,skip,,up,0.3,0.2839,0.0168
2026-07-16 14:12,2026-W29,NOW,NOW260717P00100000,0,skip,,down,-0.5787,-0.6091,0.125
2026-07-16 14:12,2026-W29,LOW,LOW260724C00215000,0,skip,,up,0.4615,0.359,0.3305
2026-07-16 14:12,2026-W29,BABA,BABA260717C00116000,0,skip,,down,-0.9636,-1.0091,0.0414
2026-07-16 14:12,2026-W29,BA,BA260724C00220000,0,skip,,down,-0.8007,-0.8282,0.1306
2026-07-16 14:12,2026-W29,NKE,NKE260717P00044500,0,skip,,down,-0.5476,-0.631,0.9655
2026-07-16 14:12,2026-W29,MPC,MPC260821C00350000,0,skip,,vertical,0.1619,0.0905,0.1686
2026-07-16 14:12,2026-W29,NUAI,NUAI260717P00004500,0,skip,,down,-0.8,-0.9923,1.0
2026-07-16 14:12,2026-W29,DHT,DHT260717C00017000,0,skip,,down,-0.9391,-1.0043,0.5141
2026-07-16 14:12,2026-W29,NN,NN260918C00020000,0,skip,,down,-0.9462,-1.0231,1.0
2026-07-16 14:12,2026-W29,DIA,DIA260717C00527000,0,skip,,down,-0.5221,-0.5294,0.0925
2026-07-16 14:12,2026-W29,ASML,ASML260821P01940000,0,skip,,up,0.3476,0.3409,0.115
2026-07-16 14:23,2026-W29,KRE,KRE260814C00080500,1,skip,,down,-0.8009,-1.3339,0.125
2026-07-16 14:23,2026-W29,SPY,SPY260717P00754000,0,skip,,up,0.5407,0.5359,0.0083
2026-07-16 14:23,2026-W29,ABT,ABT260724C00098000,0,skip,,vertical,-0.1474,-0.2,0.5187
2026-07-16 14:23,2026-W29,SPY,SPY260716C00753000,0,skip,,down,-0.6,-0.6062,0.0083
2026-07-16 14:23,2026-W29,SPY,SPY260717C00755000,0,skip,,down,-0.5068,-0.5135,0.008
2026-07-16 14:23,2026-W29,CVX,CVX260918P00170000,0,skip,,vertical,-0.3042,-0.3394,0.2488
2026-07-16 14:23,2026-W29,IWM,IWM260730P00285000,0,skip,,up,0.3524,0.3381,0.0523
2026-07-16 14:23,2026-W29,SPCX,SPCX260807C00190000,0,skip,,down,-0.7133,-0.78,0.0205
2026-07-16 14:23,2026-W29,AOSL,AOSL260918P00027500,0,skip,,vertical,0.0079,-0.0316,0.2743
2026-07-16 14:23,2026-W29,IBM,IBM260717P00205000,0,skip,,down,-0.6452,-0.7194,0.0347
2026-07-16 14:23,2026-W29,NEM,NEM260821P00090000,0,skip,,vertical,0.242,0.2111,0.3511
2026-07-16 14:23,2026-W29,KRE,KRE260821C00078000,0,skip,,vertical,-0.216,-0.2465,0.0814
2026-07-16 14:23,2026-W29,LULU,LULU260807P00110000,0,skip,,vertical,-0.1857,-0.2658,0.1288
2026-07-16 14:23,2026-W29,VTRS,VTRS260717C00015000,0,skip,,vertical,-0.0739,-0.1283,1.0
2026-07-16 14:23,2026-W29,PATH,PATH260821C00011000,0,skip,,up,0.3438,0.3125,0.1225
2026-07-16 14:23,2026-W29,FSLY,FSLY260717P00021000,0,skip,,up,0.3375,0.3063,1.0
2026-07-16 14:32,2026-W29,FISV,FISV260814C00052000,1,skip,,vertical,-0.1496,-0.2285,0.1725
2026-07-16 14:32,2026-W29,GOOG,GOOG260717C00372500,0,skip,,down,-0.7867,-0.82,0.0608
2026-07-16 14:32,2026-W29,GOOGL,GOOGL260717C00375000,0,skip,,down,-0.8053,-0.8208,0.0461
2026-07-16 14:32,2026-W29,WYFI,WYFI260821P00025000,0,skip,,vertical,-0.0676,-0.0946,0.9541
2026-07-16 14:32,2026-W29,KORU,KORU260731C00027500,0,skip,,down,-0.5037,-0.6333,1.0
2026-07-16 14:32,2026-W29,IWM,IWM260731P00291000,0,skip,,up,0.3272,0.318,0.0519
2026-07-16 14:32,2026-W29,SPY,SPY260716C00755000,0,skip,,down,-0.561,-0.5793,0.0085
2026-07-16 14:32,2026-W29,QQQ,QQQ260716C00714000,0,skip,,down,-0.7087,-0.7244,0.014
2026-07-16 14:32,2026-W29,RKLB,RKLB260717C00070000,0,skip,,down,-0.538,-0.5601,0.1245
2026-07-16 14:32,2026-W29,OXY,OXY260821C00057500,0,skip,,vertical,0.2815,0.263,0.2528
2026-07-16 14:32,2026-W29,FISV,FISV260821C00055000,0,skip,,vertical,-0.11,-0.21,0.1725
2026-07-16 14:32,2026-W29,GDX,GDX260717C00073000,0,skip,,down,-0.5323,-0.621,0.0605
2026-07-16 14:32,2026-W29,SMR,SMR260828P00008500,0,skip,,vertical,-0.2056,-0.375,0.5487
2026-07-16 14:32,2026-W29,NFLX,NFLX260731C00073000,0,skip,,down,-0.9924,-0.9987,0.0343
2026-07-16 14:32,2026-W29,BABA,BABA260731C00135000,0,skip,,down,-0.5606,-0.6061,0.0412
2026-07-16 14:32,2026-W29,DFTX,DFTX260821P00040000,0,skip,,down,-0.5683,-0.6537,0.25
2026-07-16 14:32,2026-W29,APA,APA260724C00034000,0,skip,,down,-1.0,-1.0372,0.3356
2026-07-16 14:42,2026-W29,IOVA,IOVA260814C00005000,1,skip,,down,-0.5333,-1.005,1.0
2026-07-16 14:42,2026-W29,SPY,SPY261016P00650000,0,skip,,up,0.4,0.3975,0.0076
2026-07-16 14:42,2026-W29,XLV,XLV260724C00162000,0,skip,,up,0.319,0.2209,0.5
2026-07-16 14:42,2026-W29,SPY,SPY260722P00750000,0,skip,,up,0.4634,0.4594,0.0081
2026-07-16 14:42,2026-W29,PEP,PEP260821C00140000,0,skip,,up,0.3027,0.2942,1.0
2026-07-16 14:42,2026-W29,NVDA,NVDA260717P00205000,0,skip,,up,0.5294,0.5147,0.0111
2026-07-16 14:42,2026-W29,NFLX,NFLX261218C00100000,0,skip,,down,-0.6821,-0.7128,0.0343
2026-07-16 14:42,2026-W29,IREN,IREN260724P00032000,0,skip,,up,0.6917,0.6692,0.0318
2026-07-16 14:42,2026-W29,ORCL,ORCL260724C00134000,0,skip,,vertical,-0.0601,-0.0792,0.0207
2026-07-16 14:42,2026-W29,KRE,KRE260731C00076500,0,skip,,vertical,-0.3661,-0.4152,0.0809
2026-07-16 14:42,2026-W29,ARKG,ARKG260731C00041000,0,skip,,down,-0.5487,-0.6256,1.0
2026-07-16 14:42,2026-W29,RUN,RUN260731C00012000,0,skip,,vertical,-0.2979,-0.3298,1.0
2026-07-16 14:42,2026-W29,BMNR,BMNR261120C00029000,0,skip,,vertical,-0.3676,-0.4706,0.103
2026-07-16 14:42,2026-W29,KRE,KRE260821C00077000,0,skip,,vertical,-0.2242,-0.2544,0.0809
2026-07-16 14:42,2026-W29,DG,DG260821C00140000,0,skip,,up,0.3522,0.305,0.4066
2026-07-16 14:42,2026-W29,LEU,LEU260717C00150000,0,skip,,down,-0.5103,-0.6741,1.0
2026-07-16 14:42,2026-W29,PYPL,PYPL260724C00060000,0,skip,,down,-0.5217,-0.5543,0.0776
2026-07-16 14:42,2026-W29,AAOI,AAOI280121P00070000,0,skip,,vertical,-0.0595,-0.0852,0.2291
2026-07-16 14:42,2026-W29,TSM,TSM281215C00620000,0,skip,,vertical,-0.1164,-0.1298,0.0497
2026-07-16 14:51,2026-W29,SLS,SLS260814P00011500,1,skip,,down,-0.5631,-1.0622,0.5
2026-07-16 14:51,2026-W29,SLS,SLS261016P00004000,0,skip,,vertical,-0.2129,-0.3097,0.6299
2026-07-16 14:51,2026-W29,XLK,XLK260724C00179000,0,skip,,down,-0.7449,-0.8101,0.1476
2026-07-16 14:51,2026-W29,QQQ,QQQ260716C00710000,0,skip,,down,-0.6787,-0.6841,0.0128
2026-07-16 14:51,2026-W29,COST,COST260807P00850000,0,skip,,down,-0.5411,-0.7273,0.0476
2026-07-16 14:51,2026-W29,BKR,BKR260821C00060000,0,skip,,vertical,-0.2467,-0.28,1.0
2026-07-16 14:51,2026-W29,GDX,GDX260821C00078000,0,skip,,vertical,-0.1585,-0.1803,0.0628
2026-07-16 14:51,2026-W29,DIA,DIA260724C00537000,0,skip,,down,-0.5833,-0.6458,0.0922
2026-07-16 14:51,2026-W29,USO,USO260717C00121000,0,skip,,down,-0.5353,-0.6676,0.0503
2026-07-16 14:51,2026-W29,SOXL,SOXL260724C00200000,0,skip,,down,-0.8031,-0.8766,0.0382
2026-07-16 14:51,2026-W29,BAX,BAX260724C00023000,0,skip,,down,-0.6143,-0.6857,1.0
2026-07-16 14:51,2026-W29,DHT,DHT260821C00020000,0,skip,,down,-0.8727,-1.0091,0.5
2026-07-16 14:51,2026-W29,KWEB,KWEB260918C00030000,0,skip,,down,-0.5125,-0.5312,0.114
2026-07-16 14:51,2026-W29,VOYA,VOYA260821C00105000,0,skip,,down,-0.5486,-0.5757,0.6002
2026-07-16 14:51,2026-W29,XLE,XLE260717C00054000,0,skip,,vertical,0.1836,0.1525,0.0568
2026-07-16 14:51,2026-W29,LUNR,LUNR260717P00015000,0,skip,,up,0.3455,0.3136,0.3333
2026-07-16 14:51,2026-W29,APA,APA260724P00035000,0,skip,,down,-0.6831,-0.7113,0.3333
2026-07-16 14:51,2026-W29,META,META260731P00600000,0,skip,,up,0.4498,0.4262,0.016
2026-07-16 15:02,2026-W29,BSX,BSX260814C00047000,1,skip,,down,-0.5105,-0.5554,0.3333
2026-07-16 15:02,2026-W29,SPY,SPY260722P00751000,0,skip,,up,0.3134,0.3097,0.0081
2026-07-16 15:02,2026-W29,BSX,BSX270115C00060000,0,skip,,down,-0.6085,-0.6511,0.4965
2026-07-16 15:02,2026-W29,BKSY,BKSY260821C00025000,0,skip,,down,-0.9022,-0.9244,1.0
2026-07-16 15:02,2026-W29,NEE,NEE260807C00090000,0,skip,,vertical,-0.2937,-0.3175,1.0
2026-07-16 15:02,2026-W29,BAC,BAC270115P00060000,0,skip,,vertical,0.05,0.0353,0.1969
2026-07-16 15:02,2026-W29,RDDT,RDDT260731P00160000,0,skip,,up,0.3462,0.3013,0.1249
2026-07-16 15:02,2026-W29,W,W260731C00100000,0,skip,,down,-0.7897,-0.8413,0.2649
2026-07-16 15:02,2026-W29,HIMX,HIMX260821C00018000,0,skip,,down,-0.9538,-1.0308,1.0
2026-07-16 15:02,2026-W29,IBRX,IBRX280121C00010000,0,skip,,vertical,-0.1806,-0.2129,0.6119
2026-07-16 15:02,2026-W29,SQQQ,SQQQ260807C00050000,0,skip,,up,0.8987,0.8481,0.1993
2026-07-16 15:02,2026-W29,MSTR,MSTR260821P00075000,0,skip,,vertical,-0.1233,-0.1353,0.0365
2026-07-16 15:02,2026-W29,CPRT,CPRT260918P00027500,0,skip,,down,-0.7714,-0.8071,1.0
2026-07-16 15:11,2026-W29,NASA,NASA260828P00022500,1,skip,,down,-0.7569,-1.3098,0.3333
2026-07-16 15:11,2026-W29,IREN,IREN260724P00031000,0,skip,,up,0.531,0.4867,0.0316
2026-07-16 15:11,2026-W29,TEN,TEN260821C00040000,0,skip,,down,-0.7106,-0.9128,1.0
2026-07-16 15:11,2026-W29,XYL,XYL260918P00110000,0,skip,,down,-0.5692,-0.8577,1.0
2026-07-16 15:11,2026-W29,IREN,IREN270115P00020000,0,skip,,vertical,-0.0469,-0.0625,0.0331
2026-07-16 15:11,2026-W29,CRWV,CRWV260717P00072500,0,skip,,up,1.4667,1.4367,0.0365
2026-07-16 15:11,2026-W29,SPY,SPY260724P00750000,0,skip,,up,0.317,0.3141,0.0079
2026-07-16 15:11,2026-W29,NASA,NASA260821P00022000,0,skip,,vertical,-0.219,-0.2667,0.6125
2026-07-16 15:11,2026-W29,ORCL,ORCL260717C00126000,0,skip,,down,-0.5149,-0.5383,0.0208
2026-07-16 15:11,2026-W29,MA,MA260724P00532500,0,skip,,down,-0.7406,-0.8734,0.5
2026-07-16 15:11,2026-W29,NVDA,NVDA260717C00205000,0,skip,,down,-0.6687,-0.6766,0.0094
2026-07-16 15:11,2026-W29,SMCI,SMCI260814C00025000,0,skip,,vertical,-0.1968,-0.2048,0.1645
2026-07-16 15:11,2026-W29,LCID,LCID270115P00005000,0,skip,,vertical,-0.2818,-0.4144,0.6128
2026-07-16 15:11,2026-W29,CRWV,CRWV260724P00071000,0,skip,,up,0.5738,0.5443,0.0365
2026-07-16 15:11,2026-W29,PLTR,PLTR260724C00133000,0,skip,,vertical,-0.0949,-0.1205,0.0258
2026-07-16 15:11,2026-W29,CSCO,CSCO260717P00107000,0,skip,,down,-0.5385,-0.6026,0.3333
2026-07-16 15:11,2026-W29,SLV,SLV260821C00054000,0,skip,,vertical,-0.0759,-0.0918,0.0484
2026-07-16 15:11,2026-W29,EEM,EEM260717C00064500,0,skip,,down,-0.5636,-0.5909,0.25
2026-07-16 15:11,2026-W29,PL,PL260821P00020000,0,skip,,vertical,-0.0222,-0.0593,0.3595
2026-07-16 15:11,2026-W29,IBRX,IBRX260724P00007500,0,skip,,down,-0.8,-0.925,0.3333
2026-07-16 15:22,2026-W29,SMCI,SMCI260814C00026000,1,skip,,down,-0.5037,-0.5275,0.1415
2026-07-16 15:22,2026-W29,QQQ,QQQ260717C00712000,0,skip,,down,-0.5588,-0.5605,0.0127
2026-07-16 15:22,2026-W29,SLV,SLV261218P00045000,0,skip,,vertical,-0.0174,-0.0314,0.0484
2026-07-16 15:22,2026-W29,APPS,APPS260918C00011000,0,skip,,vertical,-0.4174,-0.4609,1.0
2026-07-16 15:22,2026-W29,GRPN,GRPN260821C00030000,0,skip,,vertical,-0.0258,-0.0903,0.5058
2026-07-16 15:22,2026-W29,JNJ,JNJ261016C00280000,0,skip,,vertical,0.0647,-0.0015,0.5534
2026-07-16 15:22,2026-W29,QQQ,QQQ260716C00711000,0,skip,,down,-0.6028,-0.6099,0.0123
2026-07-16 15:22,2026-W29,QQQ,QQQ260717P00705000,0,skip,,up,0.412,0.4074,0.0123
2026-07-16 15:22,2026-W29,KRE,KRE260724C00079000,0,skip,,down,-0.7188,-0.7578,0.0741
2026-07-16 15:22,2026-W29,GOOGL,GOOGL260720C00375000,0,skip,,down,-0.6767,-0.6817,0.0454
2026-07-16 15:22,2026-W29,SLV,SLV260918C00058000,0,skip,,vertical,-0.0467,-0.0633,0.0484
2026-07-16 15:22,2026-W29,DAL,DAL260724C00084000,0,skip,,vertical,-0.4917,-0.5333,0.931
2026-07-16 15:22,2026-W29,ONDS,ONDS260918C00010000,0,skip,,vertical,-0.2647,-0.2941,0.3333
2026-07-16 15:22,2026-W29,FIG,FIG260821C00025000,0,skip,,up,0.3022,0.2867,0.1488
2026-07-16 15:22,2026-W29,GDXJ,GDXJ260717P00093000,0,skip,,down,-0.5758,-0.6515,0.5
2026-07-16 15:22,2026-W29,USO,USO260918P00105000,0,skip,,vertical,-0.2963,-0.3064,0.0472
2026-07-16 15:22,2026-W29,SMCI,SMCI260821C00030000,0,skip,,vertical,-0.1519,-0.1614,0.1645
2026-07-16 15:22,2026-W29,KRE,KRE260724C00078000,0,skip,,down,-0.51,-0.57,0.0767
2026-07-16 15:22,2026-W29,DRAM,DRAM260717C00054000,0,skip,,down,-0.5421,-0.6262,0.056
2026-07-16 15:32,2026-W29,CMG,CMG260814C00036000,1,skip,,down,-0.5111,-0.5416,0.2
2026-07-16 15:32,2026-W29,SPY,SPY260716P00754000,0,skip,,up,0.8852,0.8689,0.0079
2026-07-16 15:32,2026-W29,NVDA,NVDA260720C00207500,0,skip,,down,-0.5704,-0.5759,0.0094
2026-07-16 15:32,2026-W29,MRVL,MRVL260821P00125000,0,skip,,up,0.4712,0.4346,0.0466
2026-07-16 15:32,2026-W29,SOFI,SOFI260731P00018000,0,skip,,up,0.5312,0.5273,0.0776
2026-07-16 15:32,2026-W29,OXY,OXY260918C00057500,0,skip,,vertical,0.1558,0.1307,0.25
2026-07-16 15:32,2026-W29,BNY,BNY260821P00150000,0,skip,,down,-0.5911,-0.68,0.3333
2026-07-16 15:32,2026-W29,NBIS,NBIS260717P00172500,0,skip,,up,0.429,0.371,0.0186
2026-07-16 15:32,2026-W29,TTMI,TTMI260717C00140000,0,skip,,down,-0.6069,-0.7276,0.9276
2026-07-16 15:32,2026-W29,CMG,CMG260918C00035000,0,skip,,vertical,-0.02,-0.03,0.2444
2026-07-16 15:42,2026-W29,TMC,TMC260814C00004000,1,skip,,down,-0.5,-0.5864,0.5
2026-07-16 15:42,2026-W29,RKLB,RKLB260724P00068000,0,skip,,up,0.3892,0.3689,0.0936
2026-07-16 15:42,2026-W29,XOM,XOM260821C00150000,0,skip,,vertical,0.1711,0.1579,0.1754
2026-07-16 15:42,2026-W29,IWM,IWM260918P00275000,0,skip,,up,0.3388,0.3322,0.0479
2026-07-16 15:42,2026-W29,TMC,TMC280121C00005000,0,skip,,vertical,-0.1053,-0.1345,0.6148
2026-07-16 15:42,2026-W29,TSLA,TSLA260717P00390000,0,skip,,up,0.9094,0.9038,0.0197
2026-07-16 15:42,2026-W29,LMT,LMT260717C00520000,0,skip,,down,-0.5575,-0.645,1.0
2026-07-16 15:42,2026-W29,SILJ,SILJ270115C00026000,0,skip,,vertical,-0.1187,-0.15,0.9313
2026-07-16 15:42,2026-W29,CCL,CCL260918P00024000,0,skip,,vertical,0.0,-0.0109,0.2382
2026-07-16 15:42,2026-W29,ABT,ABT260807P00095000,0,skip,,down,-1.0,-1.0667,0.3534
2026-07-16 15:42,2026-W29,MRVL,MRVL260821C00280000,0,skip,,vertical,-0.1387,-0.1548,0.0457
2026-07-16 15:42,2026-W29,CIFR,CIFR260821C00030000,0,skip,,down,-0.7179,-0.7564,1.0
2026-07-16 15:42,2026-W29,ASTS,ASTS270115C00180000,0,skip,,up,0.3137,0.2868,0.0672
2026-07-16 15:42,2026-W29,ASO,ASO260821C00050000,0,skip,,down,-0.8842,-0.9105,1.0
2026-07-16 15:42,2026-W29,KWEB,KWEB260918C00029000,0,skip,,vertical,-0.2685,-0.3009,0.1183
2026-07-16 15:52,2026-W29,WFC,WFC260821P00082500,0,skip,,vertical,0.0625,0.026,0.4846
2026-07-16 15:52,2026-W29,REXR,REXR260821C00035000,0,skip,,up,0.3154,-0.0019,0.9624
2026-07-16 15:52,2026-W29,LLY,LLY260724P01095000,0,skip,,down,-0.5068,-0.6233,0.1
2026-07-16 15:52,2026-W29,REXR,REXR260717C00035000,0,skip,,up,0.4432,0.2811,0.461
2026-07-16 15:52,2026-W29,SPY,SPY260716C00754000,0,skip,,down,-0.6364,-0.6477,0.0078
2026-07-16 15:52,2026-W29,EIX,EIX261016C00080000,0,skip,,vertical,-0.1925,-0.23,1.0
2026-07-16 15:52,2026-W29,ORCL,ORCL260724P00125000,0,skip,,up,0.3568,0.35,0.0205
2026-07-16 15:52,2026-W29,PLTR,PLTR260717C00132000,0,skip,,up,0.3056,0.2963,0.0316
2026-07-16 15:52,2026-W29,NBIS,NBIS260724P00110000,0,skip,,up,0.3582,0.1716,0.0264
2026-07-16 15:52,2026-W29,MO,MO260724C00072000,0,skip,,up,0.3232,0.2929,0.3209
2026-07-16 15:52,2026-W29,PG,PG261016C00165000,0,skip,,up,0.3761,0.3397,0.4824
2026-07-16 15:52,2026-W29,NOK,NOK260918P00010000,0,skip,,vertical,0.0777,0.068,0.1619
2026-07-16 15:52,2026-W29,REXR,REXR260821P00035000,0,skip,,down,-0.5167,-0.7667,0.3333
2026-07-16 15:52,2026-W29,CIA,CIA270219P00005000,0,skip,,vertical,-0.1091,-0.2,0.5
2026-07-16 15:52,2026-W29,DRAM,DRAM260821C00070000,0,skip,,up,0.3051,0.2712,0.0535
2026-07-16 15:52,2026-W29,SOFI,SOFI261016C00017000,0,skip,,vertical,-0.1053,-0.1109,0.0866
2026-07-16 15:52,2026-W29,NOC,NOC270115P00570000,0,skip,,vertical,-0.0339,-0.0701,0.4982
2026-07-16 16:02,2026-W29,KWEB,KWEB260814P00026500,1,skip,,down,-0.5856,-0.701,0.1111
2026-07-16 16:02,2026-W29,AVGO,AVGO260724C00407500,0,skip,,down,-0.7425,-0.7973,0.0658
2026-07-16 16:02,2026-W29,MSFT,MSFT260717C00400000,0,skip,,up,0.33,0.3113,0.0222
2026-07-16 16:02,2026-W29,KWEB,KWEB260821P00026000,0,skip,,up,0.3208,0.2925,0.1115
2026-07-16 16:02,2026-W29,ECHO,ECHO260807C00100000,0,skip,,down,-0.5667,-0.5818,0.125
2026-07-16 16:02,2026-W29,IWM,IWM260729C00301000,0,skip,,down,-0.5944,-0.6056,0.0477
2026-07-16 16:02,2026-W29,SPY,SPY260717P00750000,0,skip,,up,0.5258,0.5206,0.0078
2026-07-16 16:02,2026-W29,NVDA,NVDA260724C00215000,0,skip,,down,-0.7095,-0.7167,0.0094
2026-07-16 16:02,2026-W29,KRE,KRE260717C00075000,0,skip,,down,-0.5169,-0.5439,0.0754
2026-07-16 16:02,2026-W29,FCX,FCX260724P00058000,0,skip,,up,0.3202,0.2956,0.2487
2026-07-16 16:02,2026-W29,TTD,TTD261016P00017500,0,skip,,vertical,0.0428,0.0241,0.3843
2026-07-16 16:02,2026-W29,TQQQ,TQQQ260724P00073000,0,skip,,up,0.3275,0.3058,0.0833
2026-07-16 16:02,2026-W29,RIVN,RIVN260821C00017000,0,skip,,vertical,0.1437,0.1344,0.2116
2026-07-16 16:02,2026-W29,PFE,PFE260717C00024500,0,skip,,up,0.3944,0.3592,0.1438
2026-07-16 16:02,2026-W29,IBIT,IBIT261218C00045000,0,skip,,vertical,-0.1135,-0.1277,0.0409
2026-07-16 16:02,2026-W29,IREN,IREN260717C00035000,0,skip,,down,-0.9444,-0.9683,0.0312
2026-07-16 16:02,2026-W29,KODK,KODK270115C00009000,0,skip,,down,-1.0,-1.2419,1.0
2026-07-16 16:02,2026-W29,TE,TE280121C00020000,0,skip,,down,-1.0,-1.0227,0.4423
2026-07-16 16:02,2026-W29,WDAY,WDAY260821C00170000,0,skip,,vertical,-0.11,-0.185,0.3102
2026-07-16 16:02,2026-W29,GFS,GFS260717C00060000,0,skip,,down,-0.53,-0.755,0.3333
2026-07-16 16:12,2026-W29,RKT,RKT260814C00015500,1,skip,,down,-0.5565,-0.6299,0.3333
2026-07-16 16:12,2026-W29,DT,DT260918P00042500,0,skip,,down,-0.5925,-0.6302,1.0
2026-07-16 16:12,2026-W29,QQQ,QQQ260716P00710000,0,skip,,up,0.5097,0.5058,0.0121
2026-07-16 16:12,2026-W29,SPY,SPY260717C00753000,0,skip,,down,-0.52,-0.5244,0.0077
2026-07-16 16:12,2026-W29,SPY,SPY260716P00753000,0,skip,,up,0.3058,0.2934,0.0077
2026-07-16 16:12,2026-W29,DHI,DHI260724P00150000,0,skip,,down,-0.5711,-0.65,0.3333
2026-07-16 16:12,2026-W29,CRCL,CRCL260821C00080000,0,skip,,vertical,-0.2377,-0.2547,0.1607
2026-07-16 16:12,2026-W29,ARM,ARM260724C00320000,0,skip,,down,-0.7076,-0.7632,0.0794
2026-07-16 16:12,2026-W29,RKT,RKT260821C00015000,0,skip,,vertical,-0.1405,-0.1612,0.3723
2026-07-16 16:12,2026-W29,HIVE,HIVE270115C00003000,0,skip,,down,-0.58,-0.655,0.5
2026-07-16 16:12,2026-W29,SLS,SLS260724P00010000,0,skip,,down,-1.0,-1.25,0.5
2026-07-16 16:12,2026-W29,UPST,UPST260724P00030000,0,skip,,up,0.35,0.28,0.1946
2026-07-16 16:12,2026-W29,GLD,GLD260930P00353000,0,skip,,vertical,-0.0989,-0.1174,0.0414
2026-07-16 16:21,2026-W29,T,T260814C00023000,1,skip,,down,-0.6,-0.6562,0.5
2026-07-16 16:21,2026-W29,NFLX,NFLX260717P00075000,0,skip,,up,1.3013,1.2883,0.0337
2026-07-16 16:21,2026-W29,SPY,SPY260722P00734000,0,skip,,up,0.4394,0.4242,0.0077
2026-07-16 16:21,2026-W29,RKLB,RKLB260724P00066000,0,skip,,down,-0.5135,-0.5405,0.0921
2026-07-16 16:21,2026-W29,T,T260821C00023000,0,skip,,up,0.4792,0.4583,0.9968
2026-07-16 16:21,2026-W29,SPY,SPY260716P00749000,0,skip,,down,-0.6111,-0.6528,0.008
2026-07-16 16:21,2026-W29,RKLB,RKLB260724C00067000,0,skip,,up,0.3432,0.3027,0.0941
2026-07-16 16:21,2026-W29,AVIR,AVIR261016C00005000,0,skip,,down,-0.624,-0.704,1.0
2026-07-16 16:21,2026-W29,AAOI,AAOI260717C00100000,0,skip,,down,-0.8091,-0.8697,0.199
2026-07-16 16:21,2026-W29,VSH,VSH261120P00025000,0,skip,,vertical,-0.0931,-0.1362,0.4498
2026-07-16 16:21,2026-W29,RKLB,RKLB260717C00069000,0,skip,,down,-0.8052,-0.8507,0.0921
2026-07-16 16:21,2026-W29,TLT,TLT260821C00085000,0,skip,,up,0.3922,0.3824,0.0257
2026-07-16 16:21,2026-W29,TLT,TLT280121C00088000,0,skip,,vertical,0.082,0.0781,0.0262
2026-07-16 16:21,2026-W29,SLV,SLV260717P00051000,0,skip,,up,0.4512,0.4268,0.0473
2026-07-16 16:32,2026-W29,EQT,EQT260814C00051000,1,skip,,down,-0.5415,-0.6591,0.5
2026-07-16 16:32,2026-W29,SKHY,SKHY260918P00085000,0,skip,,up,0.3886,0.3029,0.0926
2026-07-16 16:32,2026-W29,MSTR,MSTR260717P00096000,0,skip,,up,1.0448,1.0243,0.0371
2026-07-16 16:32,2026-W29,V,V260918C00400000,0,skip,,vertical,-0.2421,-0.2882,0.9141
2026-07-16 16:32,2026-W29,SPY,SPY260717C00752000,0,skip,,down,-0.5854,-0.5874,0.0077
2026-07-16 16:32,2026-W29,COP,COP261120P00095000,0,skip,,down,-0.9955,-1.0246,0.2121
2026-07-16 16:32,2026-W29,IONQ,IONQ260807C00035000,0,skip,,down,-0.6571,-0.6896,0.1429
2026-07-16 16:32,2026-W29,NDAQ,NDAQ260821C00100000,0,skip,,vertical,-0.4486,-0.5027,1.0
2026-07-16 16:32,2026-W29,CCJ,CCJ260821P00080000,0,skip,,vertical,0.0836,0.0436,0.1922
2026-07-16 16:32,2026-W29,EQT,EQT260731C00049500,0,skip,,vertical,-0.0608,-0.1115,0.9961
2026-07-16 16:32,2026-W29,IGV,IGV281215P00045000,0,skip,,down,-0.6756,-0.7533,0.0979
2026-07-16 16:41,2026-W29,PYPL,PYPL260814C00060000,1,skip,,down,-0.5585,-0.6437,0.0667
2026-07-16 16:41,2026-W29,XOM,XOM261120P00120000,0,skip,,vertical,-0.3121,-0.3468,0.1745
2026-07-16 16:41,2026-W29,SPY,SPY260723C00755000,0,skip,,down,-0.6627,-0.6657,0.0075
2026-07-16 16:41,2026-W29,GLD,GLD260720P00365000,0,skip,,down,-0.5036,-0.5321,0.0417
2026-07-16 16:41,2026-W29,NOW,NOW260717P00104000,0,skip,,down,-0.5803,-0.614,0.1108
2026-07-16 16:41,2026-W29,FUTU,FUTU260731C00102000,0,skip,,down,-1.0,-1.0664,0.25
2026-07-16 16:41,2026-W29,PYPL,PYPL271217C00070000,0,skip,,vertical,-0.3015,-0.3034,0.0783
2026-07-16 16:41,2026-W29,XLE,XLE270617C00065000,0,skip,,vertical,0.0438,0.0236,0.0564
2026-07-16 16:41,2026-W29,CVNA,CVNA260717P00070000,0,skip,,down,-0.5594,-0.5979,0.25
2026-07-16 16:41,2026-W29,WDAY,WDAY260821C00180000,0,skip,,down,-0.5103,-0.5879,0.25
2026-07-16 16:41,2026-W29,DG,DG260821P00120000,0,skip,,vertical,0.0317,-0.0106,0.3777
2026-07-16 16:41,2026-W29,BABA,BABA260731C00140000,0,skip,,down,-0.6923,-0.7821,0.0405
2026-07-16 16:41,2026-W29,PSKY,PSKY260821C00009000,0,skip,,vertical,-0.4066,-0.4286,1.0
2026-07-16 16:41,2026-W29,KRE,KRE270617P00067000,0,skip,,vertical,0.0687,0.0388,0.0795
2026-07-16 16:52,2026-W29,NIO,NIO260814C00005000,1,skip,,down,-0.9722,-1.0214,0.5
2026-07-16 16:52,2026-W29,CAPR,CAPR260821P00012000,0,skip,,down,-0.6,-0.8798,0.25
2026-07-16 16:52,2026-W29,PFE,PFE270617P00025000,0,skip,,vertical,-0.0808,-0.1231,0.156
2026-07-16 16:52,2026-W29,ACN,ACN260724C00152500,0,skip,,down,-0.7643,-0.9071,0.3309
2026-07-16 16:52,2026-W29,UBER,UBER270115P00060000,0,skip,,vertical,-0.0725,-0.1123,0.192
2026-07-16 16:52,2026-W29,SLV,SLV261016P00035000,0,skip,,vertical,-0.1282,-0.1795,0.0484
2026-07-16 16:52,2026-W29,BE,BE260731C00405000,0,skip,,down,-0.538,-0.6404,0.036
2026-07-16 16:52,2026-W29,KWEB,KWEB261120P00025000,0,skip,,vertical,-0.0833,-0.1157,0.1179
2026-07-16 16:52,2026-W29,REPL,REPL260807C00012000,0,skip,,down,-0.6061,-0.902,0.3333
2026-07-16 16:52,2026-W29,NIO,NIO280121C00005000,0,skip,,vertical,-0.0894,-0.0978,0.6198
2026-07-16 16:52,2026-W29,ASAN,ASAN261120C00012500,0,skip,,down,-0.54,-0.64,1.0
2026-07-16 16:52,2026-W29,AEO,AEO260918C00018000,0,skip,,vertical,-0.2938,-0.3312,0.9515
2026-07-16 16:52,2026-W29,NTSK,NTSK261016C00012500,0,skip,,vertical,-0.1152,-0.1682,1.0
2026-07-16 16:52,2026-W29,XLE,XLE260724C00058000,0,skip,,up,0.4146,0.4024,0.0526
2026-07-16 17:02,2026-W29,XLP,XLP260814P00082000,1,skip,,down,-0.8571,-1.0852,0.5
2026-07-16 17:02,2026-W29,SPCX,SPCX260717C00133000,0,skip,,down,-0.8473,-0.8655,0.0204
2026-07-16 17:02,2026-W29,ZETA,ZETA261218P00017500,0,skip,,vertical,-0.1268,-0.1805,0.2546
2026-07-16 17:02,2026-W29,INTC,INTC261218P00052500,0,skip,,vertical,0.1268,0.1069,0.0484
2026-07-16 17:02,2026-W29,AVGO,AVGO260727C00430000,0,skip,,down,-0.5141,-0.6479,0.0866
2026-07-16 17:02,2026-W29,QQQ,QQQ260722P00675000,0,skip,,up,0.34,0.33,0.0119
2026-07-16 17:02,2026-W29,NFLX,NFLX260717P00070000,0,skip,,up,2.5839,2.5766,0.0335
2026-07-16 17:02,2026-W29,GLW,GLW260724P00140000,0,skip,,up,0.6778,0.6,0.1774
2026-07-16 17:02,2026-W29,UPS,UPS261120C00140000,0,skip,,vertical,-0.1839,-0.278,0.3534
2026-07-16 17:02,2026-W29,XLP,XLP260814P00087000,0,skip,,down,-0.5536,-0.5692,0.995
2026-07-16 17:02,2026-W29,MO,MO260918C00075000,0,skip,,up,0.5071,0.4905,0.2552
2026-07-16 17:02,2026-W29,PRU,PRU260821C00125000,0,skip,,down,-0.656,-0.756,0.3441
2026-07-16 17:02,2026-W29,NBIS,NBIS260724P00130000,0,skip,,down,-0.5333,-0.62,0.0268
2026-07-16 17:02,2026-W29,PLTR,PLTR260724C00140000,0,skip,,down,-0.5355,-0.5437,0.0261
2026-07-16 17:02,2026-W29,HBAN,HBAN261218C00022000,0,skip,,down,-1.0,-1.1667,1.0
2026-07-16 17:02,2026-W29,SLV,SLV260724P00050500,0,skip,,up,0.3167,0.3042,0.0473
2026-07-16 17:11,2026-W29,PATH,PATH260814P00011500,1,skip,,down,-0.783,-0.8224,0.1117
2026-07-16 17:11,2026-W29,MSFT,MSFT260821C00480000,0,skip,,vertical,-0.2139,-0.2347,0.0198
2026-07-16 17:11,2026-W29,MRVL,MRVL260724C00225000,0,skip,,down,-0.5894,-0.6324,0.0457
2026-07-16 17:11,2026-W29,PATH,PATH270115P00009000,0,skip,,vertical,-0.1124,-0.1404,0.1186
2026-07-16 17:11,2026-W29,SKHY,SKHY260724C00200000,0,skip,,down,-0.5447,-0.6298,0.0913
2026-07-16 17:11,2026-W29,USO,USO260717C00119000,0,skip,,up,1.0535,0.984,0.0476
2026-07-16 17:11,2026-W29,NFLX,NFLX260717P00069000,0,skip,,up,1.7712,1.7585,0.0334
2026-07-16 17:11,2026-W29,VFC,VFC260918P00015000,0,skip,,vertical,-0.0476,-0.0794,0.3333
2026-07-16 17:11,2026-W29,GLD,GLD260717P00356000,0,skip,,down,-0.7941,-0.8529,0.0415
2026-07-16 17:11,2026-W29,EWZ,EWZ261016C00040000,0,skip,,vertical,-0.0745,-0.0904,0.1554
2026-07-16 17:11,2026-W29,PATH,PATH270115P00010000,0,skip,,vertical,-0.1194,-0.1604,0.1186
2026-07-16 17:22,2026-W29,SPY,SPY260722C00754000,0,skip,,down,-0.7299,-0.7328,0.0075
2026-07-16 17:22,2026-W29,AAPL,AAPL260717P00332500,0,skip,,up,0.6545,0.6524,0.0435
2026-07-16 17:22,2026-W29,NFLX,NFLX260724P00064000,0,skip,,up,1.0,0.9857,0.0334
2026-07-16 17:22,2026-W29,TWLO,TWLO260717C00210000,0,skip,,down,-0.5822,-0.8044,0.2351
2026-07-16 17:22,2026-W29,IBM,IBM260717C00217500,0,skip,,down,-0.7143,-0.7429,0.0235
2026-07-16 17:22,2026-W29,REPL,REPL260807P00008000,0,skip,,vertical,-0.1333,-0.1519,0.3304
2026-07-16 17:22,2026-W29,CCJ,CCJ260821P00075000,0,skip,,vertical,0.0903,0.0347,0.1903
2026-07-16 17:22,2026-W29,SNDK,SNDK260724P01100000,0,skip,,up,0.6733,0.6362,0.0215
2026-07-16 17:32,2026-W29,IBIT,IBIT260814C00038000,1,skip,,down,-0.5032,-0.515,0.0385
2026-07-16 17:32,2026-W29,QQQ,QQQ260716C00707000,0,skip,,down,-0.5228,-0.5249,0.0117
2026-07-16 17:32,2026-W29,SPY,SPY260722P00753000,0,skip,,up,0.3199,0.3174,0.0075
2026-07-16 17:32,2026-W29,SPY,SPY260717C00754000,0,skip,,down,-0.5185,-0.5216,0.0076
2026-07-16 17:32,2026-W29,TSEM,TSEM260724C00285000,0,skip,,down,-1.0,-1.1,0.3272
2026-07-16 17:32,2026-W29,BMNR,BMNR260807P00015500,0,skip,,vertical,-0.0727,-0.1318,0.1006
2026-07-16 17:32,2026-W29,MRVL,MRVL260717C00195000,0,skip,,down,-0.9563,-1.0,0.0456
2026-07-16 17:32,2026-W29,IBIT,IBIT260717C00036000,0,skip,,down,-0.9216,-0.951,0.0399
2026-07-16 17:32,2026-W29,GIS,GIS260918C00042500,0,skip,,vertical,-0.4941,-0.5235,0.9693
2026-07-16 17:41,2026-W29,CDE,CDE260814C00015500,1,skip,,down,-0.562,-0.6647,0.3333
2026-07-16 17:41,2026-W29,CDE,CDE261120C00015000,0,skip,,vertical,-0.1143,-0.1347,0.3729
2026-07-16 17:41,2026-W29,GDX,GDX260821C00076000,0,skip,,vertical,-0.0619,-0.0774,0.0629
2026-07-16 17:41,2026-W29,CRM,CRM260724P00165000,0,skip,,vertical,0.0971,0.0655,0.0409
2026-07-16 17:41,2026-W29,PDD,PDD260731P00086000,0,skip,,up,0.3364,0.3018,0.3354
2026-07-16 17:41,2026-W29,QQQ,QQQ260716P00705000,0,skip,,up,0.7442,0.7267,0.0136
2026-07-16 17:41,2026-W29,UNIT,UNIT261120C00013000,0,skip,,down,-0.6,-0.6625,1.0
2026-07-16 17:41,2026-W29,PG,PG260724P00146000,0,skip,,down,-0.5444,-0.7389,0.3333
2026-07-16 17:41,2026-W29,ATI,ATI260821P00160000,0,skip,,vertical,-0.2179,-0.2949,0.2304
2026-07-16 17:41,2026-W29,ASTS,ASTS260724P00053000,0,skip,,down,-0.5111,-0.527,0.0668
2026-07-16 17:41,2026-W29,TRIP,TRIP260821C00015000,0,skip,,vertical,-0.2741,-0.3111,0.5
2026-07-16 17:41,2026-W29,GLD,GLD260717P00363000,0,skip,,down,-0.6493,-0.653,0.0415
2026-07-16 17:41,2026-W29,TEM,TEM260821P00055000,0,skip,,vertical,0.0617,0.045,0.4808
2026-07-16 17:51,2026-W29,MO,MO260814C00076000,1,skip,,down,-0.7313,-1.0843,0.2
2026-07-16 17:51,2026-W29,SPCX,SPCX260717C00129000,0,skip,,down,-0.7325,-0.745,0.0204
2026-07-16 17:51,2026-W29,NVDA,NVDA260717C00210000,0,skip,,down,-0.8228,-0.8354,0.0093
2026-07-16 17:51,2026-W29,MO,MO260821C00075000,0,skip,,up,0.5531,0.5335,0.2528
2026-07-16 17:51,2026-W29,SPY,SPY260716P00751000,0,skip,,up,0.377,0.3689,0.0074
2026-07-16 17:51,2026-W29,SEDG,SEDG260821P00040000,0,skip,,vertical,-0.5,-0.5873,0.25
2026-07-16 17:51,2026-W29,IBKR,IBKR260724P00090000,0,skip,,vertical,0.0304,-0.0022,0.2571
2026-07-16 17:51,2026-W29,CG,CG260821C00045000,0,skip,,vertical,-0.1657,-0.18,1.0
2026-07-16 17:51,2026-W29,AER,AER260821P00140000,0,skip,,vertical,-0.1156,-0.1938,1.0
2026-07-16 18:02,2026-W29,AXTI,AXTI260731C00057000,0,skip,,down,-0.6771,-0.7057,0.2
2026-07-16 18:02,2026-W29,SPY,SPY260716C00751000,0,skip,,down,-0.5526,-0.5702,0.0077
2026-07-16 18:02,2026-W29,PATH,PATH260821C00012000,0,skip,,vertical,0.0,-0.0191,0.1184
2026-07-16 18:02,2026-W29,CMPS,CMPS260821P00011000,0,skip,,down,-0.5133,-0.6967,0.5
2026-07-16 18:12,2026-W29,BP,BP260814C00043000,1,skip,,down,-0.6164,-0.7773,0.25
2026-07-16 18:12,2026-W29,CRM,CRM261120P00120000,0,skip,,vertical,-0.1,-0.1568,0.0409
2026-07-16 18:12,2026-W29,MSFT,MSFT260717C00405000,0,skip,,down,-0.8688,-0.8844,0.0196
2026-07-16 18:12,2026-W29,BP,BP260918C00040000,0,skip,,vertical,0.1875,0.1738,0.3332
2026-07-16 18:12,2026-W29,COIN,COIN260724P00150000,0,skip,,up,0.4363,0.4112,0.0358
2026-07-16 18:12,2026-W29,IGV,IGV260724P00090000,0,skip,,vertical,-0.1077,-0.2231,0.1151
2026-07-16 18:12,2026-W29,AOSL,AOSL260821P00025000,0,skip,,vertical,-0.0756,-0.12,0.2462
2026-07-16 18:12,2026-W29,SO,SO260821C00097500,0,skip,,down,-0.5118,-0.5853,1.0
2026-07-16 18:12,2026-W29,WPC,WPC260821C00075000,0,skip,,up,0.503,0.4121,1.0
2026-07-16 18:12,2026-W29,EEFT,EEFT260821C00090000,0,skip,,down,-0.6686,-0.8257,1.0
2026-07-16 18:12,2026-W29,PL,PL260821C00022000,0,skip,,vertical,0.0519,0.0241,0.2848
2026-07-16 18:12,2026-W29,XHB,XHB260918P00100000,0,skip,,vertical,-0.0172,-0.0316,0.9972
2026-07-16 18:21,2026-W29,XLF,XLF260814C00059000,1,skip,,down,-0.8224,-0.9205,0.1111
2026-07-16 18:21,2026-W29,SPY,SPY260730C00760000,0,skip,,down,-0.5095,-0.5123,0.0075
2026-07-16 18:21,2026-W29,XLF,XLF260717C00055000,0,skip,,vertical,-0.3054,-0.3593,0.1087
2026-07-16 18:21,2026-W29,BMNR,BMNR260821P00017000,0,skip,,vertical,-0.0043,-0.0172,0.1003
2026-07-16 18:21,2026-W29,EWY,EWY260724C00180000,0,skip,,down,-0.7043,-0.813,0.0386
2026-07-16 18:21,2026-W29,C,C260717P00132000,0,skip,,up,1.2707,1.2406,0.0769
2026-07-16 18:21,2026-W29,ONON,ONON260814C00038000,0,skip,,down,-0.6471,-0.6488,0.2
2026-07-16 18:21,2026-W29,UPS,UPS260821P00110000,0,skip,,vertical,-0.18,-0.2117,0.3388
2026-07-16 18:21,2026-W29,ONON,ONON260814C00039000,0,skip,,vertical,-0.403,-0.4468,0.2114
2026-07-16 18:21,2026-W29,PRU,PRU260918P00110000,0,skip,,down,-0.7739,-0.85,0.3333
2026-07-16 18:21,2026-W29,ABT,ABT260814P00094000,0,skip,,down,-1.0,-1.0517,0.3333
2026-07-16 18:21,2026-W29,ONON,ONON260814C00037000,0,skip,,vertical,-0.3391,-0.3464,0.2114
2026-07-16 18:21,2026-W29,DRAM,DRAM260717P00051000,0,skip,,up,0.75,0.5833,0.0526
2026-07-16 18:21,2026-W29,CLF,CLF270115C00013000,0,skip,,vertical,-0.1158,-0.1368,1.0
2026-07-16 18:21,2026-W29,NBIS,NBIS260717C00180000,0,skip,,down,-0.9733,-0.9817,0.0271
2026-07-16 18:21,2026-W29,FCEL,FCEL260918C00020000,0,skip,,up,0.3017,0.2847,0.3333
2026-07-16 18:21,2026-W29,MXL,MXL260821C00185000,0,skip,,down,-0.6385,-0.6962,0.3362
2026-07-16 18:32,2026-W29,FIG,FIG260814C00024500,1,skip,,down,-0.7032,-0.7846,0.101
2026-07-16 18:32,2026-W29,ZETA,ZETA260918P00022500,0,skip,,vertical,-0.0406,-0.0563,0.25
2026-07-16 18:32,2026-W29,SPY,SPY260724P00747000,0,skip,,up,0.3127,0.31,0.0076
2026-07-16 18:32,2026-W29,SPY,SPY260918P00670000,0,skip,,up,0.396,0.3945,0.0075
2026-07-16 18:32,2026-W29,MKC,MKC260918C00055000,0,skip,,vertical,-0.2735,-0.3245,1.0
2026-07-16 18:32,2026-W29,QQQ,QQQ260722P00695000,0,skip,,up,0.3418,0.338,0.0138
2026-07-16 18:32,2026-W29,IWM,IWM260727C00295000,0,skip,,vertical,-0.2381,-0.2421,0.0457
2026-07-16 18:32,2026-W29,IHI,IHI261016C00051000,0,skip,,vertical,-0.4585,-0.5683,1.0
2026-07-16 18:32,2026-W29,AMZN,AMZN260727P00237500,0,skip,,up,0.6286,0.5,0.0493
2026-07-16 18:32,2026-W29,GOOGL,GOOGL260717P00350000,0,skip,,up,0.5875,0.5188,0.0417
2026-07-16 18:32,2026-W29,KRE,KRE260717C00077000,0,skip,,down,-0.8879,-0.9397,0.0718
2026-07-16 18:32,2026-W29,TEM,TEM260807C00066000,0,skip,,down,-0.7759,-0.8319,0.25
2026-07-16 18:32,2026-W29,FIG,FIG260724C00029000,0,skip,,down,-1.0,-1.0444,0.101
2026-07-16 18:32,2026-W29,AMKR,AMKR260821C00080000,0,skip,,vertical,-0.0688,-0.1,0.2479
2026-07-16 18:32,2026-W29,AMPX,AMPX260821C00012000,0,skip,,down,-0.5429,-0.5786,0.3333
2026-07-16 18:32,2026-W29,TTD,TTD260918C00022500,0,skip,,vertical,-0.2746,-0.2887,0.3333
2026-07-16 18:32,2026-W29,NBIS,NBIS260717C00182500,0,skip,,down,-0.5062,-0.5375,0.0274
2026-07-16 18:41,2026-W29,IGV,IGV260814P00090500,1,skip,,down,-0.5448,-0.725,0.0833
2026-07-16 18:41,2026-W29,CRWV,CRWV260821C00100000,0,skip,,vertical,0.2009,0.1923,0.0366
2026-07-16 18:41,2026-W29,SPY,SPY260716P00750000,0,skip,,up,0.4944,0.4663,0.0075
2026-07-16 18:41,2026-W29,SPY,SPY260717C00751000,0,skip,,down,-0.9129,-0.9149,0.0075
2026-07-16 18:41,2026-W29,JNJ,JNJ260918C00270000,0,skip,,vertical,0.05,0.0153,0.4947
2026-07-16 18:41,2026-W29,SPY,SPY260716P00752000,0,skip,,up,0.4345,0.4226,0.0074
2026-07-16 18:41,2026-W29,IREN,IREN260717P00035000,0,skip,,down,-0.6832,-0.7129,0.0304
2026-07-16 18:41,2026-W29,NOW,NOW260731P00092000,0,skip,,vertical,0.0581,0.029,0.098
2026-07-16 18:41,2026-W29,RMD,RMD260821C00220000,0,skip,,vertical,-0.4075,-0.4825,0.3184
2026-07-16 18:41,2026-W29,TEAM,TEAM260821C00120000,0,skip,,down,-0.5844,-0.6391,0.25
2026-07-16 18:41,2026-W29,DT,DT260717C00045000,0,skip,,down,-0.5375,-0.6625,1.0
2026-07-16 18:41,2026-W29,IREN,IREN260717C00036000,0,skip,,down,-0.9143,-0.9786,0.0304
2026-07-16 18:41,2026-W29,DOW,DOW260821C00030000,0,skip,,vertical,0.0,-0.0148,0.25
2026-07-16 18:41,2026-W29,LDOS,LDOS261218C00140000,0,skip,,down,-0.5733,-0.6067,1.0
2026-07-16 18:41,2026-W29,FIG,FIG260724C00025000,0,skip,,down,-0.8105,-0.8263,0.1005
2026-07-16 18:41,2026-W29,APLD,APLD260731C00030000,0,skip,,vertical,-0.16,-0.18,0.2242
2026-07-16 18:41,2026-W29,SPY,SPY260821C00732000,0,skip,,vertical,-0.2467,-0.2692,0.0077
2026-07-16 18:51,2026-W29,TLT,TLT260814C00087500,1,skip,,down,-0.907,-0.9658,0.025
2026-07-16 18:51,2026-W29,IREN,IREN261218C00070000,0,skip,,vertical,-0.2507,-0.2573,0.0324
2026-07-16 18:51,2026-W29,FIG,FIG260814C00035000,0,skip,,down,-0.5238,-0.6488,0.1
2026-07-16 18:51,2026-W29,TLT,TLT260918C00085000,0,skip,,vertical,0.1368,0.1316,0.0261
2026-07-16 18:51,2026-W29,NOG,NOG260821C00023000,0,skip,,down,-0.7818,-0.8273,1.0
2026-07-16 18:51,2026-W29,SPY,SPY260717C00750000,0,skip,,down,-0.8896,-0.893,0.0075
2026-07-16 18:51,2026-W29,SPY,SPY260821P00700000,0,skip,,up,0.5986,0.595,0.0075
2026-07-16 18:51,2026-W29,FIG,FIG260807C00022000,0,skip,,down,-0.5627,-0.6893,0.1001
2026-07-16 18:51,2026-W29,FIG,FIG260821C00035000,0,skip,,down,-1.0,-1.0135,0.1001
2026-07-16 18:51,2026-W29,DG,DG260918P00110000,0,skip,,vertical,0.0537,0.0475,0.3672
2026-07-16 19:03,2026-W29,JD,JD260814C00031000,1,skip,,down,-0.5238,-0.6407,0.3333
2026-07-16 19:03,2026-W29,NVDA,NVDA260717C00207500,0,skip,,down,-0.7663,-0.7772,0.0093
2026-07-16 19:03,2026-W29,BXMT,BXMT260717P00020000,0,skip,,down,-0.5786,-0.6321,1.0
2026-07-16 19:03,2026-W29,ARM,ARM260724C00327500,0,skip,,down,-0.8881,-0.9515,0.077
2026-07-16 19:03,2026-W29,HOOD,HOOD260717C00108000,0,skip,,down,-0.9724,-1.0,0.0837
2026-07-16 19:03,2026-W29,CORT,CORT260717C00090000,0,skip,,down,-0.9767,-1.2433,0.5
2026-07-16 19:03,2026-W29,JD,JD270115C00035000,0,skip,,vertical,-0.1892,-0.2351,0.4937
2026-07-16 19:03,2026-W29,VNQ,VNQ260918C00101000,0,skip,,vertical,-0.2964,-0.4393,1.0
2026-07-16 19:03,2026-W29,BBY,BBY260807C00090000,0,skip,,vertical,-0.2444,-0.2815,0.3734
2026-07-16 19:03,2026-W29,RDDT,RDDT260724C00205000,0,skip,,down,-0.7689,-0.8314,0.1638
2026-07-16 19:12,2026-W29,DKNG,DKNG260814P00024000,1,skip,,vertical,-0.2814,-0.3287,0.2639
2026-07-16 19:12,2026-W29,GOOGL,GOOGL260717C00360000,0,skip,,down,-0.9378,-0.9617,0.0554
2026-07-16 19:12,2026-W29,SPY,SPY260724C00755000,0,skip,,down,-0.5404,-0.5435,0.0075
2026-07-16 19:12,2026-W29,PLTR,PLTR260717P00132000,0,skip,,up,0.7753,0.764,0.0257
2026-07-16 19:12,2026-W29,LZ,LZ260821C00007000,0,skip,,vertical,-0.2621,-0.331,0.5
2026-07-16 19:12,2026-W29,DKNG,DKNG260821P00025000,0,skip,,vertical,0.0,-0.0137,0.2639
2026-07-16 19:12,2026-W29,LI,LI260807P00013000,0,skip,,up,0.3088,0.1176,0.3498
2026-07-16 19:12,2026-W29,QQQ,QQQ260821C00705000,0,skip,,vertical,-0.2245,-0.2258,0.0143
2026-07-16 19:23,2026-W29,SNOW,SNOW260724P00250000,0,skip,,vertical,-0.1932,-0.2322,0.1039
2026-07-16 19:23,2026-W29,SPCX,SPCX260717P00128000,0,skip,,up,0.6,0.5615,0.0204
2026-07-16 19:23,2026-W29,SPY,SPY260716C00749000,0,skip,,down,-0.7391,-0.7435,0.0077
2026-07-16 19:23,2026-W29,PNC,PNC260821P00240000,0,skip,,vertical,0.0264,-0.0019,1.0
2026-07-16 19:23,2026-W29,BCRX,BCRX270115C00010000,0,skip,,vertical,-0.2387,-0.3677,1.0
2026-07-16 19:23,2026-W29,TLN,TLN260821C00520000,0,skip,,down,-0.5057,-0.6843,0.125
2026-07-16 19:23,2026-W29,FIG,FIG260731P00022500,0,skip,,down,-0.7808,-0.8904,0.1
2026-07-16 19:23,2026-W29,IREN,IREN260821P00031000,0,skip,,vertical,0.1829,0.1686,0.0324
2026-07-16 19:23,2026-W29,XLK,XLK260731P00170000,0,skip,,up,0.3074,0.2354,0.1455
2026-07-16 19:32,2026-W29,TE,TE260814C00006000,1,skip,,vertical,-0.2571,-0.3708,0.3426
2026-07-16 19:32,2026-W29,QQQ,QQQ260722C00725000,0,skip,,down,-0.775,-0.7875,0.0137
2026-07-16 19:32,2026-W29,COO,COO260918C00075000,0,skip,,down,-0.6135,-0.6541,1.0
2026-07-16 19:32,2026-W29,COIN,COIN260724C00170000,0,skip,,down,-0.7772,-0.8025,0.0357
2026-07-16 19:32,2026-W29,BE,BE260821C00430000,0,skip,,vertical,-0.2231,-0.2679,0.0285
2026-07-16 19:32,2026-W29,TE,TE280121C00010000,0,skip,,vertical,-0.08,-0.0967,0.3426
2026-07-16 19:32,2026-W29,FISV,FISV260821P00050000,0,skip,,vertical,0.0769,0.0481,0.1615
2026-07-16 19:32,2026-W29,GFS,GFS261016P00035000,0,skip,,down,-0.9481,-1.0778,0.3333
2026-07-16 19:32,2026-W29,AA,AA260717C00047000,0,skip,,down,-0.9635,-1.0146,0.3333
2026-07-16 19:32,2026-W29,BE,BE260717P00197500,0,skip,,up,0.5672,0.5098,0.0294
2026-07-16 19:32,2026-W29,APH,APH260821P00135000,0,skip,,vertical,-0.0829,-0.1195,0.9122
2026-07-16 19:32,2026-W29,NFLX,NFLX260821P00072000,0,skip,,up,0.5861,0.5792,0.0333
2026-07-16 19:32,2026-W29,SQQQ,SQQQ260717C00041000,0,skip,,up,1.6296,1.6296,0.1992
2026-07-16 19:32,2026-W29,LULU,LULU260717P00120000,0,skip,,up,0.3051,0.2754,0.1253
2026-07-16 19:32,2026-W29,VOD,VOD270115C00015000,0,skip,,vertical,-0.1514,-0.1919,1.0
2026-07-16 19:32,2026-W29,CAPR,CAPR260821P00011000,0,skip,,vertical,-0.3486,-0.4057,0.25
2026-07-16 19:42,2026-W29,PL,PL260814C00023000,1,skip,,down,-0.5096,-0.5486,0.25
2026-07-16 19:42,2026-W29,SPY,SPY260724P00728000,0,skip,,up,1.3091,1.3,0.0075
2026-07-16 19:42,2026-W29,QQQ,QQQ260717C00710000,0,skip,,down,-0.8789,-0.8842,0.0137
2026-07-16 19:42,2026-W29,SPY,SPY260720P00747000,0,skip,,up,1.2869,1.2849,0.0075
2026-07-16 19:42,2026-W29,CCJ,CCJ260724P00085000,0,skip,,up,0.3354,0.3262,0.1667
2026-07-16 19:42,2026-W29,CRWD,CRWD260821C00255000,0,skip,,down,-0.5352,-0.6746,0.0667
2026-07-16 19:42,2026-W29,PL,PL260821C00021000,0,skip,,vertical,0.0061,-0.0242,0.2714
2026-07-16 19:53,2026-W29,KRE,KRE260814C00081000,1,skip,,down,-0.661,-0.8327,0.0667
2026-07-16 19:53,2026-W29,NVDA,NVDA260720C00205000,0,skip,,down,-0.8082,-0.8151,0.0093
2026-07-16 19:53,2026-W29,BETA,BETA260821C00017500,0,skip,,vertical,-0.3163,-0.3977,1.0
2026-07-16 19:53,2026-W29,SPY,SPY260724P00744000,0,skip,,up,0.8898,0.8843,0.0075
2026-07-16 19:53,2026-W29,MTUM,MTUM260717P00295000,0,skip,,down,-0.83,-0.98,0.1667
2026-07-16 19:53,2026-W29,SMH,SMH260717P00540000,0,skip,,up,0.3655,0.3207,0.0182
2026-07-16 19:53,2026-W29,FLEX,FLEX260717P00120000,0,skip,,up,0.6353,0.5029,0.2
2026-07-16 19:53,2026-W29,KRE,KRE260717C00078000,0,skip,,down,-0.9767,-1.0465,0.0714
2026-07-16 19:53,2026-W29,SNAP,SNAP280121C00005000,0,skip,,vertical,-0.1078,-0.1257,0.4829
2026-07-16 19:53,2026-W29,CCOI,CCOI270115C00012500,0,skip,,vertical,-0.1818,-0.25,1.0
2026-07-16 19:53,2026-W29,BABA,BABA260717C00120000,0,skip,,down,-0.9625,-0.9688,0.04
2026-07-17 13:32,2026-W29,GDX,GDX260828P00067500,1,skip,,down,-0.62,-1.0836,0.0667
2026-07-17 13:32,2026-W29,SPY,SPY260722P00734000,0,skip,,down,-0.5824,-0.59,0.0087
2026-07-17 13:32,2026-W29,AMZN,AMZN260918P00200000,0,skip,,vertical,-0.2165,-0.25,0.0567
2026-07-17 13:32,2026-W29,TLT,TLT261218P00083000,0,skip,,vertical,-0.006,-0.009,0.0276
2026-07-17 13:32,2026-W29,GOOGL,GOOGL260717C00350000,0,skip,,down,-0.8565,-0.963,0.0549
2026-07-17 13:32,2026-W29,SPY,SPY260724C00750000,0,skip,,up,0.3206,0.3111,0.0084
2026-07-17 13:32,2026-W29,AAPL,AAPL260724P00325000,0,skip,,vertical,-0.1648,-0.185,0.0283
2026-07-17 13:32,2026-W29,SPCX,SPCX260724C00135000,0,skip,,vertical,-0.288,-0.308,0.0341
2026-07-17 13:32,2026-W29,SKHY,SKHY260717P00145000,0,skip,,down,-0.788,-0.838,0.0909
2026-07-17 13:32,2026-W29,NVDA,NVDA260717C00202500,0,skip,,down,-0.786,-0.8163,0.0098
2026-07-17 13:32,2026-W29,CRWD,CRWD260717C00205000,0,skip,,down,-0.5368,-0.6618,0.0618
2026-07-17 13:32,2026-W29,SMH,SMH260717P00540000,0,skip,,up,0.6579,0.5224,0.0182
2026-07-17 13:32,2026-W29,GDX,GDX260717P00070000,0,skip,,down,-0.8378,-0.9932,0.0723
2026-07-17 13:32,2026-W29,IBIT,IBIT260717C00035000,0,skip,,up,0.5513,0.4359,0.0432
2026-07-17 13:32,2026-W29,SLV,SLV260717P00050500,0,skip,,down,-0.6701,-0.7526,0.0556
2026-07-17 13:32,2026-W29,TSLA,TSLA260821P00385000,0,skip,,vertical,-0.04,-0.0558,0.018
2026-07-17 13:42,2026-W29,NKE,NKE260814C00047000,1,skip,,down,-0.6634,-0.9523,0.5
2026-07-17 13:42,2026-W29,SPY,SPY260724P00728000,0,skip,,down,-0.51,-0.512,0.0088
2026-07-17 13:42,2026-W29,IWM,IWM260821P00278000,0,skip,,vertical,-0.1264,-0.1408,0.04
2026-07-17 13:42,2026-W29,IWM,IWM260918P00265000,0,skip,,vertical,-0.0989,-0.1008,0.04
2026-07-17 13:42,2026-W29,SPCX,SPCX260814P00095000,0,skip,,vertical,-0.2255,-0.2709,0.0344
2026-07-17 13:42,2026-W29,QQQ,QQQ260724C00710000,0,skip,,up,0.4502,0.4347,0.0178
2026-07-17 13:42,2026-W29,QQQ,QQQ260717C00692000,0,skip,,up,0.9704,0.9655,0.0129
2026-07-17 13:42,2026-W29,NKE,NKE260821C00045000,0,skip,,vertical,-0.2995,-0.3213,0.9962
2026-07-17 13:42,2026-W29,SPY,SPY260720P00741000,0,skip,,down,-0.5413,-0.5462,0.0085
2026-07-17 13:42,2026-W29,VZ,VZ261218C00050000,0,skip,,down,-0.5133,-0.61,1.0
2026-07-17 13:42,2026-W29,HOOD,HOOD260717P00098000,0,skip,,up,0.3393,0.3327,0.0833
2026-07-17 13:42,2026-W29,QQQ,QQQ260717C00690000,0,skip,,up,0.9429,0.9393,0.0129
2026-07-17 13:42,2026-W29,UBER,UBER260717C00071000,0,skip,,down,-0.5349,-0.6076,0.1667
2026-07-17 13:42,2026-W29,QQQ,QQQ260717C00696000,0,skip,,up,1.3256,1.314,0.0129
2026-07-17 13:42,2026-W29,BE,BE260717P00190000,0,skip,,down,-0.6486,-0.6982,0.0289
2026-07-17 13:42,2026-W29,RSP,RSP260717C00215000,0,skip,,down,-0.64,-0.9733,0.7974
2026-07-17 13:42,2026-W29,EWY,EWY260731P00125000,0,skip,,down,-0.5487,-0.6385,0.043
2026-07-17 13:42,2026-W29,XLE,XLE260918C00062500,0,skip,,vertical,-0.1308,-0.1636,0.0686
2026-07-17 13:51,2026-W29,VXX,VXX260814C00023500,1,skip,,down,-0.6162,-1.028,0.5
2026-07-17 13:51,2026-W29,VXX,VXX260918C00022000,0,skip,,vertical,-0.2068,-0.2322,0.9881
2026-07-17 13:51,2026-W29,SPY,SPY260723P00714000,0,skip,,down,-0.5373,-0.5522,0.0089
2026-07-17 13:51,2026-W29,IWM,IWM260731P00291000,0,skip,,vertical,-0.0572,-0.0708,0.0397
2026-07-17 13:51,2026-W29,SMH,SMH260717C00550000,0,skip,,up,0.4775,0.3668,0.0169
2026-07-17 13:51,2026-W29,QQQ,QQQ260831P00590000,0,skip,,vertical,-0.1753,-0.1827,0.0162
2026-07-17 13:51,2026-W29,QQQ,QQQ260717P00687000,0,skip,,down,-0.631,-0.6349,0.0125
2026-07-17 13:51,2026-W29,WFC,WFC270319P00077500,0,skip,,vertical,-0.031,-0.038,0.4296
2026-07-17 13:51,2026-W29,XLU,XLU260918C00047500,0,skip,,vertical,-0.4568,-0.5247,0.5
2026-07-17 13:51,2026-W29,ORCL,ORCL260717C00125000,0,skip,,up,0.9333,0.9,0.0208
2026-07-17 13:51,2026-W29,MRK,MRK260724C00135000,0,skip,,down,-0.5213,-0.6489,0.3728
2026-07-17 13:51,2026-W29,XHB,XHB260717C00112000,0,skip,,down,-0.9103,-1.3782,0.5
2026-07-17 13:51,2026-W29,GME,GME260821C00019000,0,skip,,vertical,-0.1175,-0.1413,0.5
2026-07-17 14:02,2026-W29,FRMI,FRMI260814C00006500,1,skip,,down,-0.5067,-0.9567,0.25
2026-07-17 14:02,2026-W29,SPY,SPY260717C00747000,0,skip,,down,-0.5636,-0.5682,0.0091
2026-07-17 14:02,2026-W29,CRDO,CRDO260807C00260000,0,skip,,down,-0.5055,-0.6418,0.3333
2026-07-17 14:02,2026-W29,NVDA,NVDA260720C00200000,0,skip,,up,0.3825,0.37,0.012
2026-07-17 14:02,2026-W29,NVDA,NVDA260717C00205000,0,skip,,up,1.2069,1.1724,0.012
2026-07-17 14:02,2026-W29,IWM,IWM260821C00303000,0,skip,,vertical,-0.1108,-0.1176,0.0394
2026-07-17 14:02,2026-W29,SPY,SPY260717C00744000,0,skip,,up,0.3147,0.3048,0.0093
2026-07-17 14:02,2026-W29,FRMI,FRMI260828C00007500,0,skip,,vertical,-0.225,-0.3812,0.2785
2026-07-17 14:02,2026-W29,ADM,ADM260821C00092500,0,skip,,vertical,-0.064,-0.124,0.5266
2026-07-17 14:02,2026-W29,TLT,TLT261218C00087000,0,skip,,vertical,-0.0923,-0.0962,0.0275
2026-07-17 14:02,2026-W29,SOXX,SOXX260717P00495000,0,skip,,down,-0.8133,-1.1133,0.125
2026-07-17 14:02,2026-W29,NFLX,NFLX260814C00066000,0,TAKE,p=0.54 [alt_catalyst.reddit_mention_delta_pct+ gex.net_gex+ macro.spot-],up,0.3486,0.2843,0.1889
2026-07-17 14:02,2026-W29,MSTR,MSTR260717P00092000,0,skip,,down,-0.6203,-0.7405,0.0338
2026-07-17 14:12,2026-W29,MO,MO261218C00085000,0,skip,,vertical,-0.21,-0.395,0.4801
2026-07-17 14:12,2026-W29,SPY,SPY260731P00720000,0,skip,,vertical,0.195,0.1888,0.0082
2026-07-17 14:12,2026-W29,SPY,SPY260731P00715000,0,skip,,up,0.3005,0.2953,0.0084
2026-07-17 14:12,2026-W29,AMD,AMD260724P00387500,0,skip,,down,-0.5213,-0.609,0.0369
2026-07-17 14:12,2026-W29,QQQ,QQQ260717P00690000,0,skip,,up,0.3038,0.2785,0.0213
2026-07-17 14:12,2026-W29,SPY,SPY260731P00730000,0,skip,,up,0.3005,0.2992,0.0084
2026-07-17 14:12,2026-W29,DELL,DELL260717C00400000,0,skip,,up,0.4074,0.3354,0.0345
2026-07-17 14:12,2026-W29,DRAM,DRAM260717C00052000,0,skip,,down,-0.5667,-0.6133,0.0577
2026-07-17 14:12,2026-W29,CCL,CCL260918C00029000,0,skip,,vertical,-0.0571,-0.1143,0.1921
2026-07-17 14:12,2026-W29,NBIS,NBIS260724C00210000,0,skip,,up,0.3275,0.265,0.0259
2026-07-17 14:21,2026-W29,EWZ,EWZ260814C00036500,1,skip,,down,-0.5492,-1.1333,0.125
2026-07-17 14:21,2026-W29,EWZ,EWZ261218C00042000,0,skip,,vertical,-0.1121,-0.1638,0.1213
2026-07-17 14:21,2026-W29,AMD,AMD260717C00497500,0,skip,,down,-0.5784,-0.5919,0.0366
2026-07-17 14:21,2026-W29,HIMS,HIMS260724C00036500,0,skip,,vertical,-0.375,-0.4236,0.228
2026-07-17 14:21,2026-W29,AMD,AMD260717C00502500,0,skip,,down,-0.5992,-0.6607,0.0363
2026-07-17 14:21,2026-W29,DAR,DAR261016C00070000,0,skip,,vertical,-0.193,-0.2544,1.0
2026-07-17 14:21,2026-W29,QCOM,QCOM260821P00135000,0,skip,,vertical,-0.2007,-0.2372,0.0519
2026-07-17 14:21,2026-W29,IBIT,IBIT260821C00038000,0,skip,,vertical,0.125,0.1125,0.0432
2026-07-17 14:21,2026-W29,LITE,LITE260717C00750000,0,skip,,down,-0.5512,-0.6907,0.0667
2026-07-17 14:21,2026-W29,NOK,NOK260731P00010000,0,skip,,vertical,-0.0435,-0.0725,0.1429
2026-07-17 14:21,2026-W29,CVS,CVS260724P00106000,0,skip,,vertical,-0.0846,-0.3154,0.1282
2026-07-17 14:21,2026-W29,RSP,RSP260724P00212500,0,skip,,up,0.8727,0.6909,0.2929
2026-07-17 14:21,2026-W29,XLV,XLV260821P00160000,0,skip,,vertical,0.0634,0.0024,0.6185
2026-07-17 14:21,2026-W29,WULF,WULF260821C00022000,0,skip,,vertical,0.0952,0.081,0.111
2026-07-17 14:21,2026-W29,MSTR,MSTR260717P00094000,0,skip,,down,-0.6914,-0.72,0.033
2026-07-17 14:21,2026-W29,MSTR,MSTR260717P00095000,0,skip,,down,-0.5668,-0.587,0.033
2026-07-17 14:21,2026-W29,UTHR,UTHR260821P00520000,0,skip,,vertical,-0.3628,-0.4702,1.0
2026-07-17 14:31,2026-W29,XLE,XLE260814C00060000,1,skip,,down,-0.6054,-0.6557,0.0714
2026-07-17 14:31,2026-W29,XLE,XLE260731C00056000,0,skip,,vertical,-0.0553,-0.0723,0.0668
2026-07-17 14:31,2026-W29,SPCX,SPCX260724C00130000,0,skip,,vertical,-0.1833,-0.2111,0.0351
2026-07-17 14:31,2026-W29,AVGO,AVGO260821P00290000,0,skip,,vertical,-0.0088,-0.0636,0.068
2026-07-17 14:31,2026-W29,IWM,IWM260807P00285000,0,skip,,vertical,0.1304,0.1217,0.0388
2026-07-17 14:31,2026-W29,XLP,XLP260918C00088000,0,skip,,vertical,-0.3559,-0.4096,0.8814
2026-07-17 14:31,2026-W29,SPY,SPY260722P00720000,0,skip,,vertical,0.2195,0.2073,0.0082
2026-07-17 14:31,2026-W29,SPY,SPY260731P00718000,0,skip,,vertical,0.1485,0.1463,0.0082
2026-07-17 14:31,2026-W29,QQQ,QQQ260717P00695000,0,skip,,up,0.3674,0.3651,0.0206
2026-07-17 14:31,2026-W29,DVN,DVN260814C00044000,0,skip,,vertical,0.0,-0.0242,0.1606
2026-07-17 14:31,2026-W29,CLMT,CLMT261120C00055000,0,skip,,vertical,0.11,0.06,0.8959
2026-07-17 14:31,2026-W29,RIOT,RIOT270115C00025000,0,skip,,vertical,-0.1213,-0.1754,0.8057
2026-07-17 14:31,2026-W29,CCJ,CCJ260821P00080000,0,skip,,vertical,-0.097,-0.1121,0.25
2026-07-17 14:31,2026-W29,CRWV,CRWV260717C00071000,0,skip,,up,0.48,0.43,0.0411
2026-07-17 14:31,2026-W29,VIAV,VIAV260918P00028000,0,skip,,vertical,-0.1366,-0.1854,0.5
2026-07-17 14:41,2026-W29,DIS,DIS260814C00102000,1,skip,,vertical,-0.2546,-0.5185,0.25
2026-07-17 14:41,2026-W29,RSP,RSP260821C00215000,0,skip,,vertical,-0.28,-0.2925,0.2911
2026-07-17 14:41,2026-W29,DRAM,DRAM260724P00052000,0,skip,,vertical,0.0152,0.0095,0.0547
2026-07-17 14:41,2026-W29,DIS,DIS260724C00099000,0,skip,,vertical,-0.3136,-0.3814,0.25
2026-07-17 14:41,2026-W29,FISV,FISV260821P00050000,0,skip,,vertical,-0.0345,-0.0603,0.1429
2026-07-17 14:41,2026-W29,SPY,SPY260717P00746000,0,skip,,up,0.3469,0.3163,0.0089
2026-07-17 14:41,2026-W29,QQQ,QQQ260717C00698000,0,skip,,down,-0.6096,-0.6164,0.0204
2026-07-17 14:41,2026-W29,DRAM,DRAM260717P00052000,0,skip,,down,-0.6491,-0.7456,0.0528
2026-07-17 14:41,2026-W29,ABNB,ABNB260724P00147000,0,skip,,vertical,-0.1243,-0.2122,0.25
2026-07-17 14:41,2026-W29,SIL,SIL260918C00088000,0,skip,,vertical,-0.2,-0.3081,1.0
2026-07-17 14:41,2026-W29,RSP,RSP260821C00220000,0,skip,,vertical,-0.4276,-0.4621,0.2911
2026-07-17 14:41,2026-W29,UEC,UEC260821C00009000,0,skip,,vertical,0.1087,0.087,0.4389
2026-07-17 14:41,2026-W29,CWEN,CWEN261120P00035000,0,skip,,vertical,-0.1405,-0.1676,1.0
2026-07-17 14:41,2026-W29,TCOM,TCOM260821P00040000,0,skip,,vertical,-0.0583,-0.1625,1.0
2026-07-17 14:41,2026-W29,AMKR,AMKR260717P00060000,0,skip,,down,-0.6909,-0.8727,0.2
2026-07-17 14:41,2026-W29,NBIS,NBIS260717C00182500,0,skip,,down,-0.652,-0.684,0.026
2026-07-17 14:51,2026-W29,CPNG,CPNG260814P00016000,1,skip,,vertical,-0.2545,-0.3323,0.5
2026-07-17 14:51,2026-W29,SPY,SPY260720P00745000,0,skip,,up,0.425,0.4214,0.0082
2026-07-17 14:51,2026-W29,JPM,JPM260731P00332500,0,skip,,vertical,0.0611,-0.0437,0.135
2026-07-17 14:51,2026-W29,TE,TE280121C00010000,0,skip,,vertical,-0.0483,-0.0741,0.3333
2026-07-17 14:51,2026-W29,ITGR,ITGR260821P00085000,0,skip,,down,-0.5509,-0.8282,1.0
2026-07-17 14:51,2026-W29,CNC,CNC260807P00064000,0,skip,,vertical,-0.2879,-0.3379,0.25
2026-07-17 14:51,2026-W29,EWZ,EWZ261016C00038000,0,skip,,vertical,-0.0552,-0.069,0.1197
2026-07-17 14:51,2026-W29,CPNG,CPNG261120P00018000,0,skip,,vertical,-0.1097,-0.1177,0.5
2026-07-17 14:51,2026-W29,SNDQ,SNDQ260821C00004000,0,skip,,vertical,0.136,0.116,1.0
2026-07-17 15:01,2026-W29,OWL,OWL260814C00010000,1,skip,,down,-0.625,-0.9771,0.5
2026-07-17 15:01,2026-W29,OWL,OWL260717C00009000,0,skip,,vertical,-0.26,-0.31,0.9777
2026-07-17 15:01,2026-W29,NN,NN270115C00020000,0,skip,,vertical,-0.1045,-0.15,0.6702
2026-07-17 15:01,2026-W29,QQQ,QQQ260717P00697000,0,skip,,down,-0.7313,-0.7364,0.0187
2026-07-17 15:01,2026-W29,OKLO,OKLO261120P00030000,0,skip,,vertical,-0.0667,-0.097,0.3035
2026-07-17 15:01,2026-W29,SPY,SPY260724P00715000,0,skip,,vertical,0.0133,0.0067,0.0081
2026-07-17 15:01,2026-W29,SNDK,SNDK260717P01300000,0,skip,,down,-0.6947,-0.7474,0.0206
2026-07-17 15:01,2026-W29,AAPL,AAPL260717P00332500,0,skip,,down,-0.5071,-0.5286,0.0286
2026-07-17 15:01,2026-W29,PLTR,PLTR260724P00132000,0,skip,,vertical,-0.0872,-0.1,0.0213
2026-07-17 15:01,2026-W29,DELL,DELL260731P00310000,0,skip,,vertical,-0.2323,-0.2935,0.0333
2026-07-17 15:01,2026-W29,FCX,FCX260717P00061000,0,skip,,down,-0.5354,-0.6523,0.25
2026-07-17 15:01,2026-W29,CVX,CVX260724P00185000,0,skip,,vertical,-0.3147,-0.3785,0.1897
2026-07-17 15:01,2026-W29,FSM,FSM280121C00015000,0,skip,,vertical,-0.144,-0.224,1.0
2026-07-17 15:01,2026-W29,EEM,EEM260717P00065000,0,skip,,vertical,-0.245,-0.2475,0.4005
2026-07-17 15:01,2026-W29,ETHA,ETHA270617C00030000,0,skip,,vertical,-0.1452,-0.2661,0.1001
2026-07-17 15:01,2026-W29,TQQQ,TQQQ261218P00030000,0,skip,,vertical,-0.1446,-0.1837,0.0806
2026-07-17 15:01,2026-W29,AIG,AIG260821C00082500,0,skip,,vertical,-0.015,-0.0275,0.4727
2026-07-17 15:12,2026-W29,HL,HL260814C00015000,1,skip,,vertical,-0.2975,-0.3557,0.5
2026-07-17 15:12,2026-W29,SPCX,SPCX260731P00110000,0,skip,,vertical,-0.151,-0.1816,0.0351
2026-07-17 15:12,2026-W29,SPCX,SPCX260717P00126000,0,skip,,down,-0.6138,-0.6397,0.0354
2026-07-17 15:12,2026-W29,QQQ,QQQ260717C00695000,0,skip,,up,1.3093,1.3008,0.0184
2026-07-17 15:12,2026-W29,EQX,EQX261016C00010000,0,skip,,vertical,-0.0429,-0.0786,1.0
2026-07-17 15:12,2026-W29,MRK,MRK260821C00145000,0,skip,,down,-0.536,-0.596,0.5
2026-07-17 15:12,2026-W29,COP,COP260724C00116000,0,skip,,vertical,0.1282,0.0256,0.2
2026-07-17 15:12,2026-W29,HL,HL280121C00022000,0,skip,,vertical,-0.0531,-0.0844,0.5
2026-07-17 15:12,2026-W29,RGTI,RGTI260918C00015000,0,skip,,vertical,0.0449,0.0337,0.5
2026-07-17 15:12,2026-W29,AG,AG280121P00010000,0,skip,,vertical,-0.0409,-0.0556,0.279
2026-07-17 15:12,2026-W29,FIG,FIG260724C00028500,0,skip,,down,-0.5833,-0.7396,0.25
2026-07-17 15:12,2026-W29,XLK,XLK260724C00179000,0,skip,,up,0.3636,0.3068,0.2579
2026-07-17 15:21,2026-W29,GLXY,GLXY260814P00020000,1,skip,,down,-0.515,-0.6209,0.5
2026-07-17 15:21,2026-W29,GLXY,GLXY260821P00022500,0,skip,,vertical,-0.1433,-0.1582,0.9041
2026-07-17 15:21,2026-W29,TXN,TXN261016C00450000,0,skip,,vertical,-0.3241,-0.4684,0.0769
2026-07-17 15:21,2026-W29,AKAM,AKAM260724P00119000,0,skip,,vertical,-0.097,-0.1651,0.4174
2026-07-17 15:21,2026-W29,UCO,UCO260717C00040000,0,skip,,up,0.33,0.155,0.5473
2026-07-17 15:21,2026-W29,KTOS,KTOS261120P00035000,0,skip,,vertical,-0.09,-0.115,0.3333
2026-07-17 15:21,2026-W29,DVN,DVN260731P00044000,0,skip,,vertical,-0.1419,-0.1622,0.1535
2026-07-17 15:21,2026-W29,UBER,UBER261120P00060000,0,skip,,vertical,-0.0725,-0.1232,0.1497
2026-07-17 15:21,2026-W29,MO,MO260731C00077000,0,skip,,vertical,-0.1182,-0.1591,0.3515
2026-07-17 15:21,2026-W29,CAT,CAT260717P00865000,0,skip,,down,-0.741,-0.9869,0.1429
2026-07-17 15:21,2026-W29,XLE,XLE260821C00055000,0,skip,,vertical,0.0,-0.0139,0.0653
2026-07-17 15:21,2026-W29,EW,EW261120C00097500,0,skip,,down,-0.6758,-0.7515,1.0
2026-07-17 15:21,2026-W29,TJX,TJX260724C00155000,0,skip,,vertical,-0.388,-0.468,1.0
2026-07-17 15:21,2026-W29,AR,AR260821C00034000,0,skip,,vertical,-0.0774,-0.1097,1.0
2026-07-17 15:21,2026-W29,AIG,AIG260724C00080000,0,skip,,vertical,-0.1241,-0.1586,0.435
2026-07-17 15:21,2026-W29,GLD,GLD260821C00390000,0,skip,,vertical,-0.0063,-0.0297,0.0396
2026-07-17 15:21,2026-W29,FXI,FXI260821P00035000,0,skip,,vertical,-0.2143,-0.2649,0.3515
2026-07-17 15:21,2026-W29,DKNG,DKNG260918C00025000,0,skip,,vertical,0.1659,0.1635,0.2599
2026-07-17 15:32,2026-W29,UEC,UEC260814C00009500,1,skip,,vertical,-0.2717,-0.4045,0.3333
2026-07-17 15:32,2026-W29,PG,PG260918C00160000,0,skip,,vertical,-0.2492,-0.3197,1.0
2026-07-17 15:32,2026-W29,QQQ,QQQ260717C00694000,0,skip,,up,1.1081,1.098,0.0176
2026-07-17 15:32,2026-W29,GGAL,GGAL260821P00040000,0,skip,,down,-0.8604,-1.2943,1.0
2026-07-17 15:32,2026-W29,QQQ,QQQ260717P00692000,0,skip,,down,-0.7624,-0.7723,0.0176
2026-07-17 15:32,2026-W29,XENE,XENE260821C00080000,0,skip,,vertical,-0.4217,-0.5739,1.0
2026-07-17 15:32,2026-W29,UEC,UEC261120C00009000,0,skip,,vertical,0.0629,0.0514,0.3333
2026-07-17 15:32,2026-W29,ADBE,ADBE260717C00235000,0,skip,,up,0.7778,0.6026,0.1268
2026-07-17 15:32,2026-W29,SOFI,SOFI260821C00019000,0,skip,,vertical,0.1351,0.1216,0.1086
2026-07-17 15:32,2026-W29,UNH,UNH260717P00430000,0,skip,,down,-0.5308,-0.5569,0.0821
2026-07-17 15:32,2026-W29,TLT,TLT260729P00084500,0,skip,,vertical,0.0769,0.0641,0.0269
2026-07-17 15:32,2026-W29,HBM,HBM260821C00025000,0,skip,,down,-0.55,-0.675,1.0
2026-07-17 15:32,2026-W29,COHX,COHX260821C00040000,0,skip,,vertical,-0.1517,-0.2379,0.6292
2026-07-17 15:32,2026-W29,WDAY,WDAY260731C00157500,0,skip,,vertical,0.0755,0.0189,0.25
2026-07-17 15:42,2026-W29,XLV,XLV260814C00169000,1,skip,,down,-0.8479,-1.1567,0.3333
2026-07-17 15:42,2026-W29,QCOM,QCOM260821P00120000,0,skip,,vertical,-0.1754,-0.2412,0.0494
2026-07-17 15:42,2026-W29,AMD,AMD260717P00487500,0,skip,,down,-0.6831,-0.7292,0.0345
2026-07-17 15:42,2026-W29,META,META260717C00635000,0,skip,,up,0.3128,0.2923,0.0188
2026-07-17 15:42,2026-W29,SPY,SPY260720P00746000,0,skip,,up,0.4048,0.4014,0.0082
2026-07-17 15:42,2026-W29,DRAM,DRAM260717P00056000,0,skip,,down,-0.52,-0.5709,0.051
2026-07-17 15:42,2026-W29,SNDK,SNDK260717P01355000,0,skip,,down,-0.8175,-0.9612,0.0187
2026-07-17 15:42,2026-W29,SNXX,SNXX260717P00015000,0,skip,,down,-0.7833,-0.9083,0.3333
2026-07-17 15:42,2026-W29,XLV,XLV260821C00170000,0,skip,,vertical,-0.3736,-0.467,0.4983
2026-07-17 15:42,2026-W29,IREN,IREN260918C00060000,0,skip,,vertical,0.034,0.0136,0.0362
2026-07-17 15:42,2026-W29,ASTS,ASTS260724C00060000,0,skip,,up,0.3368,0.3246,0.0667
2026-07-17 15:42,2026-W29,SOXL,SOXL260717C00135000,0,skip,,up,0.9685,0.9021,0.0455
2026-07-17 15:42,2026-W29,CRDO,CRDO260731C00260000,0,skip,,up,0.3429,0.2357,0.5
2026-07-17 15:52,2026-W29,TQQQ,TQQQ260724P00062000,0,skip,,vertical,0.045,0.0225,0.0785
2026-07-17 15:52,2026-W29,RSP,RSP260807C00215000,0,skip,,vertical,-0.1167,-0.1583,0.2802
2026-07-17 15:52,2026-W29,IRM,IRM260821P00115000,0,skip,,vertical,-0.3031,-0.3734,0.7615
2026-07-17 15:52,2026-W29,SPY,SPY260723P00720000,0,skip,,up,0.3115,0.2951,0.0081
2026-07-17 15:52,2026-W29,MO,MO260724P00074000,0,skip,,vertical,0.0111,-0.0389,0.3333
2026-07-17 15:52,2026-W29,ADBE,ADBE260717C00232500,0,skip,,up,0.6435,0.5185,0.1207
2026-07-17 15:52,2026-W29,PLTR,PLTR260731P00120000,0,skip,,vertical,-0.1503,-0.1667,0.021
2026-07-17 15:52,2026-W29,FXI,FXI260821P00036000,0,skip,,vertical,-0.0965,-0.1031,0.3333
2026-07-17 15:52,2026-W29,XLE,XLE260724C00058000,0,skip,,up,0.3208,0.283,0.0638
2026-07-17 15:52,2026-W29,EMN,EMN260821C00075000,0,skip,,vertical,-0.28,-0.2967,1.0
2026-07-17 15:52,2026-W29,GDX,GDX260821C00079000,0,skip,,vertical,-0.047,-0.0604,0.0715
2026-07-17 15:52,2026-W29,CRCL,CRCL260821C00100000,0,skip,,vertical,-0.0159,-0.0556,0.1264
2026-07-17 16:02,2026-W29,SQQQ,SQQQ260717C00039500,0,skip,,vertical,0.0498,0.0172,0.2658
2026-07-17 16:02,2026-W29,SQQQ,SQQQ260724C00044000,0,skip,,up,0.3333,0.3108,0.25
2026-07-17 16:02,2026-W29,QQQ,QQQ260717P00699000,0,skip,,down,-0.5592,-0.5735,0.0153
2026-07-17 16:02,2026-W29,USO,USO260717C00121000,0,skip,,up,0.3442,0.2233,0.0435
2026-07-17 16:02,2026-W29,AMZN,AMZN260722C00250000,0,skip,,vertical,-0.2149,-0.2522,0.0539
2026-07-17 16:02,2026-W29,INTC,INTC260717C00095000,0,skip,,up,0.6531,0.6259,0.0376
2026-07-17 16:02,2026-W29,SPCX,SPCX260717P00127000,0,skip,,down,-0.5358,-0.583,0.0352
2026-07-17 16:02,2026-W29,LUV,LUV260821P00050000,0,skip,,vertical,0.0079,-0.0053,0.9828
2026-07-17 16:02,2026-W29,TNA,TNA260717P00070500,0,skip,,down,-0.6491,-0.7368,1.0
2026-07-17 16:02,2026-W29,SOXL,SOXL260717C00140000,0,skip,,up,0.3136,0.2875,0.0443
2026-07-17 16:11,2026-W29,NFLX,NFLX260814P00066000,1,skip,,down,-0.5783,-0.5856,0.1429
2026-07-17 16:11,2026-W29,NFLX,NFLX260724P00070000,0,TAKE,p=0.54 [alt_catalyst.reddit_mention_delta_pct+ gex.net_gex+ macro.spot-],vertical,-0.0981,-0.1168,0.1377
2026-07-17 16:11,2026-W29,SOFI,SOFI260821C00018000,0,skip,,vertical,-0.0259,-0.0302,0.1058
2026-07-17 16:11,2026-W29,COF,COF260724P00205000,0,skip,,vertical,0.059,0.0333,0.1212
2026-07-17 16:11,2026-W29,TSLA,TSLA260717C00380000,0,skip,,down,-0.6519,-0.6951,0.0173
2026-07-17 16:11,2026-W29,INTC,INTC260717C00092500,0,skip,,up,0.3371,0.3014,0.0373
2026-07-17 16:11,2026-W29,SNOW,SNOW260724P00250000,0,skip,,vertical,-0.3,-0.3588,0.0769
2026-07-17 16:11,2026-W29,XLK,XLK260724C00180000,0,skip,,vertical,-0.2199,-0.2801,0.1959
2026-07-17 16:11,2026-W29,CRCL,CRCL260724P00060000,0,skip,,vertical,0.0492,0.0398,0.125
2026-07-17 16:11,2026-W29,XLC,XLC260918C00111000,0,skip,,vertical,0.0083,-0.0194,0.9162
2026-07-17 16:11,2026-W29,INFQ,INFQ260821C00010000,0,skip,,vertical,-0.17,-0.195,1.0
2026-07-17 16:11,2026-W29,SLV,SLV260918C00054000,0,skip,,vertical,-0.028,-0.042,0.048
2026-07-17 16:22,2026-W29,SILJ,SILJ260814P00023000,1,skip,,down,-0.5029,-0.64,0.3333
2026-07-17 16:22,2026-W29,FRMI,FRMI260918C00007000,0,skip,,vertical,-0.1478,-0.1696,0.2481
2026-07-17 16:22,2026-W29,BE,BE260724P00148000,0,skip,,vertical,0.1912,0.0331,0.023
2026-07-17 16:22,2026-W29,DHR,DHR260724P00192500,0,skip,,down,-0.8391,-0.9043,0.5
2026-07-17 16:22,2026-W29,SILJ,SILJ260821P00024000,0,skip,,vertical,-0.0305,-0.0976,0.4646
2026-07-17 16:22,2026-W29,NVCT,NVCT270115C00035000,0,skip,,down,-0.5167,-0.7771,1.0
2026-07-17 16:22,2026-W29,XLI,XLI260821C00195000,0,skip,,vertical,-0.6044,-0.7857,0.1614
2026-07-17 16:22,2026-W29,NTLA,NTLA270115C00012500,0,skip,,vertical,-0.15,-0.1857,1.0
2026-07-17 16:31,2026-W29,BMY,BMY260814C00064000,1,skip,,down,-0.6608,-0.8179,0.3333
2026-07-17 16:31,2026-W29,BAC,BAC260918C00060000,0,skip,,vertical,-0.1015,-0.1164,0.1739
2026-07-17 16:31,2026-W29,SNXX,SNXX260821P00010000,0,skip,,vertical,0.087,0.0435,0.3333
2026-07-17 16:31,2026-W29,BMY,BMY260918C00067500,0,skip,,vertical,-0.1712,-0.2342,0.3709
2026-07-17 16:31,2026-W29,QQQ,QQQ260717C00700000,0,skip,,up,0.5824,0.5604,0.0149
2026-07-17 16:31,2026-W29,JPM,JPM260918P00290000,0,skip,,vertical,-0.1053,-0.1886,0.1199
2026-07-17 16:31,2026-W29,XLK,XLK260724C00181000,0,skip,,vertical,-0.2885,-0.4167,0.1955
2026-07-17 16:31,2026-W29,BB,BB260828C00008500,0,skip,,vertical,-0.0846,-0.1192,0.4693
2026-07-17 16:31,2026-W29,XYZ,XYZ260731C00082000,0,skip,,vertical,-0.0622,-0.1062,0.1511
2026-07-17 16:31,2026-W29,ORCL,ORCL260724P00125000,0,skip,,vertical,0.0985,0.0754,0.0173
2026-07-17 16:31,2026-W29,SHAZ,SHAZ260821P00050000,0,skip,,vertical,-0.297,-0.403,1.0
2026-07-17 16:31,2026-W29,MSTR,MSTR260731P00075000,0,skip,,vertical,-0.2174,-0.2717,0.0318
2026-07-17 16:31,2026-W29,KR,KR261016C00065000,0,skip,,vertical,-0.0359,-0.0748,0.4693
2026-07-17 16:31,2026-W29,ASTS,ASTS260724P00048000,0,skip,,down,-0.6341,-0.7317,0.0609
2026-07-17 16:31,2026-W29,MSTR,MSTR260724C00096000,0,skip,,vertical,0.0197,0.0127,0.0318
2026-07-17 16:31,2026-W29,ENR,ENR260821C00020000,0,skip,,vertical,-0.1688,-0.2469,1.0
2026-07-17 16:31,2026-W29,CSIQ,CSIQ261016C00016000,0,skip,,vertical,-0.148,-0.178,1.0
2026-07-17 16:31,2026-W29,RKLB,RKLB260807C00080000,0,skip,,vertical,-0.2824,-0.3412,0.1039
2026-07-17 16:31,2026-W29,DXC,DXC260821C00010000,0,skip,,vertical,-0.1714,-0.2786,1.0
2026-07-17 16:31,2026-W29,ORCL,ORCL270319C00125000,0,skip,,vertical,-0.0322,-0.0456,0.0173
2026-07-17 16:41,2026-W29,KO,KO260814C00085000,1,skip,,down,-0.6302,-0.6399,0.25
2026-07-17 16:41,2026-W29,KO,KO260918C00082500,0,skip,,vertical,-0.17,-0.205,0.9357
2026-07-17 16:41,2026-W29,UBER,UBER261016P00067500,0,skip,,vertical,-0.0986,-0.1203,0.1429
2026-07-17 16:41,2026-W29,MSFT,MSFT260724C00410000,0,skip,,vertical,-0.0523,-0.0754,0.0192
2026-07-17 16:41,2026-W29,SLV,SLV260821C00060000,0,skip,,vertical,-0.1064,-0.1383,0.0473
2026-07-17 16:41,2026-W29,GM,GM260821P00075000,0,skip,,vertical,0.0803,0.0584,0.3333
2026-07-17 16:41,2026-W29,NFLX,NFLX260724C00068000,0,TAKE,p=0.54 [alt_catalyst.reddit_mention_delta_pct+ gex.net_gex+ macro.spot-],vertical,-0.1276,-0.1454,0.1338
2026-07-17 16:41,2026-W29,DKNG,DKNG261120P00022500,0,skip,,vertical,-0.0409,-0.0568,0.2304
2026-07-17 16:41,2026-W29,ADBE,ADBE260717C00237500,0,skip,,up,0.4859,0.3662,0.1141
2026-07-17 16:41,2026-W29,FIG,FIG260821C00025000,0,skip,,vertical,0.0256,0.011,0.2578
2026-07-17 16:41,2026-W29,B,B261016C00036000,0,skip,,vertical,-0.0975,-0.1065,0.3173
2026-07-17 16:41,2026-W29,IJR,IJR260821P00145000,0,skip,,vertical,-0.1245,-0.1623,1.0
2026-07-17 16:41,2026-W29,TLN,TLN260717C00375000,0,skip,,down,-0.6,-0.826,0.125
2026-07-17 16:52,2026-W29,MAGS,MAGS260814C00070000,1,skip,,down,-0.7137,-0.8762,0.5
2026-07-17 16:52,2026-W29,MSTR,MSTR260821P00080000,0,skip,,vertical,-0.0475,-0.0663,0.0317
2026-07-17 16:52,2026-W29,IREN,IREN260821P00027000,0,skip,,vertical,0.0442,0.0376,0.0339
2026-07-17 16:52,2026-W29,SPY,SPY260720C00746000,0,skip,,down,-0.5133,-0.5147,0.0079
2026-07-17 16:52,2026-W29,RTX,RTX260731C00202500,0,skip,,vertical,-0.293,-0.3282,0.25
2026-07-17 16:52,2026-W29,IREN,IREN260724C00038000,0,skip,,vertical,-0.2091,-0.2364,0.0339
2026-07-17 16:52,2026-W29,MAGS,MAGS260918C00067000,0,skip,,vertical,-0.0758,-0.1061,0.9789
2026-07-17 16:52,2026-W29,SMR,SMR261120P00008000,0,skip,,vertical,-0.0209,-0.034,0.5
2026-07-17 16:52,2026-W29,ADBE,ADBE260731C00260000,0,skip,,vertical,-0.2557,-0.3787,0.0931
2026-07-17 16:52,2026-W29,EWY,EWY260717P00165000,0,skip,,down,-0.5429,-0.7571,0.04
2026-07-17 16:52,2026-W29,GPRE,GPRE260717C00018000,0,skip,,down,-0.6242,-0.9424,1.0
2026-07-17 16:52,2026-W29,XLE,XLE260918C00059000,0,skip,,vertical,0.0306,0.0204,0.0638
2026-07-17 16:52,2026-W29,IOVA,IOVA260717C00004500,0,skip,,down,-0.5111,-0.5111,1.0
2026-07-17 16:52,2026-W29,CTSH,CTSH261016C00052500,0,skip,,vertical,0.0919,0.0784,0.2266
2026-07-17 17:02,2026-W29,NN,NN260814C00013500,1,skip,,vertical,-0.0833,-0.2252,0.4474
2026-07-17 17:02,2026-W29,XLF,XLF260717C00053000,0,skip,,vertical,-0.0986,-0.113,0.0909
2026-07-17 17:02,2026-W29,PEP,PEP260731C00140000,0,skip,,vertical,-0.0645,-0.1419,1.0
2026-07-17 17:02,2026-W29,DRAM,DRAM260717C00055000,0,skip,,down,-0.7385,-0.7923,0.0556
2026-07-17 17:02,2026-W29,TMUS,TMUS260731C00200000,0,skip,,vertical,0.1,0.0571,0.25
2026-07-17 17:02,2026-W29,EEM,EEM260821C00064500,0,skip,,vertical,-0.095,-0.1074,0.3333
2026-07-17 17:02,2026-W29,METC,METC260821C00012000,0,skip,,vertical,-0.1467,-0.1633,1.0
2026-07-17 17:02,2026-W29,WULF,WULF260918C00020000,0,skip,,vertical,0.0167,0.0021,0.0823
2026-07-17 17:11,2026-W29,WULF,WULF260828P00017500,1,skip,,vertical,-0.1602,-0.2834,0.0799
2026-07-17 17:11,2026-W29,SPY,SPY260724P00740000,0,skip,,up,0.3686,0.3654,0.008
2026-07-17 17:11,2026-W29,QQQ,QQQ260717C00701000,0,skip,,down,-0.5421,-0.5444,0.0147
2026-07-17 17:11,2026-W29,WULF,WULF270617P00012000,0,skip,,vertical,-0.09,-0.1228,0.0799
2026-07-17 17:11,2026-W29,ARM,ARM260717P00272500,0,skip,,up,0.5303,0.4697,0.0769
2026-07-17 17:11,2026-W29,MSFT,MSFT260821C00490000,0,skip,,vertical,-0.0441,-0.0815,0.0191
2026-07-17 17:11,2026-W29,WULF,WULF260724P00020000,0,skip,,vertical,-0.0409,-0.0432,0.0799
2026-07-17 17:11,2026-W29,WULF,WULF270115C00035000,0,skip,,vertical,-0.1548,-0.2143,0.0799
2026-07-17 17:11,2026-W29,NBIS,NBIS260724P00150000,0,skip,,up,0.322,0.2732,0.0221
2026-07-17 17:11,2026-W29,IONQ,IONQ260918C00060000,0,skip,,vertical,-0.2109,-0.2852,0.125
2026-07-17 17:11,2026-W29,FIVN,FIVN260918C00027500,0,skip,,vertical,-0.1379,-0.181,0.3333
2026-07-17 17:11,2026-W29,TQQQ,TQQQ260731C00076000,0,skip,,vertical,-0.3403,-0.3576,0.0762
2026-07-17 17:11,2026-W29,HIMX,HIMX260821C00016000,0,skip,,vertical,-0.1067,-0.14,1.0
2026-07-17 17:22,2026-W29,XPEV,XPEV260814C00014000,1,skip,,vertical,-0.3232,-0.4296,0.2
2026-07-17 17:22,2026-W29,SKHY,SKHY260717P00165000,0,skip,,up,0.3806,0.3389,0.0909
2026-07-17 17:22,2026-W29,IWM,IWM260821C00304000,0,skip,,vertical,-0.0818,-0.0881,0.035
2026-07-17 17:22,2026-W29,SPY,SPY260720C00747000,0,skip,,down,-0.5236,-0.5257,0.0077
2026-07-17 17:22,2026-W29,NVDA,NVDA260821C00230000,0,skip,,vertical,-0.2445,-0.2537,0.0096
2026-07-17 17:22,2026-W29,TQQQ,TQQQ260717P00069000,0,skip,,up,0.6667,0.65,0.0714
2026-07-17 17:22,2026-W29,UMC,UMC261016P00021000,0,skip,,vertical,0.0152,0.0,0.7834
2026-07-17 17:22,2026-W29,MSFT,MSFT260731P00340000,0,skip,,vertical,-0.1456,-0.1845,0.0191
2026-07-17 17:22,2026-W29,QQQ,QQQ260717P00700000,0,skip,,up,0.5606,0.5492,0.0147
2026-07-17 17:22,2026-W29,SPY,SPY260717P00745000,0,skip,,up,0.7969,0.7812,0.0079
2026-07-17 17:22,2026-W29,DK,DK260918C00075000,0,skip,,down,-0.62,-0.9512,1.0
2026-07-17 17:22,2026-W29,VNOM,VNOM260821C00045000,0,skip,,vertical,-0.5355,-0.729,1.0
2026-07-17 17:22,2026-W29,XPEV,XPEV260717C00012000,0,skip,,vertical,-0.1636,-0.2667,0.2
2026-07-17 17:22,2026-W29,AEO,AEO260918P00019000,0,skip,,vertical,-0.039,-0.055,0.5
2026-07-17 17:22,2026-W29,HSY,HSY260731C00177500,0,skip,,vertical,-0.2161,-0.2887,0.5
2026-07-17 17:22,2026-W29,COIN,COIN260918P00160000,0,skip,,vertical,0.0214,0.0052,0.0289
2026-07-17 17:22,2026-W29,COIN,COIN260821P00160000,0,skip,,vertical,0.0631,0.0471,0.0289
2026-07-17 17:32,2026-W29,CORZ,CORZ260814C00022000,1,skip,,vertical,-0.2656,-0.3074,0.3333
2026-07-17 17:32,2026-W29,SPY,SPY260918P00650000,0,skip,,vertical,0.11,0.1067,0.0076
2026-07-17 17:32,2026-W29,BMY,BMY260731P00060000,0,skip,,vertical,0.0072,-0.0761,0.3333
2026-07-17 17:32,2026-W29,MA,MA260918C00650000,0,skip,,vertical,-0.32,-0.4756,0.5
2026-07-17 17:32,2026-W29,FIG,FIG260731C00025000,0,skip,,vertical,-0.212,-0.2364,0.2594
2026-07-17 17:32,2026-W29,MRNA,MRNA260717C00060000,0,skip,,down,-0.5143,-0.5857,0.1312
2026-07-17 17:32,2026-W29,CORZ,CORZ260918C00026000,0,skip,,vertical,-0.241,-0.2681,0.3333
2026-07-17 17:32,2026-W29,UNH,UNH260731C00470000,0,skip,,down,-0.5571,-0.6929,0.081
2026-07-17 17:32,2026-W29,CHKP,CHKP260821C00150000,0,skip,,vertical,-0.2205,-0.2333,0.5
2026-07-17 17:32,2026-W29,FLR,FLR260821P00042500,0,skip,,vertical,-0.136,-0.156,0.2668
2026-07-17 17:32,2026-W29,MARA,MARA270617P00008000,0,skip,,vertical,-0.2579,-0.2868,0.2437
2026-07-17 17:32,2026-W29,IREN,IREN260717P00035000,0,skip,,up,0.7609,0.7065,0.0357
2026-07-17 17:42,2026-W29,BMNR,BMNR260814P00015000,1,skip,,vertical,-0.3924,-0.4023,0.0833
2026-07-17 17:42,2026-W29,NVDA,NVDA260731P00175000,0,skip,,vertical,0.1455,0.1182,0.0095
2026-07-17 17:42,2026-W29,SPY,SPY260918C00795000,0,skip,,vertical,-0.1154,-0.1202,0.0076
2026-07-17 17:42,2026-W29,NVDA,NVDA260724C00215000,0,skip,,vertical,-0.4,-0.41,0.0095
2026-07-17 17:42,2026-W29,ENPH,ENPH260731C00043000,0,skip,,vertical,-0.1094,-0.1469,0.1863
2026-07-17 17:42,2026-W29,CVX,CVX260731C00195000,0,skip,,vertical,0.1429,0.1099,0.1667
2026-07-17 17:42,2026-W29,AEHR,AEHR260724P00062000,0,skip,,vertical,-0.3857,-0.6357,1.0
2026-07-17 17:42,2026-W29,GTX,GTX261016C00033000,0,skip,,vertical,-0.1861,-0.2764,1.0
2026-07-17 17:42,2026-W29,CMG,CMG260731C00036000,0,skip,,vertical,-0.0275,-0.0505,0.1955
2026-07-17 17:42,2026-W29,EPAM,EPAM260821C00110000,0,skip,,vertical,-0.0187,-0.1125,1.0
2026-07-17 17:42,2026-W29,BMNR,BMNR260918P00017000,0,skip,,vertical,-0.0107,-0.025,0.0833
2026-07-17 17:52,2026-W29,VG,VG260814C00014500,1,skip,,vertical,-0.2719,-0.3513,0.2156
2026-07-17 17:52,2026-W29,SPY,SPY260723C00750000,0,skip,,vertical,-0.2058,-0.2094,0.0076
2026-07-17 17:52,2026-W29,GLW,GLW260724P00144000,0,skip,,vertical,0.0187,-0.0172,0.1429
2026-07-17 17:52,2026-W29,NFLX,NFLX260717P00070000,0,TAKE,p=0.54 [alt_catalyst.reddit_mention_delta_pct+ gex.net_gex+ macro.spot-],vertical,-0.2462,-0.2846,0.1288
2026-07-17 17:52,2026-W29,QQQ,QQQ260720P00696000,0,skip,,up,0.4264,0.4202,0.0142
2026-07-17 17:52,2026-W29,UPST,UPST260918C00037500,0,skip,,vertical,-0.139,-0.1631,0.3333
2026-07-17 17:52,2026-W29,CRWV,CRWV260724C00080000,0,skip,,vertical,-0.1596,-0.1676,0.0343
2026-07-17 17:52,2026-W29,VG,VG260731C00014500,0,skip,,vertical,-0.06,-0.26,0.2156
2026-07-17 17:52,2026-W29,HIMS,HIMS260724C00036000,0,skip,,vertical,-0.1732,-0.1929,0.1917
2026-07-17 18:01,2026-W29,AA,AA260814P00044000,1,skip,,vertical,-0.2259,-0.2803,0.2713
2026-07-17 18:01,2026-W29,IGV,IGV260731P00091000,0,skip,,vertical,-0.1394,-0.1848,0.1111
2026-07-17 18:01,2026-W29,INTC,INTC261016P00062500,0,skip,,vertical,-0.0246,-0.0477,0.0362
2026-07-17 18:01,2026-W29,AA,AA260821P00045000,0,skip,,vertical,0.2206,0.1957,0.2713
2026-07-17 18:01,2026-W29,NVS,NVS260821P00145000,0,skip,,vertical,-0.1073,-0.1195,0.25
2026-07-17 18:01,2026-W29,NN,NN260821C00020000,0,skip,,down,-0.56,-0.81,0.3333
2026-07-17 18:01,2026-W29,EWZ,EWZ260731C00036000,0,skip,,vertical,-0.0222,-0.0333,0.1111
2026-07-17 18:01,2026-W29,EQNR,EQNR260821C00040000,0,skip,,vertical,0.0222,-0.0889,0.5
2026-07-17 18:01,2026-W29,FIG,FIG260918C00030000,0,skip,,vertical,-0.0894,-0.1149,0.25
2026-07-17 18:01,2026-W29,TLT,TLT260918C00087000,0,skip,,vertical,-0.02,-0.04,0.0256
2026-07-17 18:01,2026-W29,TLT,TLT260918C00088000,0,skip,,vertical,0.0,-0.0156,0.0256
2026-07-17 18:01,2026-W29,USO,USO260724C00150000,0,skip,,vertical,-0.425,-0.5125,0.0399
2026-07-17 18:01,2026-W29,FLR,FLR261016C00055000,0,skip,,vertical,-0.1632,-0.2289,0.25
2026-07-17 18:11,2026-W29,BILL,BILL260814C00046000,1,skip,,vertical,-0.4384,-0.6072,0.5
2026-07-17 18:11,2026-W29,CRM,CRM260724C00180000,0,skip,,vertical,-0.1198,-0.1641,0.0337
2026-07-17 18:11,2026-W29,BILL,BILL260807C00046000,0,skip,,vertical,-0.4049,-0.5024,0.5
2026-07-17 18:11,2026-W29,DRAM,DRAM260724C00054000,0,skip,,vertical,-0.3134,-0.3358,0.0556
2026-07-17 18:11,2026-W29,AMPX,AMPX261016C00015000,0,skip,,vertical,-0.2842,-0.3895,0.3333
2026-07-17 18:11,2026-W29,IOVA,IOVA270115C00005000,0,skip,,vertical,-0.1586,-0.2448,1.0
2026-07-17 18:11,2026-W29,FSLY,FSLY260918C00025000,0,skip,,vertical,-0.2356,-0.28,1.0
2026-07-17 18:11,2026-W29,AIG,AIG260821C00080000,0,skip,,vertical,0.0233,-0.0017,0.3333
2026-07-17 18:11,2026-W29,WU,WU260821C00008000,0,skip,,up,0.36,0.2267,1.0
2026-07-17 18:11,2026-W29,FPS,FPS260821C00050000,0,skip,,vertical,-0.271,-0.3032,1.0
2026-07-17 18:22,2026-W29,BCS,BCS260821C00028000,0,skip,,vertical,-0.0667,-0.1292,1.0
2026-07-17 18:22,2026-W29,META,META260717P00647500,0,skip,,up,0.6986,0.6493,0.0146
2026-07-17 18:22,2026-W29,SPY,SPY260722C00748000,0,skip,,vertical,-0.0984,-0.1004,0.0075
2026-07-17 18:22,2026-W29,QQQ,QQQ260720P00695000,0,skip,,vertical,0.1281,0.1244,0.013
2026-07-17 18:22,2026-W29,USO,USO260724C00130000,0,skip,,vertical,-0.1532,-0.1617,0.0387
2026-07-17 18:22,2026-W29,IWM,IWM260918P00275000,0,skip,,vertical,-0.0463,-0.0527,0.0324
2026-07-17 18:22,2026-W29,CRWV,CRWV260724P00070000,0,skip,,vertical,0.0327,0.0224,0.033
2026-07-17 18:22,2026-W29,DINO,DINO260821C00100000,0,skip,,vertical,-0.1778,-0.275,1.0
2026-07-17 18:22,2026-W29,RMD,RMD260918C00250000,0,skip,,down,-0.6069,-0.8655,0.2
2026-07-17 18:22,2026-W29,GIS,GIS260821C00040000,0,skip,,vertical,-0.16,-0.1933,0.5
2026-07-17 18:22,2026-W29,NBIS,NBIS260724P00130000,0,skip,,vertical,0.1829,0.1771,0.0199
2026-07-17 18:22,2026-W29,USO,USO260731C00180000,0,skip,,vertical,-0.4615,-0.6667,0.0387
2026-07-17 18:22,2026-W29,QCOM,QCOM261218C00195000,0,skip,,vertical,-0.0719,-0.0909,0.0424
2026-07-17 18:31,2026-W29,QQQ,QQQ260724P00675000,0,skip,,vertical,0.1489,0.1419,0.0129
2026-07-17 18:31,2026-W29,SLV,SLV260821C00053000,0,skip,,vertical,-0.0213,-0.0372,0.0455
2026-07-17 18:31,2026-W29,IBIT,IBIT261016P00030000,0,skip,,vertical,-0.0247,-0.0432,0.0435
2026-07-17 18:31,2026-W29,CTSH,CTSH260918C00050000,0,skip,,vertical,-0.313,-0.3348,0.2
2026-07-17 18:31,2026-W29,QQQ,QQQ260720P00694000,0,skip,,up,0.3194,0.3119,0.0132
2026-07-17 18:31,2026-W29,BE,BE260724P00165000,0,skip,,vertical,-0.0361,-0.05,0.02
2026-07-17 18:31,2026-W29,ANET,ANET260731P00149000,0,skip,,vertical,-0.2893,-0.4298,0.2
2026-07-17 18:31,2026-W29,SCHW,SCHW260821P00100000,0,skip,,vertical,0.02,0.005,0.3333
2026-07-17 18:31,2026-W29,IREN,IREN260821P00020000,0,skip,,vertical,-0.0506,-0.1076,0.0301
2026-07-17 18:31,2026-W29,AA,AA260821C00050000,0,skip,,vertical,-0.3261,-0.3406,0.25
2026-07-17 18:31,2026-W29,VG,VG260807C00015000,0,skip,,vertical,-0.14,-0.29,0.2
2026-07-17 18:31,2026-W29,ELV,ELV260918C00360000,0,skip,,vertical,-0.0286,-0.053,0.5
2026-07-17 18:42,2026-W29,CLSK,CLSK260814C00013500,1,skip,,vertical,-0.2866,-0.3738,0.25
2026-07-17 18:42,2026-W29,QQQ,QQQ260821C00748000,0,skip,,vertical,-0.0942,-0.1025,0.0128
2026-07-17 18:42,2026-W29,QQQ,QQQ260918P00570000,0,skip,,vertical,0.0026,0.0,0.0128
2026-07-17 18:42,2026-W29,SPY,SPY260722C00753000,0,skip,,vertical,-0.2045,-0.2159,0.0075
2026-07-17 18:42,2026-W29,CLSK,CLSK260731C00012500,0,skip,,vertical,-0.2323,-0.3839,0.25
2026-07-17 18:42,2026-W29,IWM,IWM260730P00284000,0,skip,,vertical,-0.0596,-0.0695,0.0316
2026-07-17 18:42,2026-W29,SO,SO260821C00095000,0,skip,,vertical,-0.0836,-0.12,1.0
2026-07-17 18:42,2026-W29,OKLO,OKLO260918C00075000,0,skip,,vertical,-0.1613,-0.2043,0.2192
2026-07-17 18:42,2026-W29,DKNG,DKNG261120C00030000,0,skip,,vertical,-0.0222,-0.0417,0.2
2026-07-17 18:42,2026-W29,USAR,USAR280121C00060000,0,skip,,vertical,-0.1298,-0.1698,1.0
2026-07-17 18:42,2026-W29,XLY,XLY260821C00118000,0,skip,,vertical,-0.0571,-0.081,0.5
2026-07-17 18:42,2026-W29,XLP,XLP260821P00085000,0,skip,,vertical,-0.1474,-0.1635,0.5
2026-07-17 18:42,2026-W29,UVXY,UVXY260717C00022000,0,skip,,vertical,-0.1086,-0.1586,0.9464
2026-07-17 18:42,2026-W29,KWEB,KWEB261218P00027000,0,skip,,vertical,-0.2302,-0.2698,0.125
2026-07-17 18:42,2026-W29,SOFI,SOFI260731C00017000,0,skip,,vertical,-0.0242,-0.0323,0.0955
2026-07-17 18:42,2026-W29,PRDO,PRDO260918C00030000,0,skip,,vertical,-0.0387,-0.0548,1.0
2026-07-17 18:51,2026-W29,HPQ,HPQ260814P00024000,1,skip,,vertical,-0.4577,-0.5195,0.2
2026-07-17 18:51,2026-W29,SPY,SPY260724C00749000,0,skip,,vertical,-0.0997,-0.104,0.0074
2026-07-17 18:51,2026-W29,IWM,IWM260731P00286000,0,skip,,vertical,-0.0495,-0.0569,0.0312
2026-07-17 18:51,2026-W29,NVDA,NVDA260722C00212500,0,skip,,vertical,-0.2584,-0.2753,0.0093
2026-07-17 18:51,2026-W29,HPQ,HPQ261120P00025000,0,skip,,vertical,-0.0441,-0.0458,0.2
2026-07-17 18:51,2026-W29,SPY,SPY260717C00745000,0,skip,,down,-0.7451,-0.7745,0.0075
2026-07-17 18:51,2026-W29,TLT,TLT260731P00084000,0,skip,,vertical,0.1667,0.15,0.025
2026-07-17 18:51,2026-W29,HPQ,HPQ261120C00025000,0,skip,,vertical,-0.1873,-0.219,0.2
2026-07-17 18:51,2026-W29,AMAT,AMAT260724P00430000,0,skip,,vertical,-0.4086,-0.4886,0.06
2026-07-17 18:51,2026-W29,NBIS,NBIS260731P00110000,0,skip,,vertical,0.198,0.1421,0.0194
2026-07-17 18:51,2026-W29,HPQ,HPQ261218P00024000,0,skip,,vertical,-0.0552,-0.0621,0.2
2026-07-17 18:51,2026-W29,PLTR,PLTR260724P00129000,0,skip,,vertical,0.0357,0.0246,0.0206
2026-07-17 18:51,2026-W29,HPQ,HPQ261218P00025000,0,skip,,vertical,-0.1235,-0.1382,0.2
2026-07-17 18:51,2026-W29,COIN,COIN260724P00142000,0,skip,,vertical,-0.3507,-0.3806,0.0271
2026-07-17 18:51,2026-W29,MLTX,MLTX260821C00019000,0,skip,,vertical,-0.2,-0.2882,1.0
2026-07-17 18:51,2026-W29,DG,DG260821P00115000,0,skip,,vertical,-0.1753,-0.2552,0.3333
2026-07-17 18:51,2026-W29,ASTS,ASTS260717C00059000,0,skip,,down,-0.5278,-0.6111,0.0667
2026-07-17 18:51,2026-W29,XBI,XBI260918C00170000,0,skip,,vertical,-0.1849,-0.1952,0.0833
2026-07-17 19:03,2026-W29,TLT,TLT260814C00088000,1,skip,,down,-0.92,-0.9676,0.0244
2026-07-17 19:03,2026-W29,IWM,IWM260731P00290000,0,skip,,vertical,-0.0136,-0.0221,0.0308
2026-07-17 19:03,2026-W29,LRCX,LRCX260731P00230000,0,skip,,vertical,-0.2563,-0.3338,0.0488
2026-07-17 19:03,2026-W29,V,V260814C00380000,0,skip,,vertical,-0.2486,-0.2843,0.3333
2026-07-17 19:03,2026-W29,SPY,SPY260724P00717000,0,skip,,up,0.3108,0.3041,0.0074
2026-07-17 19:03,2026-W29,SPY,SPY260721C00751000,0,skip,,vertical,-0.2111,-0.2167,0.0074
2026-07-17 19:03,2026-W29,IREN,IREN260724P00031000,0,skip,,vertical,-0.1181,-0.1528,0.0294
2026-07-17 19:03,2026-W29,XYZ,XYZ260731P00081000,0,skip,,vertical,0.0197,-0.0049,0.1183
2026-07-17 19:03,2026-W29,TLT,TLT260717C00083000,0,skip,,vertical,-0.057,-0.0665,0.0249
2026-07-17 19:03,2026-W29,REPL,REPL260807P00004000,0,skip,,vertical,-0.3765,-0.5529,0.25
2026-07-17 19:03,2026-W29,GDX,GDX260724P00070000,0,skip,,vertical,-0.1545,-0.1909,0.0661
2026-07-17 19:03,2026-W29,EWY,EWY260724P00145000,0,skip,,vertical,-0.0105,-0.05,0.0347
2026-07-17 19:03,2026-W29,ADPT,ADPT260821P00022500,0,skip,,down,-0.5067,-0.5317,1.0
2026-07-17 19:03,2026-W29,BOIL,BOIL260724C00023000,0,skip,,vertical,-0.0545,-0.0818,0.5
2026-07-17 19:03,2026-W29,LQDA,LQDA260821P00065000,0,skip,,vertical,-0.4931,-0.5879,0.5
2026-07-17 19:12,2026-W29,WULF,WULF260828C00018500,1,skip,,vertical,-0.0823,-0.17,0.0714
2026-07-17 19:12,2026-W29,OKLO,OKLO260724C00041500,0,skip,,vertical,-0.1839,-0.2018,0.2
2026-07-17 19:12,2026-W29,IWM,IWM260821P00279000,0,skip,,vertical,-0.0816,-0.0886,0.0305
2026-07-17 19:12,2026-W29,SPY,SPY260731P00707000,0,skip,,vertical,-0.0852,-0.0909,0.0074
2026-07-17 19:12,2026-W29,CRWV,CRWV260918C00195000,0,skip,,down,-0.5238,-0.75,0.0312
2026-07-17 19:12,2026-W29,SKHY,SKHY260717C00155000,0,skip,,down,-0.6375,-0.6896,0.1
2026-07-17 19:12,2026-W29,IFF,IFF260918C00082500,0,skip,,down,-0.5841,-0.8739,1.0
2026-07-17 19:12,2026-W29,IBM,IBM260731C00237500,0,skip,,vertical,-0.2972,-0.3373,0.02
2026-07-17 19:12,2026-W29,WULF,WULF260724C00018000,0,skip,,vertical,0.1429,0.1122,0.0714
2026-07-17 19:12,2026-W29,INTC,INTC260821C00170000,0,skip,,vertical,-0.125,-0.1528,0.035
2026-07-17 19:12,2026-W29,CCL,CCL260717C00023000,0,skip,,vertical,-0.1,-0.1357,0.1429
2026-07-17 19:12,2026-W29,TPR,TPR260724P00141000,0,skip,,vertical,-0.2271,-0.3203,1.0
2026-07-17 19:12,2026-W29,AFRM,AFRM260731P00075000,0,skip,,vertical,-0.0387,-0.0827,0.5
2026-07-17 19:12,2026-W29,CCL,CCL260821P00026000,0,skip,,vertical,-0.0373,-0.0597,0.1429
2026-07-17 19:21,2026-W29,UVXY,UVXY260814C00026500,1,skip,,down,-0.5216,-1.0438,0.5
2026-07-17 19:21,2026-W29,SPY,SPY260717P00743000,0,skip,,down,-0.6882,-0.6989,0.0074
2026-07-17 19:21,2026-W29,QQQ,QQQ260723P00650000,0,skip,,vertical,-0.102,-0.1122,0.0125
2026-07-17 19:21,2026-W29,RIOT,RIOT260731P00015500,0,skip,,vertical,-0.4468,-0.5745,0.25
2026-07-17 19:21,2026-W29,AMAT,AMAT260717C00525000,0,skip,,vertical,-0.4775,-0.7523,0.0581
2026-07-17 19:21,2026-W29,WFC,WFC260821P00087500,0,skip,,vertical,-0.04,-0.055,0.25
2026-07-17 19:21,2026-W29,B,B260821P00033000,0,skip,,vertical,-0.1121,-0.1336,0.25
2026-07-17 19:21,2026-W29,SILJ,SILJ260918P00020000,0,skip,,vertical,-0.1143,-0.1857,0.3333
2026-07-17 19:21,2026-W29,RBRK,RBRK260918C00110000,0,skip,,vertical,-0.2531,-0.3347,1.0
2026-07-17 19:21,2026-W29,BB,BB260814P00010000,0,skip,,vertical,-0.042,-0.0594,0.3333
2026-07-17 19:21,2026-W29,KR,KR260807C00058000,0,skip,,vertical,-0.057,-0.0833,0.3333
2026-07-17 19:21,2026-W29,XLC,XLC260918P00111000,0,skip,,vertical,-0.1294,-0.1441,0.5
2026-07-17 19:21,2026-W29,W,W260821C00105000,0,skip,,vertical,-0.0088,-0.0456,0.25
2026-07-17 19:21,2026-W29,WYNN,WYNN260731P00088000,0,skip,,vertical,-0.2982,-0.4211,0.5
2026-07-17 19:21,2026-W29,ONON,ONON260821P00037500,0,skip,,vertical,-0.1146,-0.1545,0.2
2026-07-17 19:21,2026-W29,RIOT,RIOT260724C00019500,0,skip,,vertical,-0.1111,-0.1574,0.25
2026-07-17 19:21,2026-W29,SOFI,SOFI270115P00012000,0,skip,,vertical,-0.05,-0.075,0.0909
2026-07-17 19:21,2026-W29,MU,MU260724C01000000,0,skip,,vertical,-0.2104,-0.2387,0.0093
2026-07-17 19:21,2026-W29,QQQ,QQQ260821P00688000,0,skip,,vertical,-0.0048,-0.0078,0.0125
2026-07-17 19:32,2026-W29,TSLQ,TSLQ260717C00017000,0,skip,,vertical,-0.0348,-0.0674,1.0
2026-07-17 19:32,2026-W29,SPY,SPY260720C00745000,0,skip,,vertical,0.0,-0.0026,0.0073
2026-07-17 19:32,2026-W29,XYZ,XYZ260731P00080000,0,skip,,vertical,0.0,-0.0281,0.1111
2026-07-17 19:32,2026-W29,FTNT,FTNT260724P00157500,0,skip,,vertical,-0.0414,-0.0983,0.25
2026-07-17 19:32,2026-W29,BHVN,BHVN261016C00020000,0,skip,,vertical,-0.0703,-0.1243,0.5
2026-07-17 19:32,2026-W29,ZTS,ZTS260717P00080000,0,skip,,vertical,-0.2184,-0.2711,0.5
2026-07-17 19:32,2026-W29,QCOM,QCOM260918P00175000,0,skip,,vertical,-0.0934,-0.0969,0.0395
2026-07-17 19:41,2026-W29,NN,NN260814C00013500,1,skip,,vertical,-0.2457,-0.3917,0.25
2026-07-17 19:41,2026-W29,HIMS,HIMS260807P00028000,0,skip,,vertical,-0.0571,-0.0714,0.1429
2026-07-17 19:41,2026-W29,SPCX,SPCX260724C00150000,0,skip,,vertical,-0.16,-0.26,0.0323
2026-07-17 19:41,2026-W29,NN,NN260821C00012000,0,skip,,vertical,0.0333,-0.0143,0.25
2026-07-17 19:41,2026-W29,EWY,EWY260724P00135000,0,skip,,vertical,-0.0778,-0.1889,0.0333
2026-07-17 19:41,2026-W29,CVNA,CVNA260821C00085000,0,skip,,vertical,-0.1765,-0.2308,0.25
2026-07-17 19:41,2026-W29,NEM,NEM260821C00100000,0,skip,,vertical,-0.0863,-0.1091,0.25
2026-07-17 19:41,2026-W29,HIMS,HIMS260724P00031000,0,skip,,vertical,-0.008,-0.032,0.1429
2026-07-17 19:41,2026-W29,CMG,CMG260717C00032500,0,skip,,vertical,-0.0985,-0.1182,0.1667
2026-07-17 19:41,2026-W29,MARA,MARA260731C00010500,0,skip,,vertical,-0.0333,-0.0667,0.2
2026-07-17 19:51,2026-W29,KRE,KRE260814P00073500,1,skip,,vertical,-0.6579,-0.8054,0.0833
2026-07-17 19:51,2026-W29,NVDA,NVDA260722P00202500,0,skip,,vertical,0.0058,-0.0087,0.0092
2026-07-17 19:51,2026-W29,AAPL,AAPL260724C00337500,0,skip,,vertical,-0.0889,-0.1136,0.0227
2026-07-17 19:51,2026-W29,NVDA,NVDA260720C00205000,0,skip,,vertical,-0.1812,-0.1938,0.0092
2026-07-17 19:51,2026-W29,MRVL,MRVL260717P00192500,0,skip,,vertical,-0.288,-0.388,0.0323
2026-07-17 19:51,2026-W29,SLS,SLS260724P00010500,0,skip,,vertical,-0.6615,-0.7769,0.5
2026-07-17 19:51,2026-W29,FRMI,FRMI260821C00009000,0,skip,,vertical,-0.1778,-0.2889,0.2
2026-07-17 19:51,2026-W29,CRWD,CRWD260717C00200000,0,skip,,vertical,-0.3425,-0.52,0.0476
2026-07-17 19:51,2026-W29,KRE,KRE261016P00070000,0,skip,,vertical,-0.0864,-0.108,0.0833
2026-07-17 19:51,2026-W29,DGXX,DGXX260918C00005000,0,skip,,vertical,-0.06,-0.16,1.0
2026-07-17 19:51,2026-W29,KRE,KRE261016P00065000,0,skip,,vertical,-0.25,-0.2812,0.0833
2026-07-17 19:51,2026-W29,GDX,GDX260724C00072000,0,skip,,vertical,-0.0155,-0.0349,0.0625
2026-07-17 19:51,2026-W29,BABA,BABA260731P00113000,0,skip,,vertical,-0.0277,-0.0484,0.0526
2026-07-17 19:51,2026-W29,DVN,DVN260821C00042500,0,skip,,vertical,-0.0269,-0.0404,0.125
2026-07-17 19:51,2026-W29,LUV,LUV260918P00040000,0,skip,,vertical,-0.1263,-0.1579,0.5
2026-07-20 13:32,2026-W30,SPY,SPY260807P00725000,0,skip,,up,0.3815,0.3747,0.1059
2026-07-20 13:32,2026-W30,SPCX,SPCX260731P00118000,0,skip,,up,0.3829,0.3341,0.0487
2026-07-20 13:32,2026-W30,NFLX,NFLX270115C00090000,0,skip,,vertical,0.0323,-0.0023,0.1084
2026-07-20 13:32,2026-W30,USO,USO260724C00129000,0,skip,,up,0.8361,0.7458,0.1364
2026-07-20 13:32,2026-W30,SQQQ,SQQQ260724C00047000,0,skip,,down,-0.9302,-1.0581,0.1771
2026-07-20 13:32,2026-W30,SQQQ,SQQQ260731C00042000,0,skip,,up,0.3534,0.3168,0.1634
2026-07-20 13:32,2026-W30,TQQQ,TQQQ260724P00065000,0,skip,,down,-0.5455,-0.5909,0.1772
2026-07-20 13:32,2026-W30,NTLA,NTLA270115P00012500,0,skip,,down,-0.6758,-0.7742,1.0
2026-07-20 13:32,2026-W30,MU,MU260814P00660000,0,skip,,down,-0.5135,-0.6652,0.0316
2026-07-20 13:44,2026-W30,RDW,RDW260821C00009000,1,skip,,down,-0.7965,-0.8718,0.5334
2026-07-20 13:44,2026-W30,IWM,IWM260731P00284000,0,skip,,up,0.3162,0.2991,0.4044
2026-07-20 13:44,2026-W30,RDW,RDW270115C00010000,0,skip,,down,-0.5136,-0.5591,0.5
2026-07-20 13:44,2026-W30,IWM,IWM260731P00286000,0,skip,,up,0.3732,0.3592,0.4044
2026-07-20 13:44,2026-W30,QQQ,QQQ260720C00705000,0,skip,,down,-0.6524,-0.6588,0.2422
2026-07-20 13:44,2026-W30,SPCX,SPCX260821P00090000,0,skip,,up,0.3905,0.3667,0.0333
2026-07-20 13:44,2026-W30,SFM,SFM260821P00065000,0,skip,,down,-0.5158,-0.7614,1.0
2026-07-20 13:44,2026-W30,HIMS,HIMS260821P00029500,0,skip,,up,0.3472,0.2811,0.2499
2026-07-20 13:44,2026-W30,PLTR,PLTR260724P00125000,0,skip,,up,0.3562,0.3425,1.0
2026-07-20 13:44,2026-W30,TEM,TEM261016C00085000,0,skip,,down,-0.5164,-0.7664,1.0
2026-07-20 13:44,2026-W30,WULF,WULF260828C00025000,0,skip,,down,-0.5149,-0.7649,0.2587
2026-07-20 13:44,2026-W30,DRAM,DRAM260731C00060000,0,skip,,up,0.3976,0.3534,0.1658
2026-07-20 13:44,2026-W30,TQQQ,TQQQ260918C00080000,0,skip,,down,-0.565,-0.64,0.0959
2026-07-20 13:44,2026-W30,GOOG,GOOG260724C00360000,0,skip,,down,-0.5167,-0.5265,0.2583
2026-07-20 13:51,2026-W30,WULF,WULF260821C00020500,1,skip,,down,-0.5179,-0.5737,0.141
2026-07-20 13:51,2026-W30,SPY,SPY260731P00725000,0,skip,,up,0.3261,0.3196,0.1466
2026-07-20 13:51,2026-W30,EWY,EWY260724P00145000,0,skip,,down,-1.0,-1.0455,0.3357
2026-07-20 13:51,2026-W30,WULF,WULF260821C00019000,0,skip,,vertical,-0.4114,-0.4314,0.1408
2026-07-20 13:51,2026-W30,INTC,INTC260821P00080000,0,skip,,vertical,-0.0986,-0.1197,0.0408
2026-07-20 13:51,2026-W30,WULF,WULF260821C00024000,0,skip,,down,-0.5703,-0.6289,0.1674
2026-07-20 13:51,2026-W30,BABA,BABA260724C00120000,0,skip,,up,0.4317,0.4207,0.1437
2026-07-20 13:51,2026-W30,QQQ,QQQ260720P00702000,0,skip,,up,0.9673,0.9542,0.1667
2026-07-20 13:51,2026-W30,TSLA,TSLA260720P00380000,0,skip,,up,1.1111,1.0799,0.3333
2026-07-20 13:51,2026-W30,BABA,BABA260724C00118000,0,skip,,up,0.3138,0.2985,0.1437
2026-07-20 13:51,2026-W30,BABA,BABA260724C00121000,0,skip,,up,0.3155,0.2914,0.1466
2026-07-20 13:51,2026-W30,IBIT,IBIT261120P00035000,0,skip,,vertical,-0.0467,-0.0584,0.1113
2026-07-20 13:51,2026-W30,BABA,BABA260724C00119000,0,skip,,up,0.4333,0.4278,0.1437
2026-07-20 13:51,2026-W30,GE,GE260807P00320000,0,skip,,down,-0.5502,-0.8979,1.0
2026-07-20 13:51,2026-W30,SQQQ,SQQQ260731C00051000,0,skip,,down,-0.5098,-0.549,0.3314
2026-07-20 13:51,2026-W30,NVDL,NVDL260821C00035000,0,skip,,down,-0.8214,-0.869,0.7643
2026-07-20 13:51,2026-W30,WULF,WULF260918C00021000,0,skip,,vertical,-0.3826,-0.4648,0.1408
2026-07-20 13:51,2026-W30,SCHW,SCHW260724P00100000,0,skip,,down,-0.8848,-0.9503,0.4192
2026-07-20 14:02,2026-W30,NCLH,NCLH260821C00020000,1,skip,,down,-0.5,-0.6008,0.5
2026-07-20 14:02,2026-W30,AMD,AMD260722P00475000,0,skip,,down,-0.8025,-0.8712,0.1113
2026-07-20 14:02,2026-W30,NFLX,NFLX260918P00065000,0,skip,,vertical,-0.4477,-0.4603,0.104
2026-07-20 14:02,2026-W30,SPCX,SPCX260814P00100000,0,skip,,up,0.3073,0.2829,0.0327
2026-07-20 14:02,2026-W30,QQQ,QQQ260721P00696000,0,skip,,up,0.3322,0.3254,0.0664
2026-07-20 14:02,2026-W30,DIA,DIA260724C00523000,0,skip,,down,-0.5174,-0.5457,0.7302
2026-07-20 14:02,2026-W30,SPY,SPY260722P00729000,0,skip,,up,0.3636,0.3523,0.1101
2026-07-20 14:02,2026-W30,SPY,SPY260720P00748000,0,skip,,up,0.5157,0.5122,0.1101
2026-07-20 14:02,2026-W30,AMZN,AMZN260720P00250000,0,skip,,down,-0.5381,-0.5476,0.3333
2026-07-20 14:02,2026-W30,FRO,FRO260821C00040000,0,skip,,up,0.3111,0.2556,0.8013
2026-07-20 14:02,2026-W30,SMCI,SMCI260724P00026000,0,skip,,down,-0.9485,-0.9571,0.3245
2026-07-20 14:02,2026-W30,TLT,TLT261016P00083000,0,skip,,up,0.3,0.2958,0.072
2026-07-20 14:02,2026-W30,XLE,XLE260821P00056000,0,skip,,down,-0.6735,-0.6837,0.2791
2026-07-20 14:02,2026-W30,ARKK,ARKK260821C00080000,0,skip,,up,0.4702,0.4375,0.5015
2026-07-20 14:02,2026-W30,TLT,TLT280121C00090000,0,skip,,vertical,-0.0282,-0.0329,0.0523
2026-07-20 14:02,2026-W30,NCLH,NCLH280121C00025000,0,skip,,vertical,-0.072,-0.0787,0.7247
2026-07-20 14:11,2026-W30,MARA,MARA260821P00011000,1,skip,,down,-0.6552,-0.6732,0.349
2026-07-20 14:11,2026-W30,CLSK,CLSK260918P00014000,0,skip,,vertical,-0.1209,-0.1605,0.2371
2026-07-20 14:11,2026-W30,SPY,SPY260720P00745000,0,skip,,up,0.3377,0.3311,0.0939
2026-07-20 14:11,2026-W30,SPY,SPY260724C00750000,0,skip,,down,-0.9019,-0.9057,0.0159
2026-07-20 14:11,2026-W30,NVDA,NVDA260821C00230000,0,skip,,up,0.5297,0.5148,0.0518
2026-07-20 14:11,2026-W30,ORCL,ORCL260918C00160000,0,skip,,vertical,-0.378,-0.3902,0.0357
2026-07-20 14:11,2026-W30,SPY,SPY260721P00745000,0,skip,,up,0.3931,0.3855,0.054
2026-07-20 14:11,2026-W30,AAPL,AAPL260724P00320000,0,skip,,up,0.3708,0.3596,0.3725
2026-07-20 14:11,2026-W30,MARA,MARA260918P00011000,0,skip,,vertical,-0.2055,-0.2158,0.193
2026-07-20 14:11,2026-W30,IWM,IWM260821C00310000,0,skip,,down,-0.5113,-0.5263,0.0605
2026-07-20 14:11,2026-W30,QQQ,QQQ260720C00702000,0,skip,,down,-0.6505,-0.6626,0.0989
2026-07-20 14:11,2026-W30,MRVL,MRVL260821C00280000,0,skip,,up,0.3153,0.2814,0.1884
2026-07-20 14:11,2026-W30,MCD,MCD270115C00330000,0,skip,,down,-0.6466,-0.6945,0.244
2026-07-20 14:11,2026-W30,EWZ,EWZ261120C00038000,0,skip,,down,-0.8421,-0.8541,1.0
2026-07-20 14:11,2026-W30,BIDU,BIDU260724C00109000,0,skip,,down,-0.6,-0.6786,0.5
2026-07-20 14:11,2026-W30,SIL,SIL260918C00076000,0,skip,,up,0.3756,0.32,1.0
2026-07-20 14:11,2026-W30,SOXL,SOXL260731C00220000,0,skip,,down,-0.5041,-0.5658,0.0976
2026-07-20 14:11,2026-W30,CPNG,CPNG260724C00016000,0,skip,,down,-0.5797,-0.8188,1.0
2026-07-20 14:21,2026-W30,EEM,EEM260821C00066500,1,skip,,down,-0.6143,-0.781,0.5
2026-07-20 14:21,2026-W30,EEM,EEM260821C00064500,0,skip,,vertical,-0.3623,-0.4366,0.4885
2026-07-20 14:21,2026-W30,SPY,SPY260720P00744000,0,skip,,down,-0.6115,-0.6223,0.0782
2026-07-20 14:21,2026-W30,QQQ,QQQ260721P00695000,0,skip,,down,-0.521,-0.5297,0.0747
2026-07-20 14:21,2026-W30,BE,BE260807C00375000,0,skip,,up,0.3024,0.1464,0.0587
2026-07-20 14:21,2026-W30,GM,GM260821C00082000,0,skip,,up,0.4848,0.4758,0.2841
2026-07-20 14:21,2026-W30,NFLX,NFLX261016P00060000,0,skip,,down,-0.5819,-0.5847,0.1179
2026-07-20 14:21,2026-W30,RSP,RSP260821P00210000,0,skip,,down,-0.7583,-0.7896,0.7935
2026-07-20 14:21,2026-W30,SPY,SPY260722P00727000,0,skip,,down,-0.814,-0.8256,0.0283
2026-07-20 14:21,2026-W30,NOK,NOK280121C00010000,0,skip,,vertical,-0.2301,-0.2507,0.2317
2026-07-20 14:21,2026-W30,KO,KO261016C00087500,0,skip,,down,-0.7683,-0.8445,0.5614
2026-07-20 14:21,2026-W30,KWEB,KWEB261218P00026000,0,skip,,down,-0.6159,-0.6341,0.1829
2026-07-20 14:21,2026-W30,QXO,QXO260724P00015000,0,skip,,down,-0.5037,-0.5778,1.0
2026-07-20 14:21,2026-W30,AEP,AEP260821C00135000,0,skip,,down,-0.7192,-0.7865,1.0
2026-07-20 14:21,2026-W30,OKTA,OKTA260724P00141000,0,skip,,up,0.4634,0.3049,1.0
2026-07-20 14:21,2026-W30,WULF,WULF260807C00020000,0,skip,,vertical,-0.4235,-0.4559,0.1405
2026-07-20 14:31,2026-W30,WFC,WFC260821P00083000,1,skip,,down,-0.5773,-0.6105,0.5
2026-07-20 14:31,2026-W30,WFC,WFC260731P00086000,0,skip,,down,-0.5093,-0.6056,0.9269
2026-07-20 14:31,2026-W30,SPY,SPY260918P00665000,0,skip,,vertical,0.0429,0.0416,0.013
2026-07-20 14:31,2026-W30,BA,BA260821P00185000,0,skip,,down,-1.0,-1.0625,0.1655
2026-07-20 14:31,2026-W30,MSTR,MSTR260724C00106000,0,skip,,up,0.57,0.53,0.3252
2026-07-20 14:31,2026-W30,KDP,KDP260918C00032000,0,skip,,down,-1.0,-1.0833,1.0
2026-07-20 14:31,2026-W30,ORCL,ORCL260724C00125000,0,skip,,up,0.3513,0.3441,0.0616
2026-07-20 14:31,2026-W30,HOOD,HOOD260724C00101000,0,skip,,up,0.713,0.6985,0.2383
2026-07-20 14:31,2026-W30,ARKK,ARKK260821C00085000,0,skip,,up,0.3108,0.2365,0.4919
2026-07-20 14:31,2026-W30,PRTA,PRTA260821C00009000,0,skip,,down,-0.5111,-0.5667,1.0
2026-07-20 14:31,2026-W30,FIGR,FIGR260821C00035000,0,skip,,up,0.3071,0.2804,1.0
2026-07-20 14:31,2026-W30,NBIS,NBIS260731P00110000,0,skip,,down,-0.6386,-0.7028,0.0271
2026-07-20 14:42,2026-W30,BUD,BUD260821C00084000,1,skip,,down,-0.5014,-0.5704,0.5
2026-07-20 14:42,2026-W30,AAPL,AAPL260724P00325000,0,skip,,up,0.3079,0.275,0.0802
2026-07-20 14:42,2026-W30,PLTR,PLTR260724C00134000,0,skip,,up,0.3452,0.3371,0.7262
2026-07-20 14:42,2026-W30,GOOGL,GOOGL260720C00357500,0,skip,,down,-0.6236,-0.6573,0.2715
2026-07-20 14:42,2026-W30,BMNR,BMNR270115C00055000,0,skip,,down,-0.6579,-0.6974,0.1598
2026-07-20 14:42,2026-W30,CCJ,CCJ260724C00083000,0,skip,,up,0.6077,0.5308,0.2689
2026-07-20 14:42,2026-W30,META,META260731C00820000,0,skip,,down,-0.5056,-0.5674,0.1234
2026-07-20 14:42,2026-W30,IWM,IWM260821C00305000,0,skip,,vertical,-0.4786,-0.485,0.0516
2026-07-20 14:42,2026-W30,TSM,TSM260731P00345000,0,skip,,down,-0.9562,-0.9841,0.3687
2026-07-20 14:42,2026-W30,MDT,MDT260807C00088000,0,skip,,down,-0.5056,-0.736,0.9095
2026-07-20 14:42,2026-W30,SPY,SPY260720C00744000,0,skip,,down,-0.6132,-0.6193,0.0567
2026-07-20 14:42,2026-W30,BUD,BUD260918C00082500,0,skip,,up,0.3294,0.3,0.7238
2026-07-20 14:42,2026-W30,IEF,IEF260918C00094000,0,skip,,down,-0.8873,-0.9014,0.8496
2026-07-20 14:42,2026-W30,ADBE,ADBE260821C00275000,0,skip,,up,0.3178,0.257,0.3392
2026-07-20 14:42,2026-W30,DIS,DIS260724C00093000,0,skip,,down,-0.8697,-0.9427,0.2101
2026-07-20 14:42,2026-W30,INTC,INTC260720P00097000,0,skip,,up,0.7708,0.7292,0.2
2026-07-20 14:42,2026-W30,WDAY,WDAY260821C00170000,0,skip,,down,-0.5692,-0.6462,0.38
2026-07-20 14:42,2026-W30,JETS,JETS270115P00029000,0,skip,,vertical,-0.0724,-0.0769,0.6555
2026-07-20 14:42,2026-W30,XLF,XLF260821C00055000,0,skip,,vertical,-0.0054,-0.0326,0.3387
2026-07-20 14:42,2026-W30,ARE,ARE260821P00050000,0,skip,,down,-0.6269,-0.6365,1.0
2026-07-20 14:52,2026-W30,ARKG,ARKG260821P00037000,1,skip,,down,-0.5,-0.5897,0.3527
2026-07-20 14:52,2026-W30,ARM,ARM260724P00237500,0,skip,,down,-0.697,-0.7485,0.3103
2026-07-20 14:52,2026-W30,SKHY,SKHY260821P00080000,0,skip,,down,-0.6769,-0.7538,0.1318
2026-07-20 14:52,2026-W30,SLV,SLV261016C00056000,0,skip,,up,0.3276,0.3155,0.0903
2026-07-20 14:52,2026-W30,TER,TER260724P00290000,0,skip,,down,-0.8632,-1.0934,0.3611
2026-07-20 14:52,2026-W30,IWM,IWM260918P00260000,0,skip,,vertical,0.0363,0.0285,0.051
2026-07-20 14:52,2026-W30,SPY,SPY260722C00746000,0,skip,,up,0.3265,0.3231,0.0258
2026-07-20 14:52,2026-W30,CMG,CMG260821C00035000,0,skip,,down,-1.0,-1.0265,0.3157
2026-07-20 14:52,2026-W30,QQQ,QQQ260720P00695000,0,skip,,up,0.4096,0.4036,0.0714
2026-07-20 14:52,2026-W30,GIS,GIS260918C00040000,0,skip,,down,-0.504,-0.624,0.8341
2026-07-20 14:52,2026-W30,NVO,NVO260918P00047500,0,skip,,up,0.3156,0.2978,0.397
2026-07-20 14:52,2026-W30,IWM,IWM260729C00297000,0,skip,,up,0.3388,0.3279,0.0893
2026-07-20 14:52,2026-W30,USO,USO260724C00130000,0,skip,,up,0.4,0.2974,0.1373
2026-07-20 14:52,2026-W30,NVDA,NVDA260724P00205000,0,skip,,up,0.3077,0.3013,0.0773
2026-07-20 14:52,2026-W30,ELF,ELF260807P00069000,0,skip,,down,-0.8411,-0.889,1.0
2026-07-20 14:52,2026-W30,CPRI,CPRI261120P00012500,0,skip,,vertical,0.0429,0.0071,0.6318
2026-07-20 14:52,2026-W30,ARKG,ARKG260731P00039000,0,skip,,down,-0.5935,-0.6258,0.4199
2026-07-20 14:52,2026-W30,CPRT,CPRT260821C00027500,0,skip,,down,-1.0,-1.0455,0.6628
2026-07-20 15:02,2026-W30,NVDL,NVDL260821C00032330,1,skip,,down,-0.5405,-0.7326,0.5
2026-07-20 15:02,2026-W30,QQQ,QQQ260720P00698000,0,skip,,down,-0.6493,-0.7109,0.0675
2026-07-20 15:02,2026-W30,AMKR,AMKR260821P00049000,0,skip,,down,-0.7891,-0.88,1.0
2026-07-20 15:02,2026-W30,SPY,SPY260724P00728000,0,skip,,down,-0.5447,-0.561,0.0265
2026-07-20 15:02,2026-W30,WULF,WULF260731P00018000,0,skip,,down,-0.5049,-0.5485,0.1709
2026-07-20 15:02,2026-W30,HIMS,HIMS260807C00042000,0,skip,,down,-0.9846,-1.0923,0.269
2026-07-20 15:02,2026-W30,ERIC,ERIC270115C00012000,0,skip,,down,-1.0,-1.125,1.0
2026-07-20 15:02,2026-W30,SPY,SPY260803P00710000,0,skip,,down,-0.5,-0.5058,0.0252
2026-07-20 15:02,2026-W30,SPY,SPY260722C00748000,0,skip,,up,0.4091,0.4063,0.0624
2026-07-20 15:02,2026-W30,QQQ,QQQ260720P00696000,0,skip,,down,-0.6738,-0.6808,0.0675
2026-07-20 15:02,2026-W30,NVDA,NVDA270319P00125000,0,skip,,vertical,-0.0572,-0.0657,0.0316
2026-07-20 15:02,2026-W30,SPY,SPY260720P00746000,0,skip,,down,-0.5331,-0.5423,0.0653
2026-07-20 15:02,2026-W30,GOOGL,GOOGL260720C00355000,0,skip,,down,-0.5683,-0.5837,0.2866
2026-07-20 15:02,2026-W30,SLI,SLI260821P00002500,0,skip,,down,-0.6,-0.7667,1.0
2026-07-20 15:02,2026-W30,ARKK,ARKK260724P00074000,0,skip,,down,-0.5093,-0.5463,0.3333
2026-07-20 15:02,2026-W30,PINS,PINS260724P00023500,0,skip,,down,-0.7079,-0.7472,1.0
2026-07-20 15:02,2026-W30,EXE,EXE261016C00095000,0,skip,,up,0.6034,0.5776,0.4452
2026-07-20 15:02,2026-W30,CRCL,CRCL260731C00066000,0,skip,,up,0.3238,0.2905,1.0
2026-07-20 15:02,2026-W30,SBET,SBET261016P00005000,0,skip,,vertical,-0.1538,-0.1635,1.0
2026-07-20 15:12,2026-W30,ONDS,ONDS260821C00007000,1,skip,,up,0.3086,0.2836,0.2822
2026-07-20 15:12,2026-W30,CORZ,CORZ260731C00023000,0,skip,,up,0.4653,0.4028,0.973
2026-07-20 15:12,2026-W30,ON,ON260731P00075000,0,skip,,down,-0.5691,-0.6569,0.5
2026-07-20 15:12,2026-W30,SLV,SLV261231C00065000,0,skip,,up,0.3045,0.2857,0.0839
2026-07-20 15:12,2026-W30,LUV,LUV260918P00047500,0,skip,,down,-0.5169,-0.54,1.0
2026-07-20 15:12,2026-W30,SLV,SLV260731C00052000,0,skip,,up,0.4218,0.4184,0.1101
2026-07-20 15:12,2026-W30,NVDA,NVDA260722C00210000,0,skip,,down,-0.5492,-0.5574,0.0791
2026-07-20 15:12,2026-W30,QQQ,QQQ260821P00605000,0,skip,,vertical,-0.0176,-0.0246,0.0199
2026-07-20 15:12,2026-W30,SPCX,SPCX260807C00175000,0,skip,,up,0.3167,0.2958,0.04
2026-07-20 15:12,2026-W30,ONDS,ONDS270617C00008000,0,skip,,up,0.355,0.342,0.4269
2026-07-20 15:12,2026-W30,DINO,DINO260821P00082500,0,skip,,down,-0.5292,-0.5604,0.3543
2026-07-20 15:12,2026-W30,BX,BX260724C00128000,0,skip,,down,-0.5698,-0.6285,0.6845
2026-07-20 15:12,2026-W30,INTC,INTC260722P00091000,0,skip,,down,-0.8041,-0.8247,0.0719
2026-07-20 15:12,2026-W30,TIGO,TIGO260821P00090000,0,skip,,down,-0.5067,-0.5733,1.0
2026-07-20 15:12,2026-W30,LEVI,LEVI270115C00027000,0,skip,,down,-1.0,-1.06,1.0
2026-07-20 15:12,2026-W30,TLT,TLT261218C00088000,0,skip,,down,-0.8276,-0.8391,0.0555
2026-07-20 15:12,2026-W30,IREN,IREN260821C00050000,0,skip,,up,0.3857,0.3696,0.0595
2026-07-20 15:12,2026-W30,SOFI,SOFI260821P00016000,0,skip,,vertical,0.1176,0.1059,0.1119
2026-07-20 15:21,2026-W30,ABT,ABT260821C00106000,1,skip,,down,-0.5227,-0.6697,0.5
2026-07-20 15:21,2026-W30,ABT,ABT260731C00105000,0,skip,,down,-0.6545,-0.7909,0.9968
2026-07-20 15:21,2026-W30,ISRG,ISRG260731C00370000,0,skip,,up,0.4343,0.2914,0.4194
2026-07-20 15:21,2026-W30,INTC,INTC260724C00107000,0,skip,,up,0.4176,0.4029,0.0713
2026-07-20 15:21,2026-W30,AMAT,AMAT260724P00435000,0,skip,,down,-0.9373,-1.0418,0.1593
2026-07-20 15:21,2026-W30,SLB,SLB260821C00047500,0,skip,,up,0.3503,0.3333,1.0
2026-07-20 15:21,2026-W30,ZION,ZION261120C00075000,0,skip,,down,-0.5564,-0.6205,1.0
2026-07-20 15:21,2026-W30,UBER,UBER260731C00075000,0,skip,,down,-0.5333,-0.5583,0.1935
2026-07-20 15:21,2026-W30,CCJ,CCJ260821P00075000,0,skip,,down,-0.9659,-1.017,0.1917
2026-07-20 15:21,2026-W30,SMMT,SMMT260724C00014500,0,skip,,down,-0.5048,-0.6238,1.0
2026-07-20 15:21,2026-W30,XLI,XLI270115C00215000,0,skip,,down,-0.6154,-0.724,0.5205
2026-07-20 15:21,2026-W30,CVNA,CVNA260821C00088000,0,skip,,down,-0.9737,-1.0702,0.3018
2026-07-20 15:21,2026-W30,EMN,EMN260918C00080000,0,skip,,down,-1.0,-1.0789,1.0
2026-07-20 15:32,2026-W30,RIOT,RIOT260821P00019000,1,skip,,down,-0.5406,-0.5869,0.5
2026-07-20 15:32,2026-W30,NOK,NOK260821C00010000,0,skip,,up,0.3271,0.2991,0.361
2026-07-20 15:32,2026-W30,QQQ,QQQ260720C00699000,0,skip,,up,0.4394,0.438,0.0621
2026-07-20 15:32,2026-W30,SPY,SPY260722C00747000,0,skip,,down,-0.5564,-0.5582,0.0394
2026-07-20 15:32,2026-W30,AAL,AAL261218C00022000,0,skip,,down,-0.898,-0.9286,0.391
2026-07-20 15:32,2026-W30,ORCL,ORCL260724C00123000,0,skip,,up,0.328,0.3213,0.0567
2026-07-20 15:32,2026-W30,BMNR,BMNR260918C00018000,0,skip,,up,0.3353,0.3234,0.2112
2026-07-20 15:32,2026-W30,PLTR,PLTR260724C00138000,0,skip,,up,0.385,0.3743,0.3739
2026-07-20 15:32,2026-W30,CXW,CXW260821C00032000,0,skip,,down,-0.5783,-0.6217,0.5224
2026-07-20 15:32,2026-W30,BABA,BABA260724C00126000,0,skip,,up,0.3069,0.302,0.1538
2026-07-20 15:32,2026-W30,RIOT,RIOT260828P00014000,0,skip,,down,-0.8269,-0.875,0.5
2026-07-20 15:41,2026-W30,CIFR,CIFR260821P00019500,1,skip,,down,-0.544,-0.6229,0.3531
2026-07-20 15:41,2026-W30,NVDA,NVDA260722P00207500,0,skip,,up,0.3833,0.3694,0.0698
2026-07-20 15:41,2026-W30,TLT,TLT260724C00084000,0,skip,,down,-0.5714,-0.5857,0.0762
2026-07-20 15:41,2026-W30,CIFR,CIFR260807P00015000,0,skip,,down,-0.5091,-0.5909,0.4279
2026-07-20 15:41,2026-W30,HPQ,HPQ260821P00021500,0,skip,,down,-0.9318,-1.0455,1.0
2026-07-20 15:41,2026-W30,BABA,BABA260731C00125000,0,skip,,down,-0.6731,-0.6981,0.0865
2026-07-20 15:41,2026-W30,APLD,APLD260724C00028500,0,skip,,up,0.5146,0.4854,0.5079
2026-07-20 15:41,2026-W30,GEHC,GEHC261016C00072500,0,skip,,down,-0.8839,-0.9323,0.4345
2026-07-20 15:41,2026-W30,CLSK,CLSK260807P00016000,0,skip,,vertical,-0.2061,-0.2478,0.2257
2026-07-20 15:41,2026-W30,YUM,YUM261016C00160000,0,skip,,vertical,-0.1,-0.1405,0.5644
2026-07-20 15:51,2026-W30,FISV,FISV260821P00049500,1,skip,,down,-0.5463,-0.7071,0.3575
2026-07-20 15:51,2026-W30,AMZN,AMZN260724P00247500,0,skip,,up,0.3266,0.3226,0.1109
2026-07-20 15:51,2026-W30,FISV,FISV260821P00050000,0,skip,,vertical,-0.1222,-0.1963,0.299
2026-07-20 15:51,2026-W30,NVDA,NVDA260821P00190000,0,skip,,vertical,-0.2177,-0.2304,0.031
2026-07-20 15:51,2026-W30,NEE,NEE260821C00087500,0,skip,,vertical,0.0794,0.0647,0.3339
2026-07-20 15:51,2026-W30,IREN,IREN260724P00038000,0,skip,,down,-0.5775,-0.5909,0.072
2026-07-20 15:51,2026-W30,SPCX,SPCX260724C00124000,0,skip,,up,0.3128,0.2872,0.0399
2026-07-20 15:51,2026-W30,DIS,DIS260807C00102000,0,skip,,down,-1.0,-1.0376,0.1971
2026-07-20 15:51,2026-W30,KWEB,KWEB261218P00024000,0,skip,,down,-1.0,-1.044,0.226
2026-07-20 15:51,2026-W30,ABBV,ABBV260724P00255000,0,skip,,down,-0.5247,-0.5701,0.5081
2026-07-20 15:51,2026-W30,VG,VG270115C00020000,0,skip,,vertical,-0.0889,-0.1444,0.1971
2026-07-20 15:51,2026-W30,TLT,TLT260918P00083000,0,skip,,up,0.3125,0.3073,0.0609
2026-07-20 15:51,2026-W30,EXE,EXE260918P00080000,0,skip,,down,-0.6687,-0.7,0.4344
2026-07-20 15:51,2026-W30,SEI,SEI260821C00070000,0,skip,,up,0.425,0.3694,0.5459
2026-07-20 15:51,2026-W30,MSTR,MSTR260724P00097000,0,skip,,down,-0.5677,-0.5839,0.1386
2026-07-20 15:51,2026-W30,TLT,TLT261218C00083000,0,skip,,vertical,-0.1222,-0.1278,0.0478
2026-07-20 15:51,2026-W30,TLN,TLN260724C00355000,0,skip,,down,-0.6011,-0.7233,0.4019
2026-07-20 16:02,2026-W30,CSIQ,CSIQ260821C00015500,1,skip,,down,-1.0,-1.1097,0.4596
2026-07-20 16:02,2026-W30,NVDA,NVDA260731P00200000,0,skip,,up,0.3235,0.3162,0.0682
2026-07-20 16:02,2026-W30,KKR,KKR261218P00080000,0,skip,,down,-1.0,-1.0085,0.4276
2026-07-20 16:02,2026-W30,MCD,MCD260724C00277500,0,skip,,down,-0.5,-0.6484,0.4099
2026-07-20 16:02,2026-W30,CSIQ,CSIQ261120C00016000,0,skip,,vertical,-0.3552,-0.381,0.4948
2026-07-20 16:02,2026-W30,BMNR,BMNR260918C00020000,0,skip,,vertical,-0.315,-0.3386,0.1458
2026-07-20 16:02,2026-W30,SLV,SLV261016C00054000,0,skip,,up,0.3556,0.3417,0.0794
2026-07-20 16:02,2026-W30,LI,LI260918C00014000,0,skip,,down,-0.5286,-0.5857,0.9773
2026-07-20 16:02,2026-W30,APLD,APLD260821P00025000,0,skip,,vertical,-0.0132,-0.0175,0.3216
2026-07-20 16:02,2026-W30,CELH,CELH260821C00030000,0,skip,,vertical,-0.3846,-0.4014,0.7288
2026-07-20 16:02,2026-W30,SLV,SLV261016P00051000,0,skip,,vertical,-0.1753,-0.1938,0.0674
2026-07-20 16:02,2026-W30,SLV,SLV260821P00046000,0,skip,,down,-0.5181,-0.5422,0.0795
2026-07-20 16:12,2026-W30,POET,POET260821C00008000,1,skip,,down,-0.5089,-0.5351,0.422
2026-07-20 16:12,2026-W30,QQQ,QQQ260821P00580000,0,skip,,up,0.36,0.35,0.0222
2026-07-20 16:12,2026-W30,TSLA,TSLA260720C00375000,0,skip,,down,-0.6338,-0.6432,0.0747
2026-07-20 16:12,2026-W30,IWM,IWM260730P00287000,0,skip,,up,0.3072,0.2941,0.0544
2026-07-20 16:12,2026-W30,MU,MU260720C00910000,0,skip,,down,-0.5417,-0.5642,0.035
2026-07-20 16:12,2026-W30,ADBE,ADBE260731C00255000,0,skip,,down,-0.8341,-0.9238,0.1534
2026-07-20 16:12,2026-W30,MRVL,MRVL260724P00185000,0,skip,,up,0.3475,0.3225,0.1138
2026-07-20 16:12,2026-W30,PLTR,PLTR260724C00135000,0,skip,,down,-0.6658,-0.6726,0.0996
2026-07-20 16:12,2026-W30,POET,POET261120C00008000,0,skip,,vertical,-0.2737,-0.2763,0.4524
2026-07-20 16:12,2026-W30,TLT,TLT260814C00084000,0,skip,,down,-0.9036,-0.9157,0.0533
2026-07-20 16:12,2026-W30,MSTR,MSTR260724C00100000,0,skip,,up,0.4595,0.4459,0.1344
2026-07-20 16:12,2026-W30,UPRO,UPRO260828C00155000,0,skip,,down,-0.5286,-0.6714,0.5
2026-07-20 16:12,2026-W30,DIA,DIA260918P00480000,0,skip,,vertical,-0.0299,-0.0466,0.2722
2026-07-20 16:22,2026-W30,AMPG,AMPG260821C00006500,1,skip,,down,-0.627,-1.1048,0.5
2026-07-20 16:22,2026-W30,BABA,BABA260807C00130000,0,skip,,down,-0.5041,-0.5143,0.1029
2026-07-20 16:22,2026-W30,MGK,MGK260821P00087000,0,skip,,down,-0.5158,-0.5947,1.0
2026-07-20 16:22,2026-W30,TE,TE260828C00007500,0,skip,,down,-0.6714,-0.7429,0.7842
2026-07-20 16:22,2026-W30,IWM,IWM260730P00284000,0,skip,,up,0.3426,0.3287,0.0538
2026-07-20 16:22,2026-W30,AMD,AMD260724C00585000,0,skip,,up,0.3392,0.3203,0.0937
2026-07-20 16:22,2026-W30,GM,GM260724C00078000,0,skip,,up,0.3038,0.288,0.2208
2026-07-20 16:22,2026-W30,VG,VG260731C00012500,0,skip,,up,0.4,0.3625,0.1935
2026-07-20 16:22,2026-W30,MRVL,MRVL260821C00300000,0,skip,,down,-0.5292,-0.5692,0.0554
2026-07-20 16:22,2026-W30,NVS,NVS260821C00155000,0,skip,,up,0.4,0.3744,0.5301
2026-07-20 16:22,2026-W30,PLTR,PLTR260724C00140000,0,skip,,down,-0.5856,-0.5912,0.131
2026-07-20 16:22,2026-W30,MARA,MARA260724C00012000,0,skip,,up,0.3404,0.3192,0.3339
2026-07-20 16:22,2026-W30,CMPS,CMPS261120P00010000,0,skip,,vertical,-0.2233,-0.2814,1.0
2026-07-20 16:22,2026-W30,AMPG,AMPG260724C00006000,0,skip,,down,-0.5818,-0.6727,0.8384
2026-07-20 16:22,2026-W30,SLV,SLV261016C00053000,0,skip,,up,0.3075,0.3013,0.0788
2026-07-20 16:22,2026-W30,NKLR,NKLR261218C00005000,0,skip,,down,-0.5879,-0.7242,1.0
2026-07-20 16:22,2026-W30,COIN,COIN260724C00170000,0,skip,,up,0.7028,0.6888,0.1264
2026-07-20 16:22,2026-W30,AVAV,AVAV260731C00170000,0,skip,,down,-0.5583,-0.7458,1.0
2026-07-20 16:31,2026-W30,ACHR,ACHR260821C00005500,1,skip,,down,-0.5,-0.5316,0.3141
2026-07-20 16:31,2026-W30,QQQ,QQQ260720C00701000,0,skip,,down,-0.5467,-0.5483,0.0568
2026-07-20 16:31,2026-W30,SCHW,SCHW260821C00102000,0,skip,,down,-0.5143,-0.5273,0.3261
2026-07-20 16:31,2026-W30,SLV,SLV260722P00051500,0,skip,,up,0.3438,0.3359,0.1035
2026-07-20 16:31,2026-W30,CLF,CLF260724C00009500,0,skip,,down,-0.6905,-0.7381,0.516
2026-07-20 16:31,2026-W30,KWEB,KWEB260807C00029000,0,skip,,down,-1.0,-1.0581,0.2507
2026-07-20 16:31,2026-W30,IBIT,IBIT270115P00031000,0,skip,,vertical,-0.0164,-0.0273,0.0874
2026-07-20 16:31,2026-W30,CXW,CXW260821P00031000,0,skip,,down,-0.8941,-0.9529,0.5
2026-07-20 16:31,2026-W30,ACHR,ACHR280121C00007000,0,skip,,vertical,-0.203,-0.2259,0.6153
2026-07-20 16:31,2026-W30,PRGO,PRGO260821C00010000,0,skip,,down,-0.52,-0.6367,1.0
2026-07-20 16:31,2026-W30,ES,ES260821P00075000,0,skip,,down,-0.8578,-0.88,1.0
2026-07-20 16:31,2026-W30,HIMS,HIMS260821C00040000,0,skip,,down,-0.5289,-0.5378,0.26
2026-07-20 16:31,2026-W30,JBL,JBL260724C00330000,0,skip,,down,-0.502,-0.7469,0.25
2026-07-20 16:31,2026-W30,DUOL,DUOL260724C00146000,0,skip,,down,-0.944,-1.024,1.0
2026-07-20 16:42,2026-W30,SQQQ,SQQQ260821C00043500,1,skip,,vertical,-0.095,-0.1924,0.1846
2026-07-20 16:42,2026-W30,PG,PG260814C00152500,0,skip,,down,-0.6756,-0.729,0.8647
2026-07-20 16:42,2026-W30,IWM,IWM260731P00290000,0,skip,,up,0.3571,0.3492,0.0536
2026-07-20 16:42,2026-W30,SPY,SPY260723P00741000,0,skip,,up,0.4692,0.4645,0.0391
2026-07-20 16:42,2026-W30,RRC,RRC260821C00041000,0,skip,,down,-0.56,-0.71,1.0
2026-07-20 16:42,2026-W30,KWEB,KWEB261218C00028000,0,skip,,down,-0.7148,-0.7414,0.2214
2026-07-20 16:42,2026-W30,VSH,VSH260821C00045000,0,skip,,vertical,-0.28,-0.3164,0.5724
2026-07-20 16:42,2026-W30,IWM,IWM260803P00280000,0,skip,,up,0.3469,0.3265,0.0533
2026-07-20 16:42,2026-W30,QQQ,QQQ260731C00725000,0,skip,,up,0.3045,0.3032,0.0345
2026-07-20 16:42,2026-W30,INFQ,INFQ270115C00015000,0,skip,,down,-0.6323,-0.7129,0.766
2026-07-20 16:42,2026-W30,CCJ,CCJ260724C00085000,0,skip,,up,0.5702,0.5088,0.1777
2026-07-20 16:42,2026-W30,RGTI,RGTI260724C00015000,0,skip,,up,0.4167,0.3889,0.531
2026-07-20 16:42,2026-W30,SQQQ,SQQQ260807C00050000,0,skip,,up,0.3232,0.303,0.1554
2026-07-20 16:42,2026-W30,MXL,MXL260821C00095000,0,skip,,up,0.3707,0.3573,0.25
2026-07-20 16:51,2026-W30,BULL,BULL260821C00008000,1,skip,,down,-0.6111,-0.6408,0.2254
2026-07-20 16:51,2026-W30,SQQQ,SQQQ260724C00038000,0,skip,,up,0.3787,0.3653,0.1547
2026-07-20 16:51,2026-W30,JPM,JPM260724P00335000,0,skip,,up,0.3081,0.273,0.5
2026-07-20 16:51,2026-W30,HPE,HPE260731P00040000,0,skip,,down,-0.9545,-1.0303,0.5082
2026-07-20 16:51,2026-W30,BABA,BABA260807C00145000,0,skip,,down,-0.6094,-0.6875,0.1108
2026-07-20 16:51,2026-W30,BULL,BULL260814C00008000,0,skip,,down,-0.5641,-0.6154,0.3495
2026-07-20 16:51,2026-W30,ENVX,ENVX260807C00005000,0,skip,,down,-1.0,-1.0143,1.0
2026-07-20 16:51,2026-W30,AROC,AROC261120C00040000,0,skip,,vertical,-0.272,-0.332,0.6314
2026-07-20 16:51,2026-W30,SIRI,SIRI260918P00030000,0,skip,,up,0.3221,0.2718,1.0
2026-07-20 16:51,2026-W30,MDB,MDB260828P00270000,0,skip,,down,-0.5889,-0.8134,0.1667
2026-07-20 17:02,2026-W30,NKE,NKE260821C00045000,1,skip,,down,-0.6555,-0.6955,0.4314
2026-07-20 17:02,2026-W30,MMM,MMM260821C00170000,0,skip,,up,1.294,1.2226,0.5237
2026-07-20 17:02,2026-W30,SOXL,SOXL260821P00061000,0,skip,,down,-0.5836,-0.6863,0.0817
2026-07-20 17:02,2026-W30,AMZN,AMZN260720C00250000,0,skip,,down,-0.6902,-0.7569,0.161
2026-07-20 17:02,2026-W30,KRE,KRE261016P00070000,0,skip,,vertical,-0.0556,-0.0802,0.3121
2026-07-20 17:02,2026-W30,TLT,TLT260918C00083000,0,skip,,vertical,-0.2088,-0.2143,0.0468
2026-07-20 17:02,2026-W30,SPY,SPY261016P00620000,0,skip,,vertical,0.0456,0.041,0.0118
2026-07-20 17:02,2026-W30,QQQ,QQQ260720P00700000,0,skip,,up,0.6577,0.6396,0.05
2026-07-20 17:02,2026-W30,SNDK,SNDK260724P00770000,0,skip,,down,-0.9,-1.1292,0.0134
2026-07-20 17:02,2026-W30,IGV,IGV260821P00090000,0,skip,,up,0.3702,0.3489,0.2727
2026-07-20 17:02,2026-W30,NKE,NKE260731C00043500,0,skip,,down,-1.0,-1.024,0.4314
2026-07-20 17:02,2026-W30,TLT,TLT260731P00083500,0,skip,,up,0.4054,0.3919,0.0615
2026-07-20 17:02,2026-W30,UHS,UHS260918P00135000,0,skip,,down,-0.5925,-0.68,1.0
2026-07-20 17:02,2026-W30,HAL,HAL260724C00036000,0,skip,,down,-0.9647,-1.0,1.0
2026-07-20 17:02,2026-W30,MCHP,MCHP260918P00052500,0,skip,,vertical,-0.3739,-0.5043,0.2906
2026-07-20 17:02,2026-W30,BILI,BILI260807P00020000,0,skip,,up,0.3073,0.2821,1.0
2026-07-20 17:12,2026-W30,GSK,GSK260821C00052000,1,skip,,down,-0.5602,-0.6377,1.0
2026-07-20 17:12,2026-W30,CCL,CCL261120P00024000,0,skip,,vertical,-0.1217,-0.1455,0.2645
2026-07-20 17:12,2026-W30,KO,KO260731P00082000,0,skip,,down,-0.8652,-0.8989,0.5
2026-07-20 17:12,2026-W30,SMH,SMH260722C00590000,0,skip,,down,-0.5,-0.5935,0.1417
2026-07-20 17:12,2026-W30,SPY,SPY260720C00743000,0,skip,,down,-0.6175,-0.6257,0.032
2026-07-20 17:12,2026-W30,CRCL,CRCL260821P00055000,0,skip,,down,-0.99,-1.0067,0.1299
2026-07-20 17:12,2026-W30,SPY,SPY260724P00721000,0,skip,,down,-0.5263,-0.5351,0.0236
2026-07-20 17:12,2026-W30,CCL,CCL261120P00025000,0,skip,,vertical,-0.094,-0.1175,0.2645
2026-07-20 17:12,2026-W30,MSFT,MSFT260724C00425000,0,skip,,down,-0.6355,-0.6682,0.0683
2026-07-20 17:12,2026-W30,SOFI,SOFI260821P00015000,0,skip,,vertical,0.1633,0.1327,0.1074
2026-07-20 17:12,2026-W30,ACHR,ACHR270115C00007000,0,skip,,down,-0.9886,-1.0227,0.4463
2026-07-20 17:12,2026-W30,CRM,CRM260814C00195000,0,skip,,down,-0.5546,-0.584,0.3333
2026-07-20 17:12,2026-W30,HPE,HPE260731P00041000,0,skip,,down,-0.9667,-1.0278,0.5
2026-07-20 17:12,2026-W30,CBRL,CBRL260821P00052500,0,skip,,down,-0.6767,-0.7267,0.7576
2026-07-20 17:12,2026-W30,QCOM,QCOM260821C00210000,0,skip,,up,0.3147,0.2947,0.1076
2026-07-20 17:12,2026-W30,CLF,CLF260731C00009000,0,skip,,down,-1.0,-1.0357,0.5
2026-07-20 17:12,2026-W30,SOLS,SOLS260821P00050000,0,skip,,down,-0.72,-0.8033,1.0
2026-07-20 17:12,2026-W30,GME,GME260807C00022000,0,skip,,down,-1.0,-1.0385,0.8263
2026-07-20 17:12,2026-W30,TLT,TLT260918C00087000,0,skip,,vertical,-0.2424,-0.2727,0.0467
2026-07-20 17:12,2026-W30,AWK,AWK260918C00135000,0,skip,,vertical,0.1487,0.1231,0.4826
2026-07-20 17:22,2026-W30,NN,NN270115C00025000,0,skip,,down,-0.51,-0.9475,0.7663
2026-07-20 17:22,2026-W30,ADBE,ADBE260724C00245000,0,skip,,down,-0.9442,-0.9807,0.1448
2026-07-20 17:22,2026-W30,VTRS,VTRS260821P00016000,0,skip,,vertical,-0.3778,-0.5444,0.6792
2026-07-20 17:22,2026-W30,AS,AS260821P00037500,0,skip,,down,-0.5548,-0.579,1.0
2026-07-20 17:22,2026-W30,ANET,ANET260731P00145000,0,skip,,down,-0.68,-0.7933,0.508
2026-07-20 17:22,2026-W30,VTRS,VTRS260821P00017000,0,skip,,down,-0.6625,-0.7562,0.5
2026-07-20 17:22,2026-W30,GM,GM260821P00070000,0,skip,,down,-0.6438,-0.6884,0.2048
2026-07-20 17:22,2026-W30,PLTR,PLTR260918C00220000,0,skip,,down,-0.7077,-0.7615,0.0786
2026-07-20 17:22,2026-W30,LOGI,LOGI260821C00115000,0,skip,,down,-0.6062,-0.6375,1.0
2026-07-20 17:22,2026-W30,NBIS,NBIS260814P00090000,0,skip,,down,-0.5134,-0.6104,0.0256
2026-07-20 17:22,2026-W30,CRCL,CRCL260731P00050000,0,skip,,down,-0.7895,-0.8947,0.2081
2026-07-20 17:22,2026-W30,IREN,IREN260821P00030000,0,skip,,vertical,0.0093,-0.007,0.0388
2026-07-20 17:32,2026-W30,ZETA,ZETA260821C00022500,1,skip,,down,-0.5156,-0.5391,0.5
2026-07-20 17:32,2026-W30,SGHC,SGHC261016C00014000,0,skip,,down,-0.8577,-0.8865,0.7275
2026-07-20 17:32,2026-W30,SPY,SPY260724P00740000,0,skip,,down,-0.5477,-0.5508,0.0229
2026-07-20 17:32,2026-W30,UBER,UBER260724P00076000,0,skip,,up,0.3342,0.3205,0.1866
2026-07-20 17:32,2026-W30,CLSK,CLSK260821C00014500,0,skip,,vertical,-0.2651,-0.293,0.2206
2026-07-20 17:32,2026-W30,IBIT,IBIT280121C00057000,0,skip,,vertical,-0.1367,-0.1557,0.0843
2026-07-20 17:32,2026-W30,CAT,CAT260724P00785000,0,skip,,down,-0.9367,-1.1308,0.1472
2026-07-20 17:32,2026-W30,INTC,INTC260722P00090000,0,skip,,up,0.3492,0.3016,0.0856
2026-07-20 17:32,2026-W30,ZETA,ZETA260918C00022500,0,skip,,down,-0.5103,-0.5565,0.6735
2026-07-20 17:32,2026-W30,TWLO,TWLO260731C00230000,0,skip,,down,-0.5511,-0.7067,1.0
2026-07-20 17:32,2026-W30,NFLX,NFLX260724C00070000,0,skip,,down,-0.5111,-0.5222,0.1691
2026-07-20 17:32,2026-W30,CRWV,CRWV260724P00062000,0,skip,,down,-0.9697,-1.0303,0.1667
2026-07-20 17:32,2026-W30,GPN,GPN260821C00095000,0,skip,,down,-0.6133,-0.68,0.5075
2026-07-20 17:42,2026-W30,WMT,WMT260821C00117000,1,skip,,down,-0.5501,-0.5734,0.2675
2026-07-20 17:42,2026-W30,NVDA,NVDA260727P00195000,0,skip,,down,-0.5882,-0.6066,0.0626
2026-07-20 17:42,2026-W30,HOOD,HOOD260724P00101000,0,skip,,down,-0.5824,-0.6044,0.1452
2026-07-20 17:42,2026-W30,MSFT,MSFT260722C00405000,0,skip,,down,-0.6059,-0.6206,0.0671
2026-07-20 17:42,2026-W30,HOOD,HOOD260918C00130000,0,skip,,up,0.4753,0.4558,0.1452
2026-07-20 17:42,2026-W30,NVDA,NVDA260720C00202500,0,skip,,down,-0.5027,-0.527,0.0657
2026-07-20 17:42,2026-W30,ASTS,ASTS260821C00070000,0,skip,,up,0.319,0.3063,0.2209
2026-07-20 17:42,2026-W30,AAL,AAL270917C00020000,0,skip,,down,-0.8924,-0.9709,0.3717
2026-07-20 17:42,2026-W30,WMT,WMT261218C00140000,0,skip,,down,-0.5294,-0.5654,0.392
2026-07-20 17:42,2026-W30,VG,VG260814C00017000,0,skip,,vertical,-0.4909,-0.5364,0.1887
2026-07-20 17:42,2026-W30,WBD,WBD260821C00027000,0,skip,,down,-0.6452,-0.7151,1.0
2026-07-20 17:42,2026-W30,NEE,NEE260918C00087500,0,skip,,up,0.3013,0.2813,0.2557
2026-07-20 17:42,2026-W30,IBIT,IBIT260724P00036500,0,skip,,down,-0.6667,-0.6806,0.2
2026-07-20 17:51,2026-W30,NU,NU260821C00014500,1,skip,,down,-1.0,-1.036,0.2187
2026-07-20 17:51,2026-W30,IREN,IREN260724P00039000,0,skip,,down,-0.5429,-0.5686,0.0656
2026-07-20 17:51,2026-W30,OKLO,OKLO260731C00040500,0,skip,,up,0.3281,0.3047,0.3745
2026-07-20 17:51,2026-W30,AVGO,AVGO260731P00317500,0,skip,,down,-0.7455,-0.8136,0.5086
2026-07-20 17:51,2026-W30,TXN,TXN261016C00440000,0,skip,,down,-0.7432,-0.7973,0.1149
2026-07-20 17:51,2026-W30,AMAT,AMAT260807P00360000,0,skip,,down,-0.7946,-0.8892,0.111
2026-07-20 17:51,2026-W30,NU,NU260821C00013000,0,skip,,vertical,-0.085,-0.098,0.2284
2026-07-20 17:51,2026-W30,VG,VG260821C00015000,0,skip,,vertical,-0.2154,-0.2731,0.1885
2026-07-20 17:51,2026-W30,GLD,GLD260729C00376000,0,skip,,up,0.508,0.4947,0.1442
2026-07-20 17:51,2026-W30,ARKG,ARKG261016C00045000,0,skip,,vertical,-0.385,-0.4475,0.7135
2026-07-20 17:51,2026-W30,DECK,DECK260724C00120000,0,skip,,down,-0.9176,-1.0059,0.7139
2026-07-20 17:51,2026-W30,U,U260731P00031500,0,skip,,up,0.3009,0.2743,0.5
2026-07-20 17:51,2026-W30,SMCI,SMCI260724P00024000,0,skip,,down,-0.5,-0.5116,0.3333
2026-07-20 17:51,2026-W30,KRC,KRC261120C00042500,0,skip,,down,-0.6679,-0.8,1.0
2026-07-20 17:51,2026-W30,IREN,IREN260724P00039500,0,skip,,down,-0.566,-0.625,0.0656
2026-07-20 17:51,2026-W30,XLF,XLF260821C00058000,0,skip,,down,-0.6667,-0.7143,0.335
2026-07-20 18:01,2026-W30,PAAS,PAAS260821C00044000,1,skip,,up,0.3891,0.3525,0.7047
2026-07-20 18:01,2026-W30,AMZN,AMZN260724P00245000,0,skip,,up,0.3262,0.3155,0.0998
2026-07-20 18:01,2026-W30,NU,NU260918C00014000,0,skip,,vertical,-0.087,-0.1043,0.228
2026-07-20 18:01,2026-W30,PAAS,PAAS260821C00042500,0,skip,,up,0.3789,0.3614,0.5
2026-07-20 18:01,2026-W30,WDC,WDC260724P00390000,0,skip,,down,-0.9738,-1.0393,0.0945
2026-07-20 18:01,2026-W30,RGTI,RGTI260724C00014500,0,skip,,up,0.4032,0.3629,0.5062
2026-07-20 18:01,2026-W30,WDAY,WDAY260918C00195000,0,skip,,down,-0.5667,-0.6121,0.2594
2026-07-20 18:01,2026-W30,RSP,RSP260724C00215000,0,skip,,down,-1.0,-1.1364,0.5
2026-07-20 18:01,2026-W30,SCHW,SCHW260724P00099000,0,skip,,down,-0.99,-1.055,0.3333
2026-07-20 18:01,2026-W30,TTD,TTD260724P00019000,0,skip,,up,0.3288,0.2603,0.5
2026-07-20 18:01,2026-W30,JOBY,JOBY280121C00008000,0,skip,,vertical,-0.1333,-0.1571,0.8844
2026-07-20 18:01,2026-W30,REPL,REPL260731C00011000,0,skip,,down,-0.516,-0.771,1.0
2026-07-20 18:01,2026-W30,UNM,UNM260821C00092500,0,skip,,down,-0.7171,-0.7902,1.0
2026-07-20 18:01,2026-W30,RKLB,RKLB260724P00060000,0,skip,,down,-0.6389,-0.6667,0.1674
2026-07-20 18:12,2026-W30,CMG,CMG260821C00034500,1,skip,,down,-0.5172,-0.5325,0.2924
2026-07-20 18:12,2026-W30,AMZN,AMZN260722C00250000,0,skip,,down,-0.5969,-0.6125,0.1009
2026-07-20 18:12,2026-W30,NU,NU261120C00014000,0,skip,,vertical,-0.0678,-0.0734,0.2278
2026-07-20 18:12,2026-W30,GPN,GPN260821C00090000,0,skip,,down,-0.5019,-0.5491,0.5344
2026-07-20 18:12,2026-W30,ORCL,ORCL260821P00100000,0,skip,,up,0.3545,0.3439,0.0318
2026-07-20 18:12,2026-W30,FLNC,FLNC260821C00021000,0,skip,,down,-1.0,-1.0667,0.5133
2026-07-20 18:12,2026-W30,NBIS,NBIS260821P00040000,0,skip,,down,-0.5,-0.6023,0.0257
2026-07-20 18:12,2026-W30,DHR,DHR260724C00212500,0,skip,,down,-1.0,-1.14,0.3362
2026-07-20 18:12,2026-W30,CMCSA,CMCSA261218C00030000,0,skip,,down,-0.7069,-0.7414,1.0
2026-07-20 18:12,2026-W30,CEG,CEG260724C00260000,0,skip,,up,0.6243,0.5568,0.5156
2026-07-20 18:12,2026-W30,RKLB,RKLB260724C00072000,0,skip,,down,-0.7564,-0.7949,0.1667
2026-07-20 18:12,2026-W30,RKLB,RKLB260724C00070000,0,skip,,up,0.3527,0.3237,0.1473
2026-07-20 18:12,2026-W30,IYR,IYR260814P00103000,0,skip,,down,-0.5222,-0.6889,1.0
2026-07-20 18:12,2026-W30,AWK,AWK260821C00135000,0,skip,,down,-0.5793,-0.631,0.4308
2026-07-20 18:21,2026-W30,RIVN,RIVN260821C00018000,1,skip,,down,-0.5051,-0.5161,0.357
2026-07-20 18:21,2026-W30,CRCL,CRCL260724C00067000,0,skip,,up,0.636,0.6103,0.2005
2026-07-20 18:21,2026-W30,SPY,SPY260728C00752000,0,skip,,up,0.313,0.3089,0.0223
2026-07-20 18:21,2026-W30,SPCX,SPCX260724P00121000,0,skip,,up,0.4818,0.4667,0.0377
2026-07-20 18:21,2026-W30,SPY,SPY260720C00742000,0,skip,,down,-0.5857,-0.5903,0.027
2026-07-20 18:21,2026-W30,SPY,SPY260724P00744000,0,skip,,up,0.3848,0.3822,0.027
2026-07-20 18:21,2026-W30,ADBE,ADBE260814P00205000,0,skip,,up,0.3125,0.2545,0.1554
2026-07-20 18:21,2026-W30,CMG,CMG260807P00035000,0,skip,,down,-1.0,-1.0122,0.2814
2026-07-20 18:21,2026-W30,RIVN,RIVN260918C00020000,0,skip,,down,-0.5085,-0.5212,0.3268
2026-07-20 18:21,2026-W30,GPC,GPC260821C00130000,0,skip,,down,-0.9816,-1.0605,1.0
2026-07-20 18:21,2026-W30,IOT,IOT260918C00050000,0,skip,,down,-0.5188,-0.6281,0.5305
2026-07-20 18:21,2026-W30,CRNC,CRNC260821C00010000,0,skip,,down,-0.8,-0.925,1.0
2026-07-20 18:21,2026-W30,PSKY,PSKY260918C00010000,0,skip,,vertical,-0.5909,-0.6023,0.4834
2026-07-20 18:21,2026-W30,SLV,SLV260821C00060000,0,skip,,up,0.4444,0.4333,0.0998
2026-07-20 18:21,2026-W30,TQQQ,TQQQ260821P00050000,0,skip,,up,0.3214,0.3125,0.0947
2026-07-20 18:21,2026-W30,TQQQ,TQQQ260724C00068500,0,skip,,up,0.3759,0.3339,0.1423
2026-07-20 18:21,2026-W30,KEEL,KEEL261120P00003000,0,skip,,down,-0.5652,-0.6087,0.8676
2026-07-20 18:32,2026-W30,DVN,DVN260821C00046000,1,skip,,vertical,-0.3144,-0.3579,0.2465
2026-07-20 18:32,2026-W30,SPY,SPY260724P00735000,0,skip,,up,0.3333,0.3277,0.0263
2026-07-20 18:32,2026-W30,USO,USO260722C00125000,0,skip,,up,0.4172,0.3483,0.1023
2026-07-20 18:32,2026-W30,DHR,DHR260724P00195000,0,skip,,up,4.5677,4.479,0.3333
2026-07-20 18:32,2026-W30,TSLA,TSLA260724C00400000,0,skip,,up,0.328,0.3147,0.0387
2026-07-20 18:32,2026-W30,NVO,NVO260918P00050000,0,skip,,vertical,0.1042,0.0972,0.2584
2026-07-20 18:32,2026-W30,CIFR,CIFR260821C00021500,0,skip,,up,0.5017,0.5,0.3331
2026-07-20 18:32,2026-W30,INTC,INTC260731C00150000,0,skip,,up,0.3421,0.2763,0.0613
2026-07-20 18:32,2026-W30,BNO,BNO260724C00050000,0,skip,,up,0.3852,0.3482,0.7274
2026-07-20 18:32,2026-W30,GDXJ,GDXJ260724P00092500,0,skip,,down,-0.7085,-0.7399,1.0
2026-07-20 18:32,2026-W30,DVN,DVN260724C00044500,0,skip,,down,-0.9855,-1.0217,0.3333
2026-07-20 18:32,2026-W30,ERAS,ERAS260821P00017500,0,skip,,down,-0.55,-0.6281,1.0
2026-07-20 18:32,2026-W30,CCJ,CCJ260828P00075000,0,skip,,down,-1.0,-1.0642,0.2534
2026-07-20 18:32,2026-W30,SOFI,SOFI261120C00017000,0,skip,,vertical,-0.2184,-0.2218,0.1054
2026-07-20 18:32,2026-W30,MSFT,MSFT270617C00530000,0,skip,,vertical,-0.3289,-0.3454,0.0403
2026-07-20 18:42,2026-W30,IREN,IREN260918P00030000,0,skip,,vertical,0.0901,0.0549,0.0378
2026-07-20 18:42,2026-W30,NVDA,NVDA260807P00185000,0,skip,,down,-0.5276,-0.5429,0.045
2026-07-20 18:42,2026-W30,JNJ,JNJ260821C00260000,0,skip,,up,0.4104,0.339,1.0
2026-07-20 18:42,2026-W30,C,C260731P00130000,0,skip,,down,-0.527,-0.5508,0.2
2026-07-20 18:42,2026-W30,NOW,NOW260724C00115000,0,skip,,down,-0.6081,-0.6136,0.125
2026-07-20 18:42,2026-W30,LVS,LVS260918P00047500,0,skip,,down,-1.0,-1.0195,0.5019
2026-07-20 18:42,2026-W30,UPST,UPST260821P00029000,0,skip,,vertical,0.1094,0.0938,0.5631
2026-07-20 18:42,2026-W30,UNH,UNH260821C00490000,0,skip,,up,0.3113,0.2453,0.2403
2026-07-20 18:42,2026-W30,IREN,IREN260821P00018000,0,skip,,down,-0.7188,-0.9375,0.0632
2026-07-20 18:42,2026-W30,AVTR,AVTR260918C00012000,0,skip,,down,-0.7733,-0.84,1.0
2026-07-20 18:42,2026-W30,ABCL,ABCL270115C00010000,0,skip,,down,-0.6267,-0.66,1.0
2026-07-20 18:42,2026-W30,GEHC,GEHC261218C00080000,0,skip,,down,-0.925,-1.0031,0.4314
2026-07-20 18:42,2026-W30,UCO,UCO260821C00048000,0,skip,,up,0.3419,0.3258,0.401
2026-07-20 18:42,2026-W30,AOSL,AOSL260821P00025000,0,skip,,down,-0.9,-1.0136,1.0
2026-07-20 18:51,2026-W30,SPY,SPY260807P00720000,0,skip,,up,0.3026,0.2987,0.0132
2026-07-20 18:51,2026-W30,IREN,IREN260821P00032000,0,skip,,vertical,-0.0036,-0.0054,0.0378
2026-07-20 18:51,2026-W30,XLE,XLE260731C00059500,0,skip,,down,-0.597,-0.6269,0.3362
2026-07-20 18:51,2026-W30,SPY,SPY260720P00742000,0,skip,,up,0.6786,0.6518,0.0246
2026-07-20 18:51,2026-W30,META,META260731C00810000,0,skip,,down,-0.5128,-0.5564,0.1082
2026-07-20 18:51,2026-W30,BAC,BAC270115C00062500,0,skip,,vertical,0.1273,0.1208,0.8673
2026-07-20 18:51,2026-W30,LVS,LVS260918P00045000,0,skip,,down,-1.0,-1.0213,0.5223
2026-07-20 18:51,2026-W30,BULL,BULL270115C00010000,0,skip,,vertical,-0.1026,-0.1154,0.2364
2026-07-20 18:51,2026-W30,SGHC,SGHC261218C00016750,0,skip,,down,-0.8486,-0.8757,0.4123
2026-07-20 18:51,2026-W30,MCHP,MCHP260821P00070000,0,skip,,down,-0.7067,-0.7733,0.5
2026-07-20 18:51,2026-W30,CFG,CFG260821P00072500,0,skip,,down,-0.5382,-0.5655,1.0
2026-07-20 19:01,2026-W30,F,F260821P00013500,1,skip,,down,-0.6,-0.6189,0.5
2026-07-20 19:01,2026-W30,F,F260731P00014000,0,skip,,down,-0.5577,-0.5769,0.5004
2026-07-20 19:01,2026-W30,USAR,USAR260918P00014000,0,skip,,vertical,0.0511,0.0369,0.8566
2026-07-20 19:01,2026-W30,BBY,BBY260821C00087500,0,skip,,down,-0.5804,-0.6098,1.0
2026-07-20 19:01,2026-W30,COIN,COIN260731C00210000,0,skip,,down,-0.8876,-0.9551,0.125
2026-07-20 19:01,2026-W30,ALLE,ALLE260821C00150000,0,skip,,down,-0.6483,-0.7172,1.0
2026-07-20 19:01,2026-W30,TLT,TLT280616P00080000,0,skip,,vertical,0.0515,-0.0197,0.0459
2026-07-20 19:01,2026-W30,FHN,FHN261120C00027000,0,skip,,down,-1.0,-1.0455,0.836
2026-07-20 19:01,2026-W30,AEVA,AEVA260821P00012500,0,skip,,down,-0.6381,-0.7571,1.0
2026-07-20 19:11,2026-W30,USB,USB260821P00061000,1,skip,,down,-0.5853,-0.6622,0.5
2026-07-20 19:11,2026-W30,SPCX,SPCX260821C00170000,0,skip,,up,0.3224,0.302,0.0398
2026-07-20 19:11,2026-W30,OKLO,OKLO260724C00041500,0,skip,,up,0.454,0.4368,0.3333
2026-07-20 19:11,2026-W30,OKLO,OKLO261120C00090000,0,skip,,up,0.3034,0.2612,0.3026
2026-07-20 19:11,2026-W30,IGV,IGV260821C00095000,0,skip,,down,-0.5206,-0.5353,0.2359
2026-07-20 19:11,2026-W30,USB,USB270617P00057500,0,skip,,vertical,-0.1132,-0.1329,0.9997
2026-07-20 19:11,2026-W30,FE,FE260821C00049000,0,skip,,down,-0.8917,-1.1,1.0
2026-07-20 19:11,2026-W30,WDAY,WDAY260731C00165000,0,skip,,down,-0.9316,-1.1026,0.25
2026-07-20 19:11,2026-W30,CIFR,CIFR260724P00019000,0,skip,,down,-1.0,-1.0417,0.3296
2026-07-20 19:11,2026-W30,BXP,BXP260821P00065000,0,skip,,down,-0.5333,-0.6697,1.0
2026-07-20 19:11,2026-W30,XLE,XLE260918C00060000,0,skip,,up,0.4398,0.4346,0.2256
2026-07-20 19:11,2026-W30,IREN,IREN260821C00070000,0,skip,,down,-0.6615,-0.6923,0.0526
2026-07-20 19:21,2026-W30,DIS,DIS260821C00100000,1,skip,,down,-0.5361,-0.5661,0.1813
2026-07-20 19:21,2026-W30,AAPL,AAPL260724C00330000,0,skip,,down,-0.5703,-0.5973,0.0998
2026-07-20 19:21,2026-W30,AAPL,AAPL261120C00400000,0,skip,,vertical,0.093,0.0789,0.0667
2026-07-20 19:21,2026-W30,IWM,IWM260821P00265000,0,skip,,vertical,-0.0811,-0.0946,0.0463
2026-07-20 19:21,2026-W30,DIS,DIS260918C00100000,0,skip,,down,-0.6,-0.6333,0.1811
2026-07-20 19:21,2026-W30,NEE,NEE260918C00092500,0,skip,,up,0.3333,0.303,0.2474
2026-07-20 19:21,2026-W30,MO,MO260821C00075000,0,skip,,down,-0.5164,-0.5369,0.6384
2026-07-20 19:21,2026-W30,GM,GM260724C00080000,0,skip,,up,0.3171,0.2622,0.2043
2026-07-20 19:21,2026-W30,PENG,PENG260821P00035000,0,skip,,down,-0.5118,-0.6,0.3365
2026-07-20 19:21,2026-W30,KR,KR260821C00061000,0,skip,,down,-0.5524,-0.5952,1.0
2026-07-20 19:21,2026-W30,FLNC,FLNC260821C00019000,0,skip,,down,-1.0,-1.0238,0.5
2026-07-20 19:21,2026-W30,MU,MU260803P00800000,0,skip,,down,-0.5037,-0.5423,0.0217
2026-07-20 19:21,2026-W30,HUT,HUT260821P00090000,0,skip,,down,-0.6689,-0.6967,0.4869
2026-07-20 19:21,2026-W30,VRTX,VRTX261016P00490000,0,skip,,vertical,-0.1712,-0.1995,0.3851
2026-07-20 19:21,2026-W30,SNDK,SNDK260821C01430000,0,skip,,up,0.347,0.3372,0.0127
2026-07-20 19:31,2026-W30,IOT,IOT260821C00040000,1,skip,,down,-0.578,-0.5907,0.5133
2026-07-20 19:31,2026-W30,SQQQ,SQQQ260724C00043500,0,skip,,down,-0.8443,-0.873,0.1429
2026-07-20 19:31,2026-W30,SQQQ,SQQQ260724C00043000,0,skip,,down,-0.7842,-0.8094,0.1429
2026-07-20 19:31,2026-W30,AAPL,AAPL260720P00332500,0,skip,,vertical,0.5059,0.4294,0.0819
2026-07-20 19:31,2026-W30,PLTR,PLTR260918P00100000,0,skip,,up,0.3211,0.2895,0.0927
2026-07-20 19:31,2026-W30,TLT,TLT280121C00089000,0,skip,,vertical,-0.1048,-0.1135,0.0457
2026-07-20 19:31,2026-W30,NFLX,NFLX260807C00070000,0,skip,,up,0.4094,0.4016,0.129
2026-07-20 19:31,2026-W30,QQQ,QQQ260720C00695000,0,skip,,vertical,-0.6241,-0.708,0.0318
2026-07-20 19:31,2026-W30,WMT,WMT260731P00113000,0,skip,,up,0.3014,0.2808,0.2533
2026-07-20 19:31,2026-W30,CRDO,CRDO260731P00155000,0,skip,,down,-0.8174,-0.9478,0.5
2026-07-20 19:31,2026-W30,DDOG,DDOG260731P00232500,0,skip,,up,0.302,0.25,0.2446
2026-07-20 19:31,2026-W30,APA,APA260821P00034500,0,skip,,down,-0.5056,-0.5194,0.7681
2026-07-20 19:31,2026-W30,BIRK,BIRK260821C00045000,0,skip,,down,-0.548,-0.658,1.0
2026-07-20 19:31,2026-W30,JD,JD270115C00040000,0,skip,,vertical,-0.3,-0.3318,0.6983
2026-07-20 19:41,2026-W30,OSCR,OSCR260821P00028500,1,skip,,down,-0.6162,-0.7052,0.315
2026-07-20 19:41,2026-W30,NOK,NOK260807C00010000,0,skip,,down,-0.5,-0.6045,0.2422
2026-07-20 19:41,2026-W30,OSCR,OSCR271217P00017000,0,skip,,down,-0.6676,-0.7265,0.3422
2026-07-20 19:41,2026-W30,SPXS,SPXS261016P00025000,0,skip,,down,-0.5455,-0.5909,0.7056
2026-07-20 19:41,2026-W30,QQQ,QQQ260724P00680000,0,skip,,down,-0.5791,-0.5842,0.0333
2026-07-20 19:41,2026-W30,IREN,IREN260724P00040000,0,skip,,down,-0.5113,-0.5132,0.0636
2026-07-20 19:41,2026-W30,AMAT,AMAT260724P00440000,0,skip,,down,-0.9121,-0.9758,0.1003
2026-07-20 19:41,2026-W30,KHC,KHC260821C00028000,0,skip,,down,-0.5,-0.5658,1.0
2026-07-20 19:41,2026-W30,QCOM,QCOM260724P00165000,0,skip,,down,-0.5556,-0.5794,0.1113
2026-07-20 19:52,2026-W30,SMR,SMR260821P00007500,1,skip,,down,-0.5,-0.5658,0.5497
2026-07-20 19:52,2026-W30,GEHC,GEHC260821P00062500,0,skip,,down,-0.6255,-0.6527,0.4294
2026-07-20 19:52,2026-W30,SPY,SPY260721P00743000,0,skip,,down,-0.732,-0.776,0.0227
2026-07-20 19:52,2026-W30,DRI,DRI261016C00220000,0,skip,,down,-0.505,-0.5925,1.0
2026-07-20 19:52,2026-W30,RBLX,RBLX260724C00054000,0,skip,,down,-0.5064,-0.516,0.489
2026-07-20 19:52,2026-W30,IREN,IREN260724P00035000,0,skip,,down,-0.5753,-0.6164,0.0627
2026-07-20 19:52,2026-W30,WIX,WIX260821C00070000,0,skip,,down,-0.936,-1.016,1.0
2026-07-20 19:52,2026-W30,CCL,CCL260821C00027000,0,skip,,down,-0.5,-0.5204,0.3333
2026-07-20 19:52,2026-W30,BRBR,BRBR260821C00012500,0,skip,,vertical,0.0138,-0.0207,1.0
2026-07-20 19:52,2026-W30,CSTM,CSTM261120C00033000,0,skip,,down,-0.5571,-0.6286,1.0
2026-07-20 19:52,2026-W30,CTSH,CTSH260821P00040000,0,skip,,vertical,-0.3357,-0.3714,0.6857
2026-07-20 19:52,2026-W30,SMR,SMR260918P00006000,0,skip,,down,-0.7674,-0.814,0.5
2026-07-21 13:32,2026-W30,SPCX,SPCX260724P00122000,0,skip,,down,-0.5184,-0.5447,0.0333
2026-07-21 13:32,2026-W30,SPY,SPY260722C00745000,0,skip,,up,0.3834,0.377,0.0184
2026-07-21 13:32,2026-W30,VRNS,VRNS270115C00060000,0,skip,,down,-0.8139,-0.9111,1.0
2026-07-21 13:32,2026-W30,IBIT,IBIT260821C00040000,0,skip,,down,-0.5556,-0.5694,0.0558
2026-07-21 13:32,2026-W30,HOOD,HOOD260724C00106000,0,skip,,up,0.3369,0.2819,0.1217
2026-07-21 13:32,2026-W30,CRCL,CRCL260724C00072000,0,skip,,down,-0.6829,-0.7854,0.1007
2026-07-21 13:32,2026-W30,SLV,SLV260722C00052500,0,skip,,up,0.4625,0.4438,0.0961
2026-07-21 13:42,2026-W30,SPY,SPY260821P00708000,0,skip,,up,0.3212,0.3187,0.0096
2026-07-21 13:42,2026-W30,AAPL,AAPL260724P00325000,0,skip,,down,-0.5336,-0.5795,0.0821
2026-07-21 13:42,2026-W30,NVO,NVO260918C00050000,0,skip,,vertical,-0.1338,-0.1472,0.1993
2026-07-21 13:42,2026-W30,BA,BA260724P00207500,0,skip,,down,-0.5246,-0.5951,0.2
2026-07-21 13:42,2026-W30,WFC,WFC270115C00097500,0,skip,,vertical,-0.1344,-0.1459,0.3256
2026-07-21 13:42,2026-W30,SPY,SPY260722P00742000,0,skip,,down,-0.5181,-0.5211,0.0178
2026-07-21 13:42,2026-W30,SPY,SPY260721P00746000,0,skip,,down,-0.7867,-0.7962,0.0178
2026-07-21 13:42,2026-W30,SPY,SPY260721P00745000,0,skip,,down,-0.8523,-0.8608,0.0178
2026-07-21 13:42,2026-W30,QQQ,QQQ260721P00705000,0,skip,,down,-0.7682,-0.779,0.0279
2026-07-21 13:42,2026-W30,SW,SW270115C00050000,0,skip,,up,0.375,0.3214,1.0
2026-07-21 13:42,2026-W30,ARKG,ARKG260724P00040000,0,skip,,down,-0.51,-0.5475,0.3134
2026-07-21 13:42,2026-W30,TSCO,TSCO270115C00038000,0,skip,,vertical,0.019,-0.0048,0.6114
2026-07-21 13:42,2026-W30,SQQQ,SQQQ260724C00041500,0,skip,,down,-0.5283,-0.5519,0.1745
2026-07-21 13:42,2026-W30,MARA,MARA261218P00012000,0,skip,,vertical,-0.0963,-0.1148,0.1458
2026-07-21 13:42,2026-W30,TLT,TLT261120C00088000,0,skip,,down,-0.7,-0.7167,0.0434
2026-07-21 13:42,2026-W30,MU,MU260731C01000000,0,skip,,up,0.3147,0.295,0.0217
2026-07-21 13:42,2026-W30,TSM,TSM270219C00400000,0,skip,,vertical,-0.1589,-0.181,0.0584
2026-07-21 13:52,2026-W30,XLV,XLV260821C00165000,1,skip,,down,-0.6875,-0.75,0.5
2026-07-21 13:52,2026-W30,SPY,SPY260723P00746000,0,skip,,down,-0.5076,-0.5102,0.0167
2026-07-21 13:52,2026-W30,SPY,SPY260723P00727000,0,skip,,down,-0.55,-0.5625,0.0174
2026-07-21 13:52,2026-W30,SPCX,SPCX260814C00162500,0,skip,,down,-0.5062,-0.5375,0.0228
2026-07-21 13:52,2026-W30,NVDA,NVDA260722C00205000,0,skip,,up,0.6564,0.6487,0.0318
2026-07-21 13:52,2026-W30,NVDA,NVDA260918C00250000,0,skip,,up,0.5405,0.5225,0.0318
2026-07-21 13:52,2026-W30,QQQ,QQQ260723C00721000,0,skip,,up,0.4219,0.4062,0.0274
2026-07-21 13:52,2026-W30,CEVA,CEVA260821C00045000,0,skip,,down,-0.7147,-0.7588,1.0
2026-07-21 13:52,2026-W30,IBIT,IBIT260724C00037500,0,skip,,down,-0.5373,-0.5522,0.0729
2026-07-21 13:52,2026-W30,CPRT,CPRT260918C00030000,0,skip,,down,-1.0,-1.1471,0.5
2026-07-21 13:52,2026-W30,MSTR,MSTR260724P00100000,0,skip,,up,0.3465,0.3248,0.0844
2026-07-21 13:52,2026-W30,TLT,TLT281215C00090000,0,skip,,vertical,-0.0055,-0.0397,0.0397
2026-07-21 13:52,2026-W30,SLV,SLV270115C00065000,0,skip,,vertical,-0.08,-0.0954,0.0579
2026-07-21 13:52,2026-W30,XLV,XLV270319C00180000,0,skip,,up,0.4086,0.3696,0.5638
2026-07-21 13:52,2026-W30,ONDS,ONDS260918C00008000,0,skip,,up,0.3146,0.2921,0.3134
2026-07-21 14:02,2026-W30,HOOD,HOOD260724P00105000,0,skip,,up,0.3935,0.3726,0.0914
2026-07-21 14:02,2026-W30,SPY,SPY260721C00744000,0,skip,,up,0.6776,0.6735,0.017
2026-07-21 14:02,2026-W30,SPY,SPY260831C00775000,0,skip,,down,-0.5143,-0.519,0.0094
2026-07-21 14:02,2026-W30,MARA,MARA260731P00011000,0,skip,,down,-0.5,-0.5588,0.2114
2026-07-21 14:02,2026-W30,F,F260731P00014000,0,skip,,down,-0.6818,-0.7386,0.8323
2026-07-21 14:02,2026-W30,BULL,BULL270115C00007500,0,skip,,vertical,-0.2054,-0.2189,0.2115
2026-07-21 14:02,2026-W30,APP,APP260724C00465000,0,skip,,down,-0.6,-0.7373,0.3522
2026-07-21 14:02,2026-W30,SFM,SFM260821C00090000,0,skip,,down,-0.9391,-1.0043,1.0
2026-07-21 14:02,2026-W30,COPX,COPX260807C00081500,0,skip,,up,0.464,0.404,0.5913
2026-07-21 14:02,2026-W30,LULU,LULU260731C00128000,0,skip,,down,-1.0,-1.1686,0.5
2026-07-21 14:02,2026-W30,IOT,IOT260821C00040000,0,skip,,down,-0.535,-0.56,0.3652
2026-07-21 14:02,2026-W30,NBIS,NBIS261218C00195000,0,skip,,vertical,-0.1394,-0.154,0.0129
2026-07-21 14:02,2026-W30,NBIS,NBIS260821P00182500,0,skip,,vertical,-0.0515,-0.0767,0.0129
2026-07-21 14:11,2026-W30,JD,JD260821P00029500,1,skip,,down,-0.5411,-0.5999,0.3333
2026-07-21 14:11,2026-W30,WFC,WFC260918C00087500,0,skip,,vertical,-0.1775,-0.1986,0.3245
2026-07-21 14:11,2026-W30,AAPL,AAPL261120C00400000,0,skip,,up,0.3016,0.2852,0.0594
2026-07-21 14:11,2026-W30,CORZ,CORZ260821C00032000,0,skip,,down,-0.6667,-0.7667,0.5011
2026-07-21 14:11,2026-W30,RIOT,RIOT260821P00015000,0,skip,,down,-0.75,-0.8438,0.5752
2026-07-21 14:11,2026-W30,SPCX,SPCX260821P00090000,0,skip,,up,0.3124,0.2843,0.0263
2026-07-21 14:11,2026-W30,QQQ,QQQ260721P00699000,0,skip,,down,-0.8614,-0.8762,0.0265
2026-07-21 14:11,2026-W30,JD,JD260724P00030500,0,skip,,down,-0.9211,-0.9737,0.3333
2026-07-21 14:11,2026-W30,HOOD,HOOD260724P00107000,0,skip,,up,0.5075,0.4925,0.0916
2026-07-21 14:11,2026-W30,BNO,BNO260731C00055000,0,skip,,up,0.4087,0.3652,0.4017
2026-07-21 14:11,2026-W30,ASTS,ASTS260724C00060000,0,skip,,up,0.5222,0.5014,0.1385
2026-07-21 14:11,2026-W30,MSTR,MSTR260724P00093000,0,skip,,up,0.3455,0.3182,0.0861
2026-07-21 14:21,2026-W30,PSKY,PSKY260821C00009000,1,skip,,down,-0.5493,-0.5603,0.3367
2026-07-21 14:21,2026-W30,LBRT,LBRT260821C00025000,0,skip,,down,-0.5947,-0.7263,1.0
2026-07-21 14:21,2026-W30,QQQ,QQQ260722P00690000,0,skip,,down,-0.5437,-0.5534,0.0247
2026-07-21 14:21,2026-W30,BABA,BABA260724C00120000,0,skip,,down,-0.5379,-0.5552,0.0687
2026-07-21 14:21,2026-W30,SPY,SPY260821P00710000,0,skip,,up,0.3692,0.3654,0.0094
2026-07-21 14:21,2026-W30,AVGO,AVGO260724C00400000,0,skip,,down,-0.6369,-0.6446,0.1128
2026-07-21 14:21,2026-W30,SPY,SPY260721C00745000,0,skip,,up,0.5637,0.5515,0.0164
2026-07-21 14:21,2026-W30,AVGO,AVGO260722C00390000,0,skip,,down,-0.6889,-0.7397,0.1128
2026-07-21 14:21,2026-W30,SPY,SPY260722C00748000,0,skip,,up,0.3851,0.3758,0.0164
2026-07-21 14:21,2026-W30,RDDT,RDDT260821C00280000,0,skip,,down,-0.6364,-0.7657,0.3634
2026-07-21 14:21,2026-W30,PSKY,PSKY260821C00009500,0,skip,,up,0.3,0.2667,0.3327
2026-07-21 14:21,2026-W30,BMNR,BMNR260821C00015000,0,skip,,vertical,-0.3733,-0.4092,0.093
2026-07-21 14:32,2026-W30,INTC,INTC260722C00103000,0,skip,,up,0.3077,0.2955,0.0454
2026-07-21 14:32,2026-W30,SPY,SPY260918P00650000,0,skip,,up,0.416,0.4122,0.0094
2026-07-21 14:32,2026-W30,SPY,SPY260723P00730000,0,skip,,down,-0.5116,-0.5233,0.0164
2026-07-21 14:32,2026-W30,QQQ,QQQ260722C00711000,0,skip,,up,0.335,0.3301,0.0251
2026-07-21 14:32,2026-W30,OSCR,OSCR260731P00030500,0,skip,,down,-0.9686,-1.0063,0.2128
2026-07-21 14:32,2026-W30,RKLB,RKLB261218C00175000,0,skip,,vertical,-0.5133,-0.7566,0.1256
2026-07-21 14:32,2026-W30,PLTR,PLTR260724C00134000,0,skip,,down,-0.5623,-0.5696,0.0664
2026-07-21 14:32,2026-W30,SOXS,SOXS260724C00053000,0,skip,,down,-0.5434,-0.5639,0.129
2026-07-21 14:32,2026-W30,CF,CF260918P00105000,0,skip,,down,-0.9864,-1.0205,0.3883
2026-07-21 14:32,2026-W30,CLX,CLX260918C00090000,0,skip,,vertical,-0.0451,-0.0634,0.1836
2026-07-21 14:42,2026-W30,NVTS,NVTS260821P00012000,1,skip,,down,-0.7886,-0.8362,0.6145
2026-07-21 14:42,2026-W30,SPCX,SPCX260731C00150000,0,skip,,down,-0.5167,-0.5444,0.0259
2026-07-21 14:42,2026-W30,SPY,SPY260722C00746000,0,skip,,up,0.36,0.3582,0.0164
2026-07-21 14:42,2026-W30,NVDA,NVDA260724C00205000,0,skip,,up,0.5162,0.5027,0.0312
2026-07-21 14:42,2026-W30,CRWV,CRWV260724P00070000,0,skip,,down,-0.6,-0.63,0.0874
2026-07-21 14:42,2026-W30,WOLF,WOLF260731C00033000,0,skip,,down,-0.5291,-0.5922,1.0
2026-07-21 14:42,2026-W30,IBIT,IBIT260918C00040000,0,skip,,down,-0.5033,-0.5099,0.0537
2026-07-21 14:42,2026-W30,BMNR,BMNR260821P00014500,0,skip,,down,-0.9831,-1.0,0.0896
2026-07-21 14:42,2026-W30,ORCL,ORCL260724C00127000,0,skip,,up,0.3091,0.2945,0.0358
2026-07-21 14:42,2026-W30,GE,GE260731P00310000,0,skip,,down,-0.68,-1.13,1.0
2026-07-21 14:42,2026-W30,SLV,SLV260828C00056000,0,skip,,up,0.4072,0.3892,0.0582
2026-07-21 14:42,2026-W30,MSTR,MSTR260821P00075000,0,skip,,up,0.3397,0.3301,0.0677
2026-07-21 14:42,2026-W30,NVTS,NVTS260724P00013000,0,skip,,down,-0.8411,-0.9019,0.3344
2026-07-21 14:42,2026-W30,TSCO,TSCO260918C00035000,0,skip,,down,-0.5333,-0.6167,0.3499
2026-07-21 14:51,2026-W30,LQD,LQD260821C00111000,1,skip,,down,-1.0,-2.0,0.5
2026-07-21 14:51,2026-W30,LQD,LQD261218C00106000,0,skip,,vertical,-0.1953,-0.2279,0.862
2026-07-21 14:51,2026-W30,BE,BE260724P00185000,0,skip,,down,-0.6433,-0.6983,0.047
2026-07-21 14:51,2026-W30,META,META260724C00725000,0,skip,,down,-0.5102,-0.6735,0.0945
2026-07-21 14:51,2026-W30,SPY,SPY260731C00758000,0,skip,,down,-0.6379,-0.6422,0.0093
2026-07-21 14:51,2026-W30,MARA,MARA260918P00013000,0,skip,,vertical,-0.0133,-0.0267,0.1439
2026-07-21 14:51,2026-W30,TSLA,TSLA260724C00420000,0,skip,,down,-0.5909,-0.5977,0.0187
2026-07-21 14:51,2026-W30,NVTS,NVTS260821C00015000,0,skip,,up,0.3168,0.302,0.3526
2026-07-21 14:51,2026-W30,ASTS,ASTS260814C00080000,0,skip,,down,-0.518,-0.5951,0.0885
2026-07-21 14:51,2026-W30,RKLB,RKLB260724P00062000,0,skip,,down,-0.5147,-0.5441,0.1281
2026-07-21 14:51,2026-W30,BMNR,BMNR260918P00017000,0,skip,,down,-0.6267,-0.6359,0.0888
2026-07-21 14:51,2026-W30,CSIQ,CSIQ280121C00035000,0,skip,,down,-0.555,-0.605,0.3333
2026-07-21 14:51,2026-W30,CRCL,CRCL260724C00069000,0,skip,,down,-0.5429,-0.5786,0.0941
2026-07-21 14:51,2026-W30,BMNR,BMNR260918P00016000,0,skip,,down,-0.8072,-0.8163,0.0888
2026-07-21 15:03,2026-W30,MAGS,MAGS260821C00069500,1,skip,,down,-0.6349,-1.0154,0.5
2026-07-21 15:03,2026-W30,SOXX,SOXX260821P00380000,0,skip,,down,-0.841,-0.9436,0.0767
2026-07-21 15:03,2026-W30,SPY,SPY260723C00748000,0,skip,,up,0.3473,0.3435,0.0165
2026-07-21 15:03,2026-W30,NVDA,NVDA260722C00207500,0,skip,,up,0.6512,0.6085,0.0309
2026-07-21 15:03,2026-W30,BIDU,BIDU260724P00108000,0,skip,,down,-0.627,-0.6783,0.1633
2026-07-21 15:03,2026-W30,ARM,ARM260724P00242500,0,skip,,down,-0.5888,-0.6262,0.0787
2026-07-21 15:03,2026-W30,APLD,APLD260821P00028500,0,skip,,up,0.3031,0.2797,0.2585
2026-07-21 15:03,2026-W30,SNDK,SNDK260724P01000000,0,skip,,down,-0.6188,-0.6656,0.0126
2026-07-21 15:03,2026-W30,CAVA,CAVA260807P00064000,0,skip,,down,-0.6191,-0.6936,0.2153
2026-07-21 15:03,2026-W30,DRAM,DRAM260724P00053000,0,skip,,down,-0.5165,-0.544,0.0849
2026-07-21 15:03,2026-W30,MAGS,MAGS260731C00068500,0,skip,,down,-0.6267,-0.6933,0.5418
2026-07-21 15:03,2026-W30,KHC,KHC261016C00030000,0,skip,,down,-0.5625,-0.6719,0.4364
2026-07-21 15:03,2026-W30,SGHC,SGHC261218C00016750,0,skip,,down,-0.8303,-0.8606,0.3333
2026-07-21 15:03,2026-W30,ASTS,ASTS260724C00062000,0,skip,,down,-0.797,-0.8493,0.0884
2026-07-21 15:03,2026-W30,BLDR,BLDR270219P00045000,0,skip,,down,-0.968,-1.128,1.0
2026-07-21 15:12,2026-W30,AAPL,AAPL260722C00325000,0,skip,,up,0.4356,0.4288,0.0678
2026-07-21 15:12,2026-W30,QQQ,QQQ260721C00708000,0,skip,,vertical,-0.6687,-0.6867,0.0216
2026-07-21 15:12,2026-W30,CVX,CVX260821C00200000,0,skip,,up,0.5206,0.4968,0.1251
2026-07-21 15:12,2026-W30,QQQ,QQQ260721C00706000,0,skip,,vertical,-0.1457,-0.1507,0.0216
2026-07-21 15:12,2026-W30,MRK,MRK260821C00131000,0,skip,,up,0.3667,0.3259,0.5599
2026-07-21 15:12,2026-W30,DHR,DHR260821C00190000,0,skip,,up,0.5829,0.5257,0.1928
2026-07-21 15:12,2026-W30,INTC,INTC261120C00210000,0,skip,,down,-0.5421,-0.575,0.0277
2026-07-21 15:12,2026-W30,IBM,IBM260731P00185000,0,skip,,down,-0.9114,-1.0,0.1506
2026-07-21 15:12,2026-W30,TQQQ,TQQQ260731C00080000,0,skip,,down,-0.7647,-0.7941,0.0736
2026-07-21 15:12,2026-W30,GDX,GDX260724P00072000,0,skip,,down,-0.5067,-0.5733,0.8475
2026-07-21 15:12,2026-W30,TQQQ,TQQQ260724C00070000,0,skip,,down,-0.8436,-0.8509,0.0736
2026-07-21 15:12,2026-W30,CAVA,CAVA260731C00065000,0,skip,,down,-0.6579,-0.7632,0.2133
2026-07-21 15:12,2026-W30,CRCL,CRCL270115P00045000,0,skip,,vertical,0.1796,0.1745,0.103
2026-07-21 15:21,2026-W30,FLY,FLY260821C00022000,1,skip,,down,-0.9901,-1.0242,0.5
2026-07-21 15:21,2026-W30,AMZN,AMZN260731C00265000,0,skip,,down,-0.672,-0.6987,0.0594
2026-07-21 15:21,2026-W30,AMZN,AMZN260731C00280000,0,skip,,down,-0.6744,-0.7054,0.0594
2026-07-21 15:21,2026-W30,SMH,SMH260731C00650000,0,skip,,down,-0.5718,-0.6282,0.035
2026-07-21 15:21,2026-W30,QQQ,QQQ260722P00707000,0,skip,,down,-0.6593,-0.6676,0.0187
2026-07-21 15:21,2026-W30,IWM,IWM260731P00286000,0,skip,,up,0.7107,0.6942,0.0409
2026-07-21 15:21,2026-W30,FLY,FLY270115C00060000,0,skip,,down,-0.5167,-0.6,0.5054
2026-07-21 15:21,2026-W30,QQQ,QQQ260722P00706000,0,skip,,down,-0.5015,-0.5073,0.0189
2026-07-21 15:21,2026-W30,ACN,ACN260731C00152500,0,skip,,down,-0.5744,-0.7026,0.254
2026-07-21 15:21,2026-W30,COIN,COIN260918P00120000,0,skip,,up,0.3011,0.267,0.0528
2026-07-21 15:21,2026-W30,FISV,FISV260821C00055000,0,skip,,vertical,-0.1949,-0.2462,0.2374
2026-07-21 15:21,2026-W30,TCOM,TCOM260821P00040000,0,skip,,down,-0.5391,-0.6043,1.0
2026-07-21 15:21,2026-W30,AFRM,AFRM260724P00073000,0,skip,,down,-0.9931,-1.1076,1.0
2026-07-21 15:21,2026-W30,LABU,LABU280121C00490000,0,skip,,vertical,-0.1957,-0.2358,1.0
2026-07-21 15:33,2026-W30,KORU,KORU260821C00040000,0,skip,,down,-0.7867,-0.9033,0.2895
2026-07-21 15:33,2026-W30,SPCX,SPCX260724C00135000,0,skip,,down,-0.634,-0.6528,0.0271
2026-07-21 15:33,2026-W30,TLT,TLT261016C00083000,0,skip,,down,-0.5245,-0.5294,0.0426
2026-07-21 15:33,2026-W30,SLV,SLV261120C00080000,0,skip,,vertical,-0.0562,-0.0786,0.0571
2026-07-21 15:33,2026-W30,SPCX,SPCX260724C00134000,0,skip,,down,-0.6203,-0.6373,0.0271
2026-07-21 15:33,2026-W30,REPL,REPL260814P00008000,0,skip,,vertical,-0.0556,-0.0926,0.777
2026-07-21 15:33,2026-W30,PBF,PBF260918C00080000,0,skip,,down,-0.5895,-0.6333,0.2033
2026-07-21 15:33,2026-W30,NVDA,NVDA260731C00212500,0,skip,,up,0.941,0.9328,0.0307
2026-07-21 15:33,2026-W30,RSI,RSI260821P00035000,0,skip,,up,0.3091,0.2485,1.0
2026-07-21 15:33,2026-W30,UPST,UPST270115P00017500,0,skip,,vertical,-0.0548,-0.1575,0.4439
2026-07-21 15:33,2026-W30,BX,BX260731C00127000,0,skip,,down,-0.785,-0.8225,0.3575
2026-07-21 15:33,2026-W30,CORZ,CORZ260731C00025000,0,skip,,down,-0.7083,-0.7292,0.5125
2026-07-21 15:33,2026-W30,OSCR,OSCR261120P00024000,0,skip,,down,-1.0,-1.0327,0.2072
2026-07-21 15:33,2026-W30,NIO,NIO270115C00005000,0,skip,,vertical,-0.3,-0.3444,0.9944
2026-07-21 15:33,2026-W30,XLE,XLE260918P00057500,0,skip,,vertical,-0.2653,-0.2755,0.1312
2026-07-21 15:33,2026-W30,CFG,CFG260821P00070000,0,skip,,down,-0.6647,-0.7088,1.0
2026-07-21 15:33,2026-W30,ASTS,ASTS260724P00058000,0,skip,,down,-0.5652,-0.5942,0.103
2026-07-21 15:33,2026-W30,IOT,IOT260731P00037500,0,skip,,up,0.3442,0.2744,0.3774
2026-07-21 15:33,2026-W30,FIG,FIG260821C00025000,0,skip,,down,-1.0,-1.0231,0.3636
2026-07-21 15:33,2026-W30,SWKS,SWKS260821C00070000,0,skip,,down,-0.8491,-0.8842,1.0
2026-07-21 15:33,2026-W30,USO,USO260821C00120000,0,skip,,up,0.4244,0.4172,0.0912
2026-07-21 15:41,2026-W30,JETS,JETS260821P00029500,1,skip,,down,-0.5102,-0.6268,0.3333
2026-07-21 15:41,2026-W30,JETS,JETS260731P00030500,0,skip,,up,0.5063,0.443,0.4998
2026-07-21 15:41,2026-W30,AVGO,AVGO260722P00380000,0,skip,,down,-0.7111,-0.7528,0.1082
2026-07-21 15:41,2026-W30,ASX,ASX260821P00035000,0,skip,,down,-0.614,-0.6721,0.3333
2026-07-21 15:41,2026-W30,SLV,SLV260731C00054000,0,skip,,up,0.4222,0.4148,0.0566
2026-07-21 15:41,2026-W30,AG,AG260821P00016000,0,skip,,vertical,0.0816,0.0663,0.2765
2026-07-21 15:41,2026-W30,EOSE,EOSE280121C00010000,0,skip,,vertical,-0.2822,-0.365,0.7269
2026-07-21 15:41,2026-W30,DVN,DVN261016C00050000,0,skip,,down,-0.7357,-0.75,0.2653
2026-07-21 15:41,2026-W30,SOFI,SOFI260724C00017000,0,skip,,down,-0.5231,-0.5385,0.0998
2026-07-21 15:41,2026-W30,FSLR,FSLR260918C00300000,0,skip,,vertical,-0.3068,-0.3693,0.1112
2026-07-21 15:41,2026-W30,NBIS,NBIS260731P00135000,0,skip,,down,-0.5212,-0.5803,0.0164
2026-07-21 15:41,2026-W30,SOFI,SOFI261218C00028000,0,skip,,vertical,-0.3582,-0.3731,0.0793
2026-07-21 15:41,2026-W30,MXL,MXL260821C00085000,0,skip,,down,-0.5873,-0.5968,0.3777
2026-07-21 15:51,2026-W30,ETHA,ETHA260821C00015000,1,skip,,down,-0.5833,-0.6127,0.1807
2026-07-21 15:51,2026-W30,NFLX,NFLX261016C00075000,0,skip,,up,0.3537,0.3435,0.0935
2026-07-21 15:51,2026-W30,QQQ,QQQ260724C00715000,0,skip,,down,-0.5339,-0.5381,0.0179
2026-07-21 15:51,2026-W30,ETHA,ETHA260918C00016000,0,skip,,vertical,-0.2985,-0.306,0.1777
2026-07-21 15:51,2026-W30,IOVA,IOVA270115C00005000,0,skip,,down,-0.7314,-0.76,0.7812
2026-07-21 15:51,2026-W30,PLTR,PLTR260724P00133000,0,skip,,up,1.1873,1.1853,0.0643
2026-07-21 15:51,2026-W30,TLT,TLT261218C00086000,0,skip,,vertical,-0.0635,-0.0754,0.0391
2026-07-21 15:51,2026-W30,TJX,TJX260821P00145000,0,skip,,down,-0.522,-0.5585,1.0
2026-07-21 15:51,2026-W30,ORCL,ORCL260724C00126000,0,skip,,up,0.3063,0.275,0.0323
2026-07-21 15:51,2026-W30,TLT,TLT280121C00087000,0,skip,,down,-0.5197,-0.5251,0.0425
2026-07-21 15:51,2026-W30,KHC,KHC260918C00027500,0,skip,,vertical,-0.3448,-0.3966,0.345
2026-07-21 15:51,2026-W30,IREN,IREN260821C00050000,0,skip,,down,-0.5088,-0.5162,0.0312
2026-07-21 16:01,2026-W30,SLS,SLS260821P00012000,1,skip,,vertical,0.1565,0.0958,0.1796
2026-07-21 16:01,2026-W30,SLS,SLS261016P00006000,0,skip,,vertical,-0.1404,-0.1936,0.1796
2026-07-21 16:01,2026-W30,FISV,FISV260821P00052000,0,skip,,vertical,-0.1692,-0.1949,0.2365
2026-07-21 16:01,2026-W30,ADBE,ADBE260724P00222500,0,skip,,up,0.5735,0.5165,0.2028
2026-07-21 16:01,2026-W30,CSCO,CSCO260731P00110000,0,skip,,down,-0.9044,-0.9283,0.2127
2026-07-21 16:01,2026-W30,EEM,EEM261218P00058000,0,skip,,down,-0.5406,-0.7063,0.3333
2026-07-21 16:01,2026-W30,SLV,SLV260821C00058000,0,skip,,up,0.3394,0.3211,0.0563
2026-07-21 16:01,2026-W30,CMG,CMG260821P00031500,0,skip,,down,-0.6406,-0.6602,0.2567
2026-07-21 16:01,2026-W30,OSS,OSS260918C00015000,0,skip,,down,-1.0,-1.0694,0.5
2026-07-21 16:01,2026-W30,EEM,EEM261218P00055000,0,skip,,down,-0.9504,-1.0517,0.3333
2026-07-21 16:01,2026-W30,CBRL,CBRL260918C00065000,0,skip,,down,-0.68,-0.7633,0.7934
2026-07-21 16:01,2026-W30,CTSH,CTSH261016C00050000,0,skip,,down,-0.7633,-0.7939,0.3358
2026-07-21 16:01,2026-W30,ONON,ONON260918C00040000,0,skip,,down,-0.8122,-0.8333,1.0
2026-07-21 16:01,2026-W30,OSS,OSS260821C00015000,0,skip,,down,-0.6182,-0.6409,0.5036
2026-07-21 16:01,2026-W30,REPL,REPL260821C00013000,0,skip,,down,-0.6432,-0.6973,0.2706
2026-07-21 16:11,2026-W30,KLAR,KLAR260821C00020000,1,skip,,down,-0.9,-0.9349,0.5
2026-07-21 16:11,2026-W30,NFLX,NFLX260807C00067000,0,skip,,up,0.3073,0.2982,0.1017
2026-07-21 16:11,2026-W30,JPM,JPM260807C00355000,0,skip,,down,-1.0,-1.052,0.3506
2026-07-21 16:11,2026-W30,ABCL,ABCL260821C00006000,0,skip,,down,-0.5875,-0.6813,1.0
2026-07-21 16:11,2026-W30,GOOG,GOOG260724P00330000,0,skip,,up,0.3373,0.3224,0.1583
2026-07-21 16:11,2026-W30,QQQ,QQQ260721C00709000,0,skip,,down,-0.5547,-0.5664,0.0212
2026-07-21 16:11,2026-W30,KLAR,KLAR270115C00020000,0,skip,,down,-1.0,-1.0139,0.5
2026-07-21 16:11,2026-W30,IBIT,IBIT261016P00036000,0,skip,,vertical,0.19,0.1825,0.0516
2026-07-21 16:11,2026-W30,AG,AG260821C00017000,0,skip,,up,0.392,0.376,0.2163
2026-07-21 16:11,2026-W30,DIS,DIS261120C00115000,0,skip,,down,-1.0,-1.0099,0.1706
2026-07-21 16:11,2026-W30,GLXY,GLXY260821P00017500,0,skip,,down,-0.5738,-0.7623,0.5
2026-07-21 16:11,2026-W30,SLS,SLS260821C00015000,0,skip,,down,-0.8769,-0.9827,0.1847
2026-07-21 16:21,2026-W30,XLF,XLF260828C00058500,1,skip,,down,-0.7,-0.8143,0.25
2026-07-21 16:21,2026-W30,XLF,XLF260930C00057000,0,skip,,vertical,-0.1037,-0.1296,0.2632
2026-07-21 16:21,2026-W30,AAPL,AAPL260724C00330000,0,skip,,down,-0.5257,-0.54,0.0604
2026-07-21 16:21,2026-W30,SPY,SPY260722C00750000,0,skip,,down,-0.6127,-0.6197,0.0112
2026-07-21 16:21,2026-W30,NFLX,NFLX271217C00120000,0,skip,,down,-0.7027,-0.7703,0.0827
2026-07-21 16:21,2026-W30,QQQ,QQQ260721P00710000,0,skip,,down,-0.5773,-0.5799,0.0219
2026-07-21 16:21,2026-W30,AMZN,AMZN260724P00245000,0,skip,,up,0.4235,0.4176,0.06
2026-07-21 16:21,2026-W30,PLTR,PLTR260918C00210000,0,skip,,down,-0.5375,-0.575,0.0552
2026-07-21 16:21,2026-W30,FCX,FCX260918C00070000,0,skip,,up,0.3038,0.2962,0.5222
2026-07-21 16:21,2026-W30,CRCL,CRCL270115P00040000,0,skip,,vertical,0.0829,0.0543,0.1027
2026-07-21 16:21,2026-W30,SLV,SLV261231C00120000,0,skip,,vertical,0.0,-0.0333,0.057
2026-07-21 16:21,2026-W30,EIX,EIX260821C00077500,0,skip,,up,0.3187,0.2719,0.5
2026-07-21 16:21,2026-W30,EFX,EFX260918C00200000,0,skip,,down,-0.88,-1.3164,0.5
2026-07-21 16:21,2026-W30,DRAM,DRAM260731C00060000,0,skip,,down,-0.5747,-0.5937,0.0614
2026-07-21 16:32,2026-W30,NVDA,NVDA260724P00205000,0,skip,,down,-0.6156,-0.6234,0.0305
2026-07-21 16:32,2026-W30,UBER,UBER261120C00082500,0,skip,,down,-0.5859,-0.607,0.1681
2026-07-21 16:32,2026-W30,SPY,SPY260723P00748000,0,skip,,up,2.0212,2.0194,0.0091
2026-07-21 16:32,2026-W30,AMD,AMD260722C00560000,0,skip,,up,0.4209,0.3889,0.0599
2026-07-21 16:32,2026-W30,CNC,CNC260731P00068000,0,skip,,up,0.3863,0.3658,0.2177
2026-07-21 16:32,2026-W30,GFS,GFS260821C00065000,0,skip,,down,-0.72,-0.77,0.3386
2026-07-21 16:32,2026-W30,CNC,CNC260731P00061000,0,skip,,up,0.625,0.5144,0.2139
2026-07-21 16:32,2026-W30,DHR,DHR260918C00200000,0,skip,,up,0.3351,0.2811,0.1319
2026-07-21 16:32,2026-W30,AROC,AROC261120C00040000,0,skip,,down,-0.5368,-0.5982,0.5
2026-07-21 16:32,2026-W30,LOW,LOW260807C00210000,0,skip,,down,-0.703,-0.7561,0.3333
2026-07-21 16:32,2026-W30,EWY,EWY280121P00045000,0,skip,,down,-0.517,-0.5547,0.1238
2026-07-21 16:32,2026-W30,IBIT,IBIT270115C00040000,0,skip,,vertical,-0.2182,-0.2312,0.0513
2026-07-21 16:32,2026-W30,ANGX,ANGX260821C00005000,0,skip,,down,-0.8444,-0.9556,1.0
2026-07-21 16:32,2026-W30,EW,EW260821C00085000,0,skip,,up,0.35,0.2875,1.0
2026-07-21 16:32,2026-W30,INFQ,INFQ260821C00011000,0,skip,,up,0.4933,0.4267,0.5334
2026-07-21 16:32,2026-W30,BIDU,BIDU260724C00109000,0,skip,,down,-0.5333,-0.5833,0.2027
2026-07-21 16:32,2026-W30,IREN,IREN260821P00030000,0,skip,,vertical,0.1667,0.1532,0.0301
2026-07-21 16:32,2026-W30,CRCL,CRCL260724C00071000,0,skip,,down,-0.6727,-0.6891,0.0912
2026-07-21 16:32,2026-W30,MARA,MARA260821C00016500,0,skip,,down,-0.9211,-0.9605,0.1441
2026-07-21 16:41,2026-W30,SCHW,SCHW260821P00098000,1,skip,,down,-0.6396,-0.7063,0.25
2026-07-21 16:41,2026-W30,QQQ,QQQ260728P00679000,0,skip,,up,0.7565,0.7461,0.0154
2026-07-21 16:41,2026-W30,NOW,NOW260724C00112000,0,skip,,down,-0.5019,-0.5151,0.059
2026-07-21 16:41,2026-W30,RDW,RDW270115C00009000,0,skip,,down,-1.0,-1.0403,0.8488
2026-07-21 16:41,2026-W30,SCHW,SCHW260731P00103000,0,skip,,up,0.4866,0.4397,0.2886
2026-07-21 16:41,2026-W30,ORCL,ORCL260724C00137000,0,skip,,down,-0.5156,-0.5547,0.0322
2026-07-21 16:41,2026-W30,CTSH,CTSH261016C00047500,0,skip,,down,-0.6156,-0.6469,0.3333
2026-07-21 16:41,2026-W30,KRE,KRE260918C00075000,0,skip,,vertical,-0.0203,-0.0565,0.0993
2026-07-21 16:41,2026-W30,TTD,TTD260724C00018000,0,skip,,down,-0.6182,-0.6545,0.5617
2026-07-21 16:41,2026-W30,KRE,KRE260821P00076000,0,skip,,vertical,-0.1909,-0.2593,0.0993
2026-07-21 16:41,2026-W30,HAL,HAL260731C00033000,0,skip,,down,-1.0,-1.0222,0.2509
2026-07-21 16:52,2026-W30,AG,AG260821C00017500,1,skip,,down,-0.5932,-0.6167,0.2386
2026-07-21 16:52,2026-W30,SMH,SMH260731P00500000,0,skip,,vertical,-0.0771,-0.12,0.0253
2026-07-21 16:52,2026-W30,QQQ,QQQ260918P00580000,0,skip,,up,0.3397,0.3349,0.0155
2026-07-21 16:52,2026-W30,GOOGL,GOOGL260724C00375000,0,skip,,down,-1.0,-1.0288,0.0467
2026-07-21 16:52,2026-W30,SPY,SPY260723C00752000,0,skip,,down,-0.6043,-0.6079,0.011
2026-07-21 16:52,2026-W30,GLW,GLW260821C00290000,0,skip,,down,-0.6618,-0.8676,0.1464
2026-07-21 16:52,2026-W30,CLSK,CLSK260918C00019000,0,skip,,vertical,-0.3916,-0.4056,0.1855
2026-07-21 16:52,2026-W30,DIA,DIA260724P00520000,0,skip,,up,2.2877,2.2569,0.2316
2026-07-21 16:52,2026-W30,KMB,KMB260821P00106000,0,skip,,down,-0.7186,-0.7441,0.5
2026-07-21 16:52,2026-W30,RYAM,RYAM260918C00010000,0,skip,,down,-0.5333,-0.6583,1.0
2026-07-21 16:52,2026-W30,SOXL,SOXL260731P00080000,0,skip,,down,-0.5133,-0.5333,0.041
2026-07-21 16:52,2026-W30,AG,AG260821C00018500,0,skip,,up,0.3718,0.3462,0.213
2026-07-21 16:52,2026-W30,FIGR,FIGR261120C00055000,0,skip,,down,-0.5437,-0.575,1.0
2026-07-21 16:52,2026-W30,SMH,SMH260731P00537500,0,skip,,vertical,0.114,0.0616,0.0253
2026-07-21 17:00,2026-W30,NUAI,NUAI260821C00006000,1,skip,,down,-0.619,-0.7605,0.5
2026-07-21 17:00,2026-W30,AAPL,AAPL260722P00327500,0,skip,,up,0.4213,0.4086,0.06
2026-07-21 17:00,2026-W30,SPY,SPY260728P00745000,0,skip,,up,1.2697,1.2667,0.009
2026-07-21 17:00,2026-W30,MU,MU260722P00890000,0,skip,,down,-0.7818,-0.8121,0.0124
2026-07-21 17:00,2026-W30,QQQ,QQQ260803P00665000,0,skip,,up,0.5821,0.5765,0.0154
2026-07-21 17:00,2026-W30,XLE,XLE270115C00065000,0,skip,,up,0.3053,0.2947,0.1648
2026-07-21 17:00,2026-W30,NVO,NVO260814C00050000,0,skip,,down,-0.7444,-0.7623,0.1927
2026-07-21 17:00,2026-W30,TFC,TFC260918C00050000,0,skip,,vertical,0.0692,0.0596,0.5579
2026-07-21 17:00,2026-W30,INTC,INTC260722C00110000,0,skip,,down,-0.8289,-0.8487,0.033
2026-07-21 17:00,2026-W30,WDAY,WDAY260724C00147000,0,skip,,down,-0.6174,-0.6826,0.4779
2026-07-21 17:00,2026-W30,NUAI,NUAI270115C00005000,0,skip,,vertical,-0.3407,-0.3778,0.7117
2026-07-21 17:00,2026-W30,TXG,TXG260821C00050000,0,skip,,vertical,-0.3528,-0.4431,1.0
2026-07-21 17:00,2026-W30,LQD,LQD260731P00107000,0,skip,,down,-0.7917,-0.8542,0.5
2026-07-21 17:00,2026-W30,REPL,REPL260821C00020000,0,skip,,down,-1.0,-1.0536,0.2596
2026-07-21 17:00,2026-W30,CFR,CFR270115C00185000,0,skip,,down,-0.6629,-0.9271,1.0
2026-07-21 17:00,2026-W30,EXEL,EXEL261120C00070000,0,skip,,down,-0.6778,-0.7056,1.0
2026-07-21 17:11,2026-W30,CART,CART260821C00047500,1,skip,,down,-0.5618,-0.6379,0.3333
2026-07-21 17:11,2026-W30,IGV,IGV260821P00090000,0,skip,,up,0.3167,0.3,0.1401
2026-07-21 17:11,2026-W30,SPY,SPY260728P00728000,0,skip,,up,1.425,1.4187,0.0089
2026-07-21 17:11,2026-W30,IBIT,IBIT260821C00038000,0,skip,,down,-0.5098,-0.5131,0.0515
2026-07-21 17:11,2026-W30,CART,CART270115C00065000,0,skip,,down,-1.0,-1.0833,0.4769
2026-07-21 17:11,2026-W30,NBIS,NBIS260807P00105000,0,skip,,down,-0.5171,-0.5951,0.0163
2026-07-21 17:11,2026-W30,SLV,SLV260731C00050000,0,skip,,up,0.3067,0.2933,0.0559
2026-07-21 17:11,2026-W30,HAL,HAL260731C00032500,0,skip,,down,-1.0,-1.0263,0.2424
2026-07-21 17:11,2026-W30,BROS,BROS260731C00067000,0,skip,,down,-1.0,-1.0564,1.0
2026-07-21 17:11,2026-W30,CART,CART260918P00046000,0,skip,,down,-0.9784,-1.0054,0.7603
2026-07-21 17:22,2026-W30,B,B260821C00038000,1,skip,,vertical,-0.2823,-0.3299,0.6795
2026-07-21 17:22,2026-W30,IWM,IWM260731P00285000,0,skip,,up,0.8283,0.8081,0.0399
2026-07-21 17:22,2026-W30,SPY,SPY260731P00695000,0,skip,,up,0.7838,0.7568,0.0089
2026-07-21 17:22,2026-W30,PLTR,PLTR260724C00133000,0,skip,,down,-0.6621,-0.6672,0.0632
2026-07-21 17:22,2026-W30,SPCX,SPCX260724C00130000,0,skip,,down,-0.5537,-0.578,0.0254
2026-07-21 17:22,2026-W30,NBIS,NBIS260814P00110000,0,skip,,down,-0.5091,-0.6,0.0164
2026-07-21 17:22,2026-W30,TSLA,TSLA260828P00310000,0,skip,,up,1.0514,1.036,0.0151
2026-07-21 17:22,2026-W30,SPY,SPY260731P00715000,0,skip,,up,1.0213,1.0106,0.0089
2026-07-21 17:22,2026-W30,QQQ,QQQ260723P00695000,0,skip,,up,1.0223,1.0168,0.0153
2026-07-21 17:22,2026-W30,CAVA,CAVA260731P00064000,0,skip,,down,-0.6016,-0.6362,0.2004
2026-07-21 17:22,2026-W30,FCX,FCX260814C00062000,0,skip,,up,0.319,0.2873,0.5164
2026-07-21 17:22,2026-W30,MAGS,MAGS260918C00070000,0,skip,,down,-0.7935,-0.8258,0.772
2026-07-21 17:22,2026-W30,B,B260918C00040000,0,skip,,up,0.306,0.2836,0.5
2026-07-21 17:22,2026-W30,DRAM,DRAM260724C00060000,0,skip,,down,-0.6179,-0.6321,0.0833
2026-07-21 17:22,2026-W30,MARA,MARA271015C00020000,0,skip,,down,-0.8121,-0.8348,0.1373
2026-07-21 17:31,2026-W30,SO,SO260821C00097500,1,skip,,down,-0.722,-0.8589,0.5
2026-07-21 17:31,2026-W30,MU,MU260722P00900000,0,skip,,down,-0.7425,-0.7675,0.0122
2026-07-21 17:31,2026-W30,SPY,SPY260722P00744000,0,skip,,down,-0.5851,-0.5957,0.0109
2026-07-21 17:31,2026-W30,SO,SO260731C00096000,0,skip,,down,-0.57,-0.645,0.9944
2026-07-21 17:31,2026-W30,BMNR,BMNR261120P00013000,0,skip,,vertical,0.0692,0.05,0.091
2026-07-21 17:31,2026-W30,DT,DT260821C00045000,0,skip,,down,-0.5739,-0.6065,1.0
2026-07-21 17:31,2026-W30,CRCL,CRCL260807P00058000,0,skip,,down,-1.0,-1.0625,0.0907
2026-07-21 17:31,2026-W30,XYZ,XYZ260731P00082000,0,skip,,up,0.3588,0.3368,0.516
2026-07-21 17:31,2026-W30,SMH,SMH260729P00500000,0,skip,,down,-0.523,-0.6151,0.0322
2026-07-21 17:31,2026-W30,NOW,NOW260724C00120000,0,skip,,down,-0.5726,-0.5968,0.0588
2026-07-21 17:31,2026-W30,SCHW,SCHW260731C00102000,0,skip,,down,-0.5068,-0.552,0.2128
2026-07-21 17:31,2026-W30,IOVA,IOVA260814C00005000,0,skip,,down,-0.6,-0.7579,0.5
2026-07-21 17:31,2026-W30,SMWB,SMWB270115C00007500,0,skip,,down,-0.6323,-0.729,1.0
2026-07-21 17:31,2026-W30,GDX,GDX260918P00065000,0,skip,,vertical,-0.3187,-0.325,0.1783
2026-07-21 17:31,2026-W30,CPRI,CPRI260821C00015000,0,skip,,vertical,-0.1697,-0.2152,0.5
2026-07-21 17:31,2026-W30,TQQQ,TQQQ260821P00056000,0,skip,,up,0.4051,0.3797,0.071
2026-07-21 17:31,2026-W30,SMCI,SMCI260724C00025000,0,skip,,up,3.0476,3.0333,0.2055
2026-07-21 17:41,2026-W30,KWEB,KWEB260821P00026000,1,skip,,down,-0.5455,-0.5861,0.1667
2026-07-21 17:41,2026-W30,SPY,SPY260728P00735000,0,skip,,up,1.4085,1.4049,0.0089
2026-07-21 17:41,2026-W30,QQQ,QQQ260721P00709000,0,skip,,down,-0.75,-0.7708,0.0195
2026-07-21 17:41,2026-W30,TSLA,TSLA260828P00315000,0,skip,,up,1.0057,0.9843,0.015
2026-07-21 17:41,2026-W30,QQQ,QQQ260731P00640000,0,skip,,up,0.5222,0.5056,0.0153
2026-07-21 17:41,2026-W30,AAOX,AAOX260821C00040000,0,skip,,down,-0.5368,-0.5763,1.0
2026-07-21 17:41,2026-W30,IBIT,IBIT260724P00038000,0,skip,,up,0.3043,0.2899,0.0636
2026-07-21 17:41,2026-W30,ORCL,ORCL270115C00250000,0,skip,,vertical,-0.2831,-0.2908,0.0264
2026-07-21 17:41,2026-W30,SOFI,SOFI280616C00030000,0,skip,,vertical,-0.1462,-0.159,0.0778
2026-07-21 17:41,2026-W30,KORU,KORU260724C00022000,0,skip,,down,-0.96,-0.985,0.2127
2026-07-21 17:41,2026-W30,RIOT,RIOT260918C00023000,0,skip,,up,0.3278,0.3144,0.4849
2026-07-21 17:41,2026-W30,DIA,DIA260814P00508000,0,skip,,up,0.5774,0.5509,0.2297
2026-07-21 17:41,2026-W30,KWEB,KWEB260918C00030000,0,skip,,down,-0.5333,-0.5667,0.1323
2026-07-21 17:41,2026-W30,KWEB,KWEB260821P00027000,0,skip,,up,0.3069,0.2525,0.1317
2026-07-21 17:52,2026-W30,SPY,SPY260728P00740000,0,skip,,up,1.4507,1.4484,0.0089
2026-07-21 17:52,2026-W30,GM,GM260821C00080000,0,skip,,up,0.5706,0.5559,0.2015
2026-07-21 17:52,2026-W30,IBM,IBM260821P00185000,0,skip,,up,0.3843,0.3523,0.1435
2026-07-21 17:52,2026-W30,QQQ,QQQ260721C00710000,0,skip,,down,-0.8143,-0.8286,0.0193
2026-07-21 17:52,2026-W30,IBIT,IBIT261120P00036000,0,skip,,vertical,0.0741,0.0648,0.0506
2026-07-21 17:52,2026-W30,BULL,BULL260918C00007500,0,skip,,down,-1.0,-1.0149,0.1793
2026-07-21 17:52,2026-W30,HELP,HELP261218C00007500,0,skip,,down,-0.7412,-0.8,1.0
2026-07-21 17:52,2026-W30,MARA,MARA260821C00012000,0,skip,,vertical,-0.1977,-0.2151,0.142
2026-07-21 17:52,2026-W30,GM,GM260814P00081000,0,skip,,down,-0.5306,-0.5931,0.2015
2026-07-21 17:52,2026-W30,PRU,PRU260918C00125000,0,skip,,down,-0.7048,-0.7405,1.0
2026-07-21 18:01,2026-W30,TLT,TLT260821C00087000,1,skip,,down,-0.9118,-0.9488,0.0476
2026-07-21 18:01,2026-W30,NU,NU260821C00013000,0,skip,,vertical,-0.1515,-0.1697,0.2206
2026-07-21 18:01,2026-W30,IWM,IWM260918P00275000,0,skip,,up,0.3891,0.3826,0.0396
2026-07-21 18:01,2026-W30,XLF,XLF261218P00050000,0,skip,,vertical,-0.0563,-0.0775,0.2617
2026-07-21 18:01,2026-W30,WHR,WHR260821C00040000,0,skip,,vertical,0.0421,0.0026,0.6566
2026-07-21 18:01,2026-W30,MRK,MRK261016C00135000,0,skip,,up,0.3342,0.3025,0.3737
2026-07-21 18:01,2026-W30,WULF,WULF260821C00025000,0,skip,,down,-0.5,-0.5294,0.1303
2026-07-21 18:01,2026-W30,AOS,AOS260918P00060000,0,skip,,down,-0.5317,-0.5805,0.6908
2026-07-21 18:01,2026-W30,OKLO,OKLO260724P00042000,0,skip,,down,-0.7952,-0.8133,0.25
2026-07-21 18:11,2026-W30,SOFI,SOFI260821C00018000,1,skip,,down,-0.5,-0.5314,0.0968
2026-07-21 18:11,2026-W30,IWM,IWM260821P00282000,0,skip,,up,0.4468,0.4404,0.0396
2026-07-21 18:11,2026-W30,SPY,SPY260728P00744000,0,skip,,up,0.9711,0.9678,0.0088
2026-07-21 18:11,2026-W30,AAPL,AAPL260722C00330000,0,skip,,down,-0.6522,-0.6565,0.0592
2026-07-21 18:11,2026-W30,PLTR,PLTR260807P00113000,0,skip,,up,0.3147,0.2893,0.0632
2026-07-21 18:11,2026-W30,SCHW,SCHW260807P00101000,0,skip,,vertical,-0.4322,-0.4513,0.2775
2026-07-21 18:11,2026-W30,GM,GM260724P00080000,0,skip,,down,-0.6323,-0.6645,0.2
2026-07-21 18:11,2026-W30,XYZ,XYZ260731P00080000,0,skip,,up,0.3559,0.339,0.5
2026-07-21 18:11,2026-W30,C,C260724C00132000,0,skip,,down,-0.5822,-0.5911,0.1473
2026-07-21 18:11,2026-W30,WES,WES270115C00045000,0,skip,,vertical,-0.1027,-0.1973,1.0
2026-07-21 18:11,2026-W30,TENX,TENX260821P00005000,0,skip,,down,-1.0,-1.2174,0.3333
2026-07-21 18:11,2026-W30,LULU,LULU260918P00085000,0,skip,,vertical,-0.3725,-0.4461,0.2148
2026-07-21 18:11,2026-W30,CVNA,CVNA260731C00070000,0,skip,,down,-0.5442,-0.585,0.2064
2026-07-21 18:21,2026-W30,PTON,PTON260821P00006000,1,skip,,down,-0.7708,-0.8708,0.5
2026-07-21 18:21,2026-W30,CSCO,CSCO260724C00111000,0,skip,,up,0.3184,0.2836,0.25
2026-07-21 18:21,2026-W30,ALKS,ALKS260821C00055000,0,skip,,down,-0.6356,-0.7133,1.0
2026-07-21 18:21,2026-W30,SPCX,SPCX260814C00280000,0,skip,,down,-0.6267,-0.6933,0.0219
2026-07-21 18:21,2026-W30,QQQ,QQQ260722P00698000,0,skip,,down,-0.6176,-0.6225,0.0182
2026-07-21 18:21,2026-W30,CVX,CVX260821C00205000,0,skip,,up,0.3684,0.3626,0.1263
2026-07-21 18:21,2026-W30,IOT,IOT260724P00038000,0,skip,,up,0.4457,0.4171,0.3355
2026-07-21 18:21,2026-W30,CRWV,CRWV260724C00079000,0,skip,,up,0.5971,0.5824,0.078
2026-07-21 18:21,2026-W30,CLSK,CLSK260918P00014000,0,skip,,vertical,0.0862,0.0718,0.1842
2026-07-21 18:21,2026-W30,MAT,MAT260821C00014000,0,skip,,vertical,-0.2462,-0.3808,1.0
2026-07-21 18:21,2026-W30,VOYA,VOYA260821C00105000,0,skip,,down,-0.5419,-0.5984,1.0
2026-07-21 18:21,2026-W30,PTON,PTON260814P00007000,0,skip,,down,-0.7363,-0.7582,0.5429
2026-07-21 18:21,2026-W30,IREN,IREN260821C00070000,0,skip,,down,-0.6615,-0.6923,0.039
2026-07-21 18:21,2026-W30,AAL,AAL270115P00015000,0,skip,,up,0.3065,0.2965,0.3064
2026-07-21 18:24,2026-W30,GDX,GDX260918C00080000,0,skip,,up,0.3844,0.3688,0.3401
2026-07-21 18:24,2026-W30,CVX,CVX260724P00187500,0,skip,,down,-0.973,-1.0631,0.125
2026-07-21 18:24,2026-W30,SPY,SPY260721P00749000,0,skip,,vertical,-0.3529,-0.3627,0.0114
2026-07-21 18:24,2026-W30,KWEB,KWEB261120C00029000,0,skip,,down,-1.0,-1.0156,0.1307
2026-07-21 18:32,2026-W30,IBRX,IBRX260821C00008500,1,skip,,down,-0.6824,-1.2443,0.5
2026-07-21 18:32,2026-W30,T,T260724C00022500,0,skip,,up,0.7727,0.6932,0.9986
2026-07-21 18:32,2026-W30,MSFT,MSFT260722C00400000,0,skip,,down,-0.8153,-0.831,0.0417
2026-07-21 18:32,2026-W30,MARA,MARA260731C00012000,0,skip,,down,-0.8317,-0.8515,0.1415
2026-07-21 18:32,2026-W30,IBRX,IBRX280121C00022000,0,skip,,vertical,-0.4486,-0.5027,0.9985
2026-07-21 18:32,2026-W30,KRE,KRE261016P00075000,0,skip,,vertical,-0.0295,-0.0377,0.0974
2026-07-21 18:32,2026-W30,GLD,GLD260722C00377000,0,skip,,up,2.2,2.1467,0.0769
2026-07-21 18:32,2026-W30,IREN,IREN260731P00034000,0,skip,,down,-0.5065,-0.5292,0.0299
2026-07-21 18:32,2026-W30,MS,MS260724P00217500,0,skip,,down,-0.5371,-0.6213,0.1
2026-07-21 18:32,2026-W30,CIFR,CIFR260918C00030000,0,skip,,down,-0.7137,-0.7314,0.2295
2026-07-21 18:32,2026-W30,IBKR,IBKR260918P00075000,0,skip,,vertical,-0.2909,-0.3591,1.0
2026-07-21 18:32,2026-W30,IREN,IREN260724P00042000,0,skip,,down,-0.5153,-0.5305,0.0389
2026-07-21 18:32,2026-W30,CLF,CLF261016C00012000,0,skip,,up,0.8571,0.8304,0.6605
2026-07-21 18:42,2026-W30,XLP,XLP260821P00080500,1,skip,,down,-0.8304,-0.8876,0.5
2026-07-21 18:42,2026-W30,OSCR,OSCR261120P00028000,0,skip,,vertical,0.0765,0.0457,0.3368
2026-07-21 18:42,2026-W30,AAPL,AAPL260724C00332500,0,skip,,down,-0.5414,-0.5552,0.0591
2026-07-21 18:42,2026-W30,NOK,NOK260821C00010000,0,skip,,down,-0.5328,-0.5401,0.1832
2026-07-21 18:42,2026-W30,QQQ,QQQ260722P00697000,0,skip,,down,-0.5876,-0.5928,0.0182
2026-07-21 18:42,2026-W30,FE,FE260918C00050000,0,skip,,up,0.3667,0.2278,1.0
2026-07-21 18:42,2026-W30,SPY,SPY270630C00950000,0,skip,,vertical,-0.2609,-0.2648,0.0082
2026-07-21 18:42,2026-W30,IREN,IREN260731P00035000,0,skip,,down,-0.5543,-0.56,0.0302
2026-07-21 18:42,2026-W30,PHM,PHM260724P00118000,0,skip,,down,-0.8522,-1.0261,0.5
2026-07-21 18:42,2026-W30,Q,Q260821C00180000,0,skip,,down,-0.8109,-0.8382,0.5
2026-07-21 18:42,2026-W30,IBIT,IBIT270617P00034000,0,skip,,vertical,0.0074,0.0012,0.0503
2026-07-21 18:42,2026-W30,GFS,GFS260821C00070000,0,skip,,down,-0.5586,-0.5845,0.3346
2026-07-21 18:42,2026-W30,NOK,NOK260821P00010500,0,skip,,up,0.3085,0.2979,0.1762
2026-07-21 18:42,2026-W30,RDDT,RDDT260731C00235000,0,skip,,down,-0.6946,-0.7414,0.3322
2026-07-21 18:42,2026-W30,XLP,XLP261218P00082000,0,skip,,vertical,-0.0357,-0.0558,0.7833
2026-07-21 18:51,2026-W30,BMNR,BMNR260821P00016000,1,skip,,down,-0.5,-0.518,0.0837
2026-07-21 18:51,2026-W30,SPY,SPY260723C00751000,0,skip,,down,-0.5,-0.5029,0.0107
2026-07-21 18:51,2026-W30,MDB,MDB260918C00520000,0,skip,,down,-0.5412,-0.6412,0.0718
2026-07-21 18:51,2026-W30,BMNR,BMNR261120P00015000,0,skip,,vertical,0.0751,0.0657,0.0908
2026-07-21 18:51,2026-W30,NBIS,NBIS260724P00165000,0,skip,,down,-0.5505,-0.5642,0.0161
2026-07-21 18:51,2026-W30,SOFI,SOFI260724P00017500,0,skip,,up,0.3191,0.2979,0.0988
2026-07-21 18:51,2026-W30,BX,BX260918C00150000,0,skip,,down,-0.7863,-0.8205,0.3464
2026-07-21 18:51,2026-W30,NBIS,NBIS260724P00172500,0,skip,,down,-0.5723,-0.5809,0.0161
2026-07-21 18:51,2026-W30,NBIS,NBIS260724P00167500,0,skip,,down,-0.5859,-0.6055,0.0161
2026-07-21 18:51,2026-W30,ACHC,ACHC260918C00040000,0,skip,,down,-0.7538,-0.8308,1.0
2026-07-21 18:51,2026-W30,BABA,BABA260731C00125000,0,skip,,down,-0.5333,-0.5567,0.0538
2026-07-21 19:02,2026-W30,NVDA,NVDA260807P00200000,0,skip,,vertical,-0.0925,-0.105,0.0208
2026-07-21 19:02,2026-W30,SPY,SPY261231C00850000,0,skip,,vertical,-0.3712,-0.3769,0.0081
2026-07-21 19:02,2026-W30,VRNS,VRNS260821P00040000,0,skip,,down,-0.9343,-1.4057,1.0
2026-07-21 19:02,2026-W30,IBIT,IBIT260918P00037000,0,skip,,vertical,0.1744,0.1667,0.0502
2026-07-21 19:02,2026-W30,IBIT,IBIT260831C00037000,0,skip,,vertical,-0.3584,-0.3761,0.0502
2026-07-21 19:02,2026-W30,KRE,KRE261016P00070000,0,skip,,vertical,0.02,0.0033,0.0971
2026-07-21 19:02,2026-W30,NBIS,NBIS260731P00110000,0,skip,,down,-0.5672,-0.5784,0.0161
2026-07-21 19:02,2026-W30,BULL,BULL260918C00010000,0,skip,,down,-0.525,-0.5375,0.1803
2026-07-21 19:02,2026-W30,NBIS,NBIS260731P00140000,0,skip,,down,-0.541,-0.5731,0.0163
2026-07-21 19:02,2026-W30,GDX,GDX260724C00072500,0,skip,,up,0.5825,0.5747,0.3333
2026-07-21 19:11,2026-W30,QQQ,QQQ260728P00690000,0,skip,,up,0.8464,0.8404,0.0151
2026-07-21 19:11,2026-W30,BA,BA261016C00240000,0,skip,,down,-0.5975,-0.61,0.0971
2026-07-21 19:11,2026-W30,TFC,TFC261120C00057500,0,skip,,down,-0.58,-0.68,0.5
2026-07-21 19:11,2026-W30,SMH,SMH260722P00555000,0,skip,,down,-0.8131,-0.9065,0.0313
2026-07-21 19:11,2026-W30,VRT,VRT260807P00230000,0,skip,,down,-0.5915,-0.7113,0.1122
2026-07-21 19:11,2026-W30,ASTS,ASTS260724C00064000,0,skip,,down,-0.8824,-0.8922,0.0856
2026-07-21 19:11,2026-W30,ONDS,ONDS260731P00007500,0,skip,,down,-0.6744,-0.686,0.5
2026-07-21 19:11,2026-W30,ALOY,ALOY260821C00010000,0,skip,,down,-0.9222,-1.0056,1.0
2026-07-21 19:11,2026-W30,IRM,IRM260724P00128000,0,skip,,down,-0.5889,-0.6444,1.0
2026-07-21 19:11,2026-W30,VRT,VRT260828C00265000,0,skip,,vertical,-0.2555,-0.276,0.1042
2026-07-21 19:21,2026-W30,HYG,HYG260821P00076500,1,skip,,down,-0.9512,-1.1512,0.5
2026-07-21 19:21,2026-W30,KORU,KORU260821C00030000,0,skip,,down,-1.0,-1.0859,0.2
2026-07-21 19:21,2026-W30,HYG,HYG260918P00078000,0,skip,,down,-0.8333,-0.9167,0.9892
2026-07-21 19:21,2026-W30,SMH,SMH260731P00507500,0,skip,,vertical,-0.0414,-0.1333,0.0247
2026-07-21 19:21,2026-W30,AAPL,AAPL260722P00330000,0,skip,,up,0.4206,0.4132,0.059
2026-07-21 19:21,2026-W30,GILD,GILD260814C00135000,0,skip,,down,-0.5094,-0.5813,0.5
2026-07-21 19:21,2026-W30,CCL,CCL271217C00035000,0,skip,,vertical,-0.0866,-0.109,0.2202
2026-07-21 19:21,2026-W30,REPL,REPL260821C00011000,0,skip,,down,-0.5395,-0.5977,0.25
2026-07-21 19:21,2026-W30,USO,USO260724P00128000,0,skip,,down,-0.6512,-0.7035,0.0833
2026-07-21 19:21,2026-W30,EQT,EQT260724C00049500,0,skip,,up,0.819,0.8,1.0
2026-07-21 19:21,2026-W30,CCL,CCL271217C00032000,0,skip,,vertical,-0.2241,-0.2482,0.2202
2026-07-21 19:21,2026-W30,TSCO,TSCO260724P00029500,0,skip,,down,-0.8857,-0.9333,0.3333
2026-07-21 19:21,2026-W30,CECO,CECO260821P00070000,0,skip,,down,-0.9265,-1.0796,1.0
2026-07-21 19:21,2026-W30,LUV,LUV260918C00057500,0,skip,,down,-1.0,-1.0435,1.0
2026-07-21 19:32,2026-W30,SILJ,SILJ260821C00026000,1,skip,,down,-0.5482,-0.5946,0.4327
2026-07-21 19:32,2026-W30,IREN,IREN260724P00038000,0,skip,,down,-0.6408,-0.6553,0.0385
2026-07-21 19:32,2026-W30,AS,AS260821C00035000,0,skip,,down,-0.8638,-0.8745,0.8563
2026-07-21 19:32,2026-W30,GLD,GLD260731C00378000,0,skip,,up,0.3775,0.3525,0.0768
2026-07-21 19:32,2026-W30,FIG,FIG261016C00035000,0,skip,,down,-1.0,-1.0451,0.3333
2026-07-21 19:32,2026-W30,CRWV,CRWV260918C00130000,0,skip,,up,0.3843,0.3681,0.0775
2026-07-21 19:32,2026-W30,SILJ,SILJ260724C00024500,0,skip,,up,0.3699,0.3493,0.5
2026-07-21 19:41,2026-W30,HAL,HAL260821P00032000,1,skip,,down,-0.6169,-0.6771,0.25
2026-07-21 19:41,2026-W30,NVDA,NVDA260727C00212500,0,skip,,up,1.4658,1.4472,0.0302
2026-07-21 19:41,2026-W30,AVGO,AVGO260724P00372500,0,skip,,down,-0.5377,-0.5701,0.1052
2026-07-21 19:41,2026-W30,SPY,SPY260729C00758000,0,skip,,down,-0.8311,-0.8378,0.0087
2026-07-21 19:41,2026-W30,NBIS,NBIS260731P00130000,0,skip,,down,-0.5019,-0.5377,0.0163
2026-07-21 19:41,2026-W30,CRWV,CRWV260724P00078000,0,skip,,down,-0.5258,-0.5435,0.0769
2026-07-21 19:41,2026-W30,CRWD,CRWD260731C00210000,0,skip,,down,-0.5214,-0.5464,0.164
2026-07-21 19:41,2026-W30,DVN,DVN261016P00042500,0,skip,,vertical,-0.1968,-0.2088,0.2113
2026-07-21 19:41,2026-W30,HAL,HAL260731P00033000,0,skip,,down,-0.9565,-1.0145,0.227
2026-07-21 19:41,2026-W30,ZM,ZM260724C00091000,0,skip,,down,-0.7358,-0.7736,0.5
2026-07-21 19:41,2026-W30,CRM,CRM260724P00170000,0,skip,,up,0.3928,0.3747,0.2
2026-07-21 19:52,2026-W30,VG,VG260821P00013500,1,skip,,down,-0.7355,-0.8326,0.1492
2026-07-21 19:52,2026-W30,SQQQ,SQQQ260724C00040500,0,skip,,up,1.3861,1.3762,0.1481
2026-07-21 19:52,2026-W30,SPY,SPY260724P00748000,0,skip,,up,1.6583,1.6567,0.0087
2026-07-21 19:52,2026-W30,PLTR,PLTR260731P00126000,0,skip,,up,0.5616,0.5434,0.0626
2026-07-21 19:52,2026-W30,AMD,AMD260821C00820000,0,skip,,down,-0.5567,-0.5583,0.0276
2026-07-21 19:52,2026-W30,INFY,INFY260821P00011000,0,skip,,down,-0.6444,-0.7833,1.0
2026-07-21 19:52,2026-W30,TSLA,TSLA260724C00400000,0,skip,,down,-0.9823,-0.9949,0.0148
2026-07-21 19:52,2026-W30,GIS,GIS260821P00037500,0,skip,,down,-0.7226,-0.7548,0.5
2026-07-21 19:52,2026-W30,INTC,INTC261218P00060000,0,skip,,vertical,0.0974,0.0842,0.0264
2026-07-21 19:52,2026-W30,KTOS,KTOS260828C00058000,0,skip,,down,-0.7538,-0.8051,1.0
2026-07-21 19:52,2026-W30,TQQQ,TQQQ260731C00073000,0,skip,,down,-0.7361,-0.7535,0.0699
2026-07-21 19:52,2026-W30,MO,MO270115P00062500,0,skip,,vertical,-0.2448,-0.3594,0.4569
2026-07-21 19:52,2026-W30,RKLB,RKLB260821C00090000,0,skip,,up,0.3319,0.3235,0.1266
2026-07-21 19:52,2026-W30,ENPH,ENPH260731C00046000,0,skip,,down,-0.5586,-0.7,0.2957
2026-07-21 19:52,2026-W30,SMCI,SMCI260724C00026000,0,skip,,up,3.6765,3.6691,0.1998
2026-07-21 19:52,2026-W30,AG,AG260821C00018000,0,skip,,up,0.375,0.3594,0.2
2026-07-21 19:52,2026-W30,BABA,BABA260724C00118000,0,skip,,down,-0.5085,-0.5214,0.0626
2026-07-21 19:52,2026-W30,GDXJ,GDXJ260724P00096000,0,skip,,down,-0.9231,-0.9269,0.5
2026-07-21 19:52,2026-W30,VG,VG260821P00014500,0,skip,,down,-0.8875,-0.9187,0.1667
2026-07-22 13:32,2026-W30,SOFI,SOFI280616P00015000,0,skip,,vertical,-0.0675,-0.0916,0.0698
2026-07-22 13:32,2026-W30,SMCI,SMCI260724C00027000,0,skip,,up,0.472,0.414,0.1606
2026-07-22 13:32,2026-W30,MSFT,MSFT260722C00400000,0,skip,,down,-0.7452,-0.8534,0.0385
2026-07-22 13:32,2026-W30,PLTR,PLTR260724P00130000,0,skip,,up,0.3804,0.3157,0.0656
2026-07-22 13:32,2026-W30,NFLX,NFLX260724C00069000,0,skip,,down,-0.5519,-0.5714,0.083
2026-07-22 13:32,2026-W30,SNXX,SNXX260821C00023000,0,skip,,up,0.3657,0.2943,0.528
2026-07-22 13:32,2026-W30,SMCI,SMCI260724C00028500,0,skip,,up,0.4762,0.4286,0.1606
2026-07-22 13:32,2026-W30,GLD,GLD260729C00383000,0,skip,,down,-0.661,-0.7102,0.0558
2026-07-22 13:32,2026-W30,GLD,GLD260731C00385000,0,skip,,up,0.3061,0.2755,0.071
2026-07-22 13:32,2026-W30,GLD,GLD260727C00380000,0,skip,,up,0.3033,0.2383,0.0738
2026-07-22 13:32,2026-W30,SMCI,SMCI260724C00029000,0,skip,,up,1.2917,1.2865,0.1606
2026-07-22 13:32,2026-W30,SLV,SLV260918C00055000,0,skip,,vertical,-0.2091,-0.2318,0.0573
2026-07-22 13:41,2026-W30,SMH,SMH260727P00540000,0,skip,,down,-0.5333,-0.6074,0.0311
2026-07-22 13:41,2026-W30,SPY,SPY260724P00730000,0,skip,,down,-0.5,-0.5132,0.009
2026-07-22 13:41,2026-W30,IWM,IWM260918P00275000,0,skip,,up,0.3171,0.3079,0.033
2026-07-22 13:41,2026-W30,QQQ,QQQ260722P00700000,0,skip,,down,-0.54,-0.55,0.017
2026-07-22 13:41,2026-W30,PLTR,PLTR260918P00100000,0,skip,,up,0.3268,0.3071,0.0477
2026-07-22 13:41,2026-W30,APP,APP260724C00455000,0,skip,,down,-0.6286,-0.8905,0.3333
2026-07-22 13:41,2026-W30,T,T260724C00022500,0,skip,,down,-0.573,-0.6124,0.995
2026-07-22 13:41,2026-W30,SMCI,SMCI261120C00040000,0,skip,,vertical,-0.1247,-0.1507,0.0664
2026-07-22 13:52,2026-W30,NFLX,NFLX260821C00070000,0,skip,,down,-0.5031,-0.5266,0.0738
2026-07-22 13:52,2026-W30,QQQ,QQQ260724P00700000,0,skip,,up,1.0251,1.0214,0.0127
2026-07-22 13:52,2026-W30,SPCX,SPCX260731C00130000,0,skip,,down,-0.5325,-0.5575,0.0184
2026-07-22 13:52,2026-W30,MU,MU260722C00985000,0,skip,,up,1.0,0.9545,0.0094
2026-07-22 13:52,2026-W30,IWM,IWM260731P00283000,0,skip,,up,0.7532,0.7273,0.0329
2026-07-22 13:52,2026-W30,MO,MO260731C00078000,0,skip,,down,-0.8169,-1.1127,0.3333
2026-07-22 13:52,2026-W30,NFLX,NFLX270115C00090000,0,skip,,vertical,-0.1385,-0.1673,0.0703
2026-07-22 13:52,2026-W30,CAT,CAT260724P00835000,0,skip,,down,-0.5025,-0.6625,0.0714
2026-07-22 13:52,2026-W30,AFRM,AFRM260821C00095000,0,skip,,down,-0.6667,-0.7833,1.0
2026-07-22 13:52,2026-W30,HUT,HUT260731C00129000,0,skip,,down,-0.6434,-0.7384,0.2007
2026-07-22 13:52,2026-W30,FUTU,FUTU260731C00115000,0,skip,,down,-0.7563,-1.0042,0.25
2026-07-22 13:52,2026-W30,BMNR,BMNR270115C00020000,0,skip,,vertical,-0.3611,-0.375,0.0932
2026-07-22 13:52,2026-W30,SMCI,SMCI260918C00035000,0,skip,,vertical,-0.2444,-0.2722,0.0659
2026-07-22 13:52,2026-W30,BABA,BABA260731C00117000,0,skip,,down,-0.5029,-0.5457,0.0465
2026-07-22 13:52,2026-W30,NCLH,NCLH270115P00020000,0,skip,,vertical,-0.1485,-0.1939,0.4856
2026-07-22 13:52,2026-W30,FUTU,FUTU260724C00109000,0,skip,,down,-0.6702,-0.7775,0.306
2026-07-22 14:03,2026-W30,HOOD,HOOD260918P00080000,0,skip,,up,0.4857,0.4536,0.0685
2026-07-22 14:03,2026-W30,AMZN,AMZN260722C00247500,0,skip,,down,-0.7956,-0.8212,0.0556
2026-07-22 14:03,2026-W30,SPY,SPY260724C00750000,0,skip,,down,-0.9033,-0.9071,0.0072
2026-07-22 14:03,2026-W30,MCHP,MCHP260724P00085000,0,skip,,up,0.3286,0.281,0.0843
2026-07-22 14:03,2026-W30,XLE,XLE260731P00057500,0,skip,,down,-0.9,-0.975,0.0889
2026-07-22 14:03,2026-W30,SPY,SPY260724P00749000,0,skip,,up,0.3098,0.3052,0.0094
2026-07-22 14:03,2026-W30,NOW,NOW260821C00135000,0,skip,,down,-0.8762,-0.8952,0.0502
2026-07-22 14:03,2026-W30,YINN,YINN261016C00028000,0,skip,,vertical,-0.2079,-0.2408,1.0
2026-07-22 14:03,2026-W30,RIOT,RIOT260918C00025000,0,skip,,up,0.3971,0.3791,0.1537
2026-07-22 14:03,2026-W30,QQQ,QQQ260723P00685000,0,skip,,up,0.3019,0.2925,0.0126
2026-07-22 14:03,2026-W30,IGV,IGV260724C00091000,0,skip,,down,-0.5182,-0.6091,0.1449
2026-07-22 14:03,2026-W30,GDX,GDX260821C00079000,0,skip,,vertical,-0.4431,-0.4585,0.1105
2026-07-22 14:03,2026-W30,PYPL,PYPL260731P00051000,0,skip,,down,-0.5294,-0.5784,0.2129
2026-07-22 14:03,2026-W30,TLT,TLT280121C00089000,0,skip,,vertical,-0.0682,-0.1023,0.0345
2026-07-22 14:03,2026-W30,XLE,XLE260821P00058500,0,skip,,vertical,-0.1575,-0.1747,0.0795
2026-07-22 14:03,2026-W30,SMCI,SMCI260724P00032000,0,skip,,down,-0.5478,-0.5605,0.0752
2026-07-22 14:03,2026-W30,MSTR,MSTR260821C00100000,0,skip,,down,-0.5562,-0.5729,0.057
2026-07-22 14:12,2026-W30,SPY,SPY270319P00400000,0,skip,,vertical,0.1,0.0974,0.0072
2026-07-22 14:12,2026-W30,NOW,NOW260724C00110000,0,skip,,down,-0.9708,-0.9937,0.0502
2026-07-22 14:12,2026-W30,MARA,MARA260724C00012000,0,skip,,down,-0.7229,-0.753,0.1667
2026-07-22 14:12,2026-W30,QQQ,QQQ260722P00703000,0,skip,,down,-0.6,-0.605,0.0163
2026-07-22 14:12,2026-W30,SPY,SPY260730P00726000,0,skip,,up,1.4228,1.4187,0.0071
2026-07-22 14:12,2026-W30,NFLX,NFLX261016C00075000,0,skip,,down,-0.8167,-0.8306,0.0718
2026-07-22 14:12,2026-W30,IWM,IWM260821P00265000,0,skip,,up,0.5753,0.5548,0.0327
2026-07-22 14:12,2026-W30,SPY,SPY261218P00570000,0,skip,,vertical,0.136,0.1347,0.0072
2026-07-22 14:12,2026-W30,SPY,SPY260722C00747000,0,skip,,vertical,-0.5325,-0.5366,0.008
2026-07-22 14:12,2026-W30,NBIS,NBIS260807P00125000,0,skip,,vertical,-0.1621,-0.2414,0.0113
2026-07-22 14:12,2026-W30,SLV,SLV261016C00060000,0,skip,,vertical,-0.3148,-0.3279,0.0571
2026-07-22 14:12,2026-W30,TEL,TEL260918C00240000,0,skip,,vertical,0.0783,0.0348,1.0
2026-07-22 14:12,2026-W30,EQT,EQT260731C00054000,0,skip,,up,0.3594,0.2422,1.0
2026-07-22 14:12,2026-W30,UUUU,UUUU260821C00013000,0,skip,,down,-0.5517,-0.6466,0.7047
2026-07-22 14:12,2026-W30,WRBY,WRBY260821C00024500,0,skip,,down,-0.9051,-0.939,0.5
2026-07-22 14:12,2026-W30,RIOT,RIOT260821C00024000,0,skip,,up,0.6175,0.6014,0.1515
2026-07-22 14:21,2026-W30,BUD,BUD260807C00084000,0,skip,,down,-0.7088,-0.9105,0.5
2026-07-22 14:21,2026-W30,SPY,SPY260730P00727000,0,skip,,up,1.3603,1.3566,0.0071
2026-07-22 14:21,2026-W30,QQQ,QQQ260722C00707000,0,skip,,up,0.4,0.3957,0.0162
2026-07-22 14:21,2026-W30,SOFI,SOFI280616C00045000,0,skip,,vertical,-0.188,-0.2222,0.0695
2026-07-22 14:21,2026-W30,IREN,IREN260821P00033000,0,skip,,up,0.3305,0.3222,0.0259
2026-07-22 14:21,2026-W30,IBIT,IBIT260918C00045000,0,skip,,down,-0.5152,-0.5455,0.0459
2026-07-22 14:21,2026-W30,SOXL,SOXL260724C00180000,0,skip,,down,-0.6175,-0.7113,0.0338
2026-07-22 14:21,2026-W30,SOXL,SOXL260724C00181000,0,skip,,down,-0.8333,-0.9641,0.0338
2026-07-22 14:21,2026-W30,HAPN,HAPN260821C00019000,0,skip,,down,-1.0,-1.0806,1.0
2026-07-22 14:32,2026-W30,SPY,SPY260918P00665000,0,skip,,up,0.3313,0.3297,0.0071
2026-07-22 14:32,2026-W30,XLE,XLE260807C00059500,0,skip,,vertical,-0.1325,-0.1954,0.0787
2026-07-22 14:32,2026-W30,NOK,NOK260821C00011000,0,skip,,down,-0.5455,-0.5714,0.1303
2026-07-22 14:32,2026-W30,NOK,NOK260821C00010000,0,skip,,down,-0.6583,-0.6792,0.126
2026-07-22 14:32,2026-W30,ASTS,ASTS260918C00090000,0,skip,,down,-0.5012,-0.5259,0.0796
2026-07-22 14:32,2026-W30,SLV,SLV260731C00055000,0,skip,,down,-0.6934,-0.7007,0.0721
2026-07-22 14:32,2026-W30,SMCI,SMCI260821C00040000,0,skip,,vertical,-0.4654,-0.4874,0.0641
2026-07-22 14:32,2026-W30,SPY,SPY260723C00747000,0,skip,,up,0.316,0.3142,0.009
2026-07-22 14:32,2026-W30,PLTR,PLTR260918C00180000,0,skip,,vertical,-0.3791,-0.3889,0.0419
2026-07-22 14:32,2026-W30,REPL,REPL260731C00009500,0,skip,,down,-0.5277,-0.7738,0.5
2026-07-22 14:32,2026-W30,DIS,DIS270115C00110000,0,skip,,down,-0.5975,-0.6225,0.1677
2026-07-22 14:32,2026-W30,DRAM,DRAM260724P00052000,0,skip,,down,-0.6522,-0.7065,0.0572
2026-07-22 14:32,2026-W30,CBRG,CBRG260821C00008000,0,skip,,down,-1.0,-1.1,1.0
2026-07-22 14:32,2026-W30,GDDY,GDDY260724C00090000,0,skip,,down,-0.8821,-1.0487,1.0
2026-07-22 14:32,2026-W30,RKLB,RKLB260724C00072000,0,skip,,down,-0.5,-0.52,0.1323
2026-07-22 14:42,2026-W30,SPY,SPY260724C00748000,0,skip,,up,0.3167,0.3133,0.0089
2026-07-22 14:42,2026-W30,GLD,GLD260918P00320000,0,skip,,up,0.3535,0.3333,0.0547
2026-07-22 14:42,2026-W30,NVDA,NVDA260724C00207500,0,skip,,up,0.3772,0.3737,0.0278
2026-07-22 14:42,2026-W30,IHI,IHI270115C00055000,0,skip,,down,-0.95,-1.0281,1.0
2026-07-22 14:42,2026-W30,IGV,IGV260724C00090500,0,skip,,down,-0.6,-0.6476,0.1239
2026-07-22 14:42,2026-W30,IREN,IREN260807P00035000,0,skip,,up,0.3316,0.2754,0.0257
2026-07-22 14:42,2026-W30,UPST,UPST260731P00028000,0,skip,,up,0.377,0.2787,0.3333
2026-07-22 14:42,2026-W30,XP,XP280121C00020000,0,skip,,down,-0.7556,-0.825,1.0
2026-07-22 14:42,2026-W30,BNO,BNO261016C00070000,0,skip,,vertical,-0.0077,-0.0462,0.2483
2026-07-22 14:42,2026-W30,GTLB,GTLB260821P00030000,0,skip,,down,-0.8118,-0.8853,1.0
2026-07-22 14:42,2026-W30,CORZ,CORZ260724C00024000,0,skip,,down,-0.5,-0.5588,0.4932
2026-07-22 14:42,2026-W30,WEAT,WEAT270115C00025000,0,skip,,vertical,-0.1926,-0.2111,0.2838
2026-07-22 14:52,2026-W30,SPY,SPY260731P00730000,0,skip,,up,0.9954,0.9909,0.0071
2026-07-22 14:52,2026-W30,TLT,TLT260821C00083500,0,skip,,down,-0.6471,-0.6569,0.0344
2026-07-22 14:52,2026-W30,HOOD,HOOD260724P00105000,0,skip,,up,0.4556,0.4305,0.0679
2026-07-22 14:52,2026-W30,TLT,TLT260821P00083500,0,skip,,up,0.3,0.285,0.0345
2026-07-22 14:52,2026-W30,AES,AES261120P00015000,0,skip,,down,-1.0,-1.1833,1.0
2026-07-22 14:52,2026-W30,AAPL,AAPL260724C00330000,0,skip,,down,-0.6222,-0.6333,0.0593
2026-07-22 14:52,2026-W30,RIOT,RIOT260918C00029000,0,skip,,up,0.4286,0.4018,0.1462
2026-07-22 14:52,2026-W30,IWM,IWM260821P00279000,0,skip,,up,0.3453,0.3363,0.0325
2026-07-22 14:52,2026-W30,BB,BB270319C00015000,0,skip,,vertical,-0.2908,-0.3972,1.0
2026-07-22 14:52,2026-W30,WFC,WFC261016P00082500,0,skip,,vertical,-0.0468,-0.0819,0.2503
2026-07-22 14:52,2026-W30,CVS,CVS260821P00100000,0,skip,,up,0.3241,0.2621,1.0
2026-07-22 14:52,2026-W30,SMCI,SMCI260724C00033500,0,skip,,down,-0.5079,-0.5556,0.0788
2026-07-22 14:52,2026-W30,SMCI,SMCI260731P00030000,0,skip,,up,0.3543,0.3307,0.063
2026-07-22 14:52,2026-W30,CARR,CARR260731P00065000,0,skip,,down,-0.7357,-0.8071,1.0
2026-07-22 14:52,2026-W30,HAL,HAL260918P00031000,0,skip,,vertical,-0.1263,-0.1474,0.6563
2026-07-22 14:52,2026-W30,XLV,XLV261218C00170000,0,skip,,vertical,0.2056,0.1775,0.3565
2026-07-22 14:52,2026-W30,CME,CME260731P00247500,0,skip,,down,-0.5222,-0.6403,1.0
2026-07-22 14:52,2026-W30,TQQQ,TQQQ260807C00077000,0,skip,,down,-0.8092,-0.8179,0.0641
2026-07-22 14:52,2026-W30,CDNS,CDNS260918P00370000,0,skip,,vertical,0.1127,0.088,0.3968
2026-07-22 15:03,2026-W30,GLD,GLD260918P00340000,0,skip,,up,0.3843,0.3668,0.0545
2026-07-22 15:03,2026-W30,AAPL,AAPL260724C00327500,0,skip,,down,-0.6652,-0.6846,0.0592
2026-07-22 15:03,2026-W30,UBS,UBS261120C00057500,0,skip,,vertical,-0.2667,-0.3051,1.0
2026-07-22 15:03,2026-W30,POET,POET260731C00007500,0,skip,,down,-0.7377,-0.7678,0.3333
2026-07-22 15:03,2026-W30,IWM,IWM260731P00285000,0,skip,,up,0.6306,0.6171,0.0324
2026-07-22 15:03,2026-W30,AMD,AMD260722C00560000,0,skip,,up,0.615,0.5925,0.0342
2026-07-22 15:03,2026-W30,XLE,XLE270617C00065000,0,skip,,vertical,-0.1696,-0.1886,0.078
2026-07-22 15:03,2026-W30,DRAM,DRAM260731C00060000,0,skip,,down,-0.5059,-0.5206,0.0502
2026-07-22 15:03,2026-W30,ASTS,ASTS260724P00060000,0,skip,,up,0.3017,0.2759,0.0723
2026-07-22 15:03,2026-W30,IGV,IGV261120P00080000,0,skip,,vertical,-0.1194,-0.1436,0.0937
2026-07-22 15:03,2026-W30,SOXS,SOXS260731P00036000,0,skip,,down,-0.5213,-0.617,0.0916
2026-07-22 15:03,2026-W30,IBIT,IBIT260821C00038000,0,skip,,vertical,-0.4154,-0.4192,0.0454
2026-07-22 15:03,2026-W30,ONDS,ONDS260731P00008500,0,skip,,up,0.4493,0.4275,0.5737
2026-07-22 15:03,2026-W30,NVO,NVO260814P00048000,0,skip,,down,-0.6139,-0.6584,0.1665
2026-07-22 15:03,2026-W30,SNXX,SNXX260918P00013130,0,skip,,vertical,-0.416,-0.516,0.7179
2026-07-22 15:03,2026-W30,EL,EL260821C00087000,0,skip,,down,-1.0,-1.0263,1.0
2026-07-22 15:03,2026-W30,GME,GME261016P00022000,0,skip,,vertical,-0.3077,-0.3407,0.7881
2026-07-22 15:03,2026-W30,AVTR,AVTR261120P00011000,0,skip,,down,-0.5613,-0.5935,1.0
2026-07-22 15:11,2026-W30,INFQ,INFQ261016C00010000,0,skip,,down,-0.8192,-0.8577,0.5418
2026-07-22 15:11,2026-W30,NVDA,NVDA260722P00212500,0,skip,,down,-0.5828,-0.635,0.0257
2026-07-22 15:11,2026-W30,CIA,CIA261120P00005000,0,skip,,vertical,-0.0519,-0.0889,0.7888
2026-07-22 15:11,2026-W30,BWXT,BWXT260821C00200000,0,skip,,down,-0.79,-0.8567,0.25
2026-07-22 15:11,2026-W30,CIA,CIA260821P00005000,0,skip,,down,-1.0,-1.1176,0.5
2026-07-22 15:11,2026-W30,MSTR,MSTR260724C00099000,0,skip,,down,-0.5784,-0.5933,0.0504
2026-07-22 15:11,2026-W30,ASTS,ASTS260918C00100000,0,skip,,down,-0.5201,-0.5503,0.0781
2026-07-22 15:22,2026-W30,XLE,XLE260807C00059000,0,skip,,vertical,-0.071,-0.1243,0.0778
2026-07-22 15:22,2026-W30,NVDA,NVDA260722C00210000,0,skip,,vertical,-0.329,-0.3548,0.0238
2026-07-22 15:22,2026-W30,RIOT,RIOT260918C00026000,0,skip,,up,0.3696,0.3541,0.1478
2026-07-22 15:22,2026-W30,MRVL,MRVL260821C00330000,0,skip,,down,-0.5528,-0.598,0.0318
2026-07-22 15:22,2026-W30,APPN,APPN261120P00022500,0,skip,,vertical,-0.1757,-0.2162,0.7217
2026-07-22 15:22,2026-W30,WEN,WEN260918C00008000,0,skip,,down,-0.94,-1.04,1.0
2026-07-22 15:22,2026-W30,PANW,PANW260821C00460000,0,skip,,down,-0.745,-0.9263,0.108
2026-07-22 15:22,2026-W30,IBM,IBM260724P00190000,0,skip,,up,0.3939,0.3864,0.1285
2026-07-22 15:22,2026-W30,KLAC,KLAC260821C00320000,0,skip,,down,-0.6269,-0.7712,0.1122
2026-07-22 15:22,2026-W30,MRK,MRK260821C00140000,0,skip,,vertical,0.1168,0.062,0.3003
2026-07-22 15:22,2026-W30,W,W260724P00083000,0,skip,,down,-0.5364,-0.649,0.329
2026-07-22 15:22,2026-W30,OSCR,OSCR261120P00025000,0,skip,,down,-0.5331,-0.5679,0.2934
2026-07-22 15:22,2026-W30,OKLO,OKLO261218C00090000,0,skip,,vertical,-0.4149,-0.4522,0.2054
2026-07-22 15:22,2026-W30,OSCR,OSCR260821C00032000,0,skip,,down,-0.8045,-0.8409,0.2934
2026-07-22 15:32,2026-W30,FSLR,FSLR260821P00165000,0,skip,,vertical,-0.319,-0.4709,0.0959
2026-07-22 15:32,2026-W30,SPY,SPY260724P00735000,0,skip,,up,3.186,3.1744,0.007
2026-07-22 15:32,2026-W30,PLTR,PLTR260918C00170000,0,skip,,vertical,-0.3488,-0.3628,0.0411
2026-07-22 15:32,2026-W30,SMH,SMH260722P00585000,0,skip,,down,-0.5419,-0.5645,0.0301
2026-07-22 15:32,2026-W30,WMT,WMT261120P00100000,0,skip,,vertical,-0.1324,-0.1471,0.2861
2026-07-22 15:32,2026-W30,SMCI,SMCI260724C00032000,0,skip,,down,-0.55,-0.565,0.0681
2026-07-22 15:32,2026-W30,BA,BA260731P00200000,0,skip,,down,-0.9316,-0.9886,0.0716
2026-07-22 15:32,2026-W30,NEE,NEE260731P00090000,0,skip,,down,-0.7385,-0.7654,0.2444
2026-07-22 15:32,2026-W30,EEM,EEM260918C00065500,0,skip,,down,-1.0,-1.0072,0.2583
2026-07-22 15:32,2026-W30,SMCI,SMCI260807C00036000,0,skip,,down,-0.7308,-0.7923,0.0708
2026-07-22 15:32,2026-W30,OKLO,OKLO260724C00043000,0,skip,,down,-0.5433,-0.5806,0.2021
2026-07-22 15:32,2026-W30,SLV,SLV270115C00125000,0,skip,,vertical,-0.1864,-0.2203,0.0563
2026-07-22 15:32,2026-W30,AA,AA260724C00045000,0,skip,,down,-0.5556,-0.5844,0.3359
2026-07-22 15:32,2026-W30,SMCI,SMCI260821P00028000,0,skip,,vertical,-0.0134,-0.0513,0.063
2026-07-22 15:32,2026-W30,CDE,CDE260821C00017000,0,skip,,down,-0.9739,-0.9957,0.5037
2026-07-22 15:32,2026-W30,ASTS,ASTS260724P00065000,0,skip,,up,0.3177,0.3027,0.0739
2026-07-22 15:32,2026-W30,RGTI,RGTI260731C00016500,0,skip,,down,-0.86,-0.9,1.0
2026-07-22 15:42,2026-W30,SPCX,SPCX260724C00125000,0,skip,,down,-0.5486,-0.5629,0.021
2026-07-22 15:42,2026-W30,QQQ,QQQ260722C00710000,0,skip,,up,0.3333,0.3131,0.0161
2026-07-22 15:42,2026-W30,SPY,SPY260729P00730000,0,skip,,up,1.6964,1.692,0.007
2026-07-22 15:42,2026-W30,EWZ,EWZ260821C00037000,0,skip,,up,0.3038,0.2975,0.3789
2026-07-22 15:42,2026-W30,BNO,BNO260821P00051000,0,skip,,vertical,-0.2158,-0.2289,0.2436
2026-07-22 15:42,2026-W30,OKTA,OKTA260724C00143000,0,skip,,down,-0.513,-0.6036,0.4058
2026-07-22 15:42,2026-W30,CCJ,CCJ260814P00086000,0,skip,,up,0.4184,0.3503,0.3333
2026-07-22 15:42,2026-W30,GDX,GDX260807C00082000,0,skip,,down,-0.7538,-0.7731,0.1149
2026-07-22 15:42,2026-W30,SOXX,SOXX260724P00500000,0,skip,,down,-0.6074,-0.7,0.054
2026-07-22 15:42,2026-W30,CSX,CSX260724C00051000,0,skip,,up,0.7167,0.675,1.0
2026-07-22 15:42,2026-W30,PLTR,PLTR260724C00127000,0,skip,,down,-0.5072,-0.512,0.06
2026-07-22 15:42,2026-W30,CDE,CDE260918C00017500,0,skip,,down,-1.0,-1.0333,0.762
2026-07-22 15:42,2026-W30,TTMI,TTMI260821P00100000,0,skip,,down,-0.5208,-0.6434,0.2
2026-07-22 15:42,2026-W30,EQT,EQT260918P00050000,0,skip,,down,-1.0,-1.0254,0.2406
2026-07-22 15:42,2026-W30,FHN,FHN270219C00029000,0,skip,,down,-1.0,-1.0952,0.5
2026-07-22 15:42,2026-W30,RIOT,RIOT260821C00023000,0,skip,,up,0.3267,0.3083,0.143
2026-07-22 15:53,2026-W30,TLN,TLN260918P00250000,0,skip,,down,-0.6318,-0.8136,0.2
2026-07-22 15:53,2026-W30,IGV,IGV260724P00092500,0,skip,,up,0.5242,0.4939,0.0883
2026-07-22 15:53,2026-W30,HIMS,HIMS260731P00032500,0,skip,,down,-1.0,-1.0135,0.1778
2026-07-22 15:53,2026-W30,NVDA,NVDA260918P00180000,0,skip,,vertical,0.1919,0.1784,0.0171
2026-07-22 15:53,2026-W30,SPY,SPY260723P00749000,0,skip,,up,0.3881,0.3858,0.0076
2026-07-22 15:53,2026-W30,EWJ,EWJ260821P00088000,0,skip,,vertical,-0.256,-0.296,0.9572
2026-07-22 15:53,2026-W30,SILJ,SILJ260918C00028000,0,skip,,down,-0.538,-0.5643,0.3392
2026-07-22 15:53,2026-W30,IONQ,IONQ260918C00045000,0,skip,,vertical,-0.4276,-0.4411,0.1712
2026-07-22 15:53,2026-W30,WDAY,WDAY260724C00141000,0,skip,,down,-0.8486,-0.8892,0.2594
2026-07-22 15:53,2026-W30,KRE,KRE261120P00072000,0,skip,,vertical,-0.1713,-0.2045,0.086
2026-07-22 15:53,2026-W30,RUN,RUN260821P00012000,0,skip,,up,0.3038,0.2975,0.5328
2026-07-22 15:53,2026-W30,LQDA,LQDA260731C00090000,0,skip,,down,-0.8267,-1.0183,0.223
2026-07-22 15:53,2026-W30,XLE,XLE260821P00056000,0,skip,,down,-0.5429,-0.5714,0.0848
2026-07-22 15:53,2026-W30,AMPX,AMPX270115C00015000,0,skip,,down,-1.0,-1.0263,1.0
2026-07-22 15:53,2026-W30,VKTX,VKTX260731P00038000,0,skip,,down,-0.6111,-0.7639,0.5418
2026-07-22 16:03,2026-W30,NBIS,NBIS260807P00135000,0,skip,,down,-1.0,-1.1049,0.0125
2026-07-22 16:03,2026-W30,NVDA,NVDA260731C00225000,0,skip,,down,-0.5425,-0.5556,0.0195
2026-07-22 16:03,2026-W30,SOFI,SOFI261120C00025000,0,skip,,vertical,-0.3636,-0.3831,0.0688
2026-07-22 16:03,2026-W30,TSLA,TSLA260724C00400000,0,skip,,down,-0.9811,-0.9946,0.0121
2026-07-22 16:03,2026-W30,CSCO,CSCO260918C00135000,0,skip,,vertical,-0.0874,-0.1092,0.1439
2026-07-22 16:03,2026-W30,SMR,SMR261120P00009000,0,skip,,vertical,0.1143,0.1095,0.6805
2026-07-22 16:03,2026-W30,CVX,CVX260724C00192500,0,skip,,up,1.0667,0.9806,0.1123
2026-07-22 16:03,2026-W30,BKU,BKU261120P00045000,0,skip,,down,-0.6514,-0.7371,1.0
2026-07-22 16:03,2026-W30,SMG,SMG260918C00075000,0,skip,,down,-0.6339,-0.6678,1.0
2026-07-22 16:03,2026-W30,MDLZ,MDLZ260821C00063000,0,skip,,down,-0.9417,-1.0042,1.0
2026-07-22 16:03,2026-W30,RIOT,RIOT260821C00023500,0,skip,,up,0.3931,0.3893,0.1426
2026-07-22 16:03,2026-W30,CELH,CELH261016P00022500,0,skip,,vertical,-0.0417,-0.0972,0.4781
2026-07-22 16:03,2026-W30,CAPR,CAPR260821P00011000,0,skip,,vertical,-0.2844,-0.425,0.1993
2026-07-22 16:03,2026-W30,AG,AG260821C00017000,0,skip,,vertical,-0.4469,-0.4553,0.2882
2026-07-22 16:03,2026-W30,PATH,PATH260814C00011500,0,skip,,down,-1.0,-1.0476,1.0
2026-07-22 16:03,2026-W30,MDB,MDB260821P00320000,0,skip,,vertical,-0.0694,-0.0931,0.0542
2026-07-22 16:12,2026-W30,ONDS,ONDS260731C00008500,0,skip,,down,-0.5,-0.5167,0.347
2026-07-22 16:12,2026-W30,SPY,SPY260729P00735000,0,skip,,up,1.8716,1.8682,0.007
2026-07-22 16:12,2026-W30,NVDA,NVDA260722P00215000,0,skip,,vertical,0.2078,0.1948,0.0233
2026-07-22 16:12,2026-W30,EQT,EQT260918P00052500,0,skip,,down,-1.0,-1.0143,0.2226
2026-07-22 16:12,2026-W30,BTI,BTI260821C00065000,0,skip,,down,-0.52,-0.57,0.5
2026-07-22 16:12,2026-W30,CRCL,CRCL260821C00085000,0,skip,,down,-0.5018,-0.5289,0.1013
2026-07-22 16:12,2026-W30,RIOT,RIOT260821P00023000,0,skip,,vertical,-0.0455,-0.0629,0.4015
2026-07-22 16:12,2026-W30,MSTR,MSTR260807C00115000,0,skip,,down,-0.5089,-0.5332,0.0501
2026-07-22 16:12,2026-W30,ON,ON260731C00104000,0,skip,,down,-0.7714,-0.8667,0.2019
2026-07-22 16:12,2026-W30,PM,PM260814C00200000,0,skip,,down,-0.6209,-0.6674,0.25
2026-07-22 16:12,2026-W30,BETA,BETA260821C00022500,0,skip,,down,-0.8,-0.8278,1.0
2026-07-22 16:12,2026-W30,USO,USO260724C00136000,0,skip,,up,1.5221,1.3142,0.0866
2026-07-22 16:12,2026-W30,AAPU,AAPU270115C00055000,0,skip,,down,-0.5341,-0.7963,1.0
2026-07-22 16:12,2026-W30,IEF,IEF260821P00093000,0,skip,,down,-0.7091,-0.7273,0.5
2026-07-22 16:22,2026-W30,SPCX,SPCX260821C00165000,0,skip,,vertical,-0.0946,-0.1351,0.016
2026-07-22 16:22,2026-W30,SPCX,SPCX260724P00120000,0,skip,,up,0.3551,0.3449,0.0201
2026-07-22 16:22,2026-W30,NVDA,NVDA260821P00195000,0,skip,,up,0.322,0.3136,0.0193
2026-07-22 16:22,2026-W30,SPY,SPY260722C00750000,0,skip,,down,-0.5714,-0.5762,0.008
2026-07-22 16:22,2026-W30,QQQ,QQQ260723P00691000,0,skip,,up,1.8889,1.8819,0.0122
2026-07-22 16:22,2026-W30,GEV,GEV260724P00925000,0,skip,,down,-0.8643,-1.025,0.0849
2026-07-22 16:22,2026-W30,KWEB,KWEB261218C00035000,0,skip,,down,-1.0,-1.02,0.1098
2026-07-22 16:22,2026-W30,HAL,HAL261016C00032000,0,skip,,down,-1.0,-1.0073,0.2
2026-07-22 16:22,2026-W30,CRWV,CRWV261016P00050000,0,skip,,vertical,0.315,0.2835,0.0519
2026-07-22 16:22,2026-W30,RF,RF280121P00020000,0,skip,,down,-1.0,-1.125,1.0
2026-07-22 16:22,2026-W30,TLT,TLT260731C00083500,0,skip,,down,-0.8939,-0.9091,0.0338
2026-07-22 16:22,2026-W30,HIG,HIG261218C00160000,0,skip,,down,-0.6,-0.6897,1.0
2026-07-22 16:22,2026-W30,SMCI,SMCI260724C00035000,0,skip,,down,-0.5714,-0.6143,0.0669
2026-07-22 16:22,2026-W30,GEHC,GEHC261016C00062500,0,skip,,down,-0.9488,-0.9605,1.0
2026-07-22 16:22,2026-W30,USO,USO260807C00140000,0,skip,,up,0.3579,0.2579,0.0862
2026-07-22 16:33,2026-W30,SPY,SPY260729P00740000,0,skip,,up,1.7409,1.7386,0.0069
2026-07-22 16:33,2026-W30,RIVN,RIVN261016C00015000,0,skip,,vertical,-0.3744,-0.4128,0.2475
2026-07-22 16:33,2026-W30,NVTS,NVTS260807C00014000,0,skip,,down,-0.5625,-0.6944,0.4944
2026-07-22 16:33,2026-W30,TSLA,TSLA260918P00300000,0,skip,,up,0.9257,0.9114,0.012
2026-07-22 16:33,2026-W30,TECK,TECK260724P00056000,0,skip,,down,-1.0,-1.1,1.0
2026-07-22 16:33,2026-W30,RKLB,RKLB260724P00070000,0,skip,,up,0.4014,0.3803,0.125
2026-07-22 16:33,2026-W30,GLW,GLW260724C00162500,0,skip,,down,-0.5397,-0.6349,0.125
2026-07-22 16:33,2026-W30,CRWD,CRWD260807P00163750,0,skip,,vertical,-0.2629,-0.3386,0.0975
2026-07-22 16:33,2026-W30,MSTR,MSTR260724C00098000,0,skip,,down,-0.6347,-0.6547,0.0491
2026-07-22 16:33,2026-W30,DXYZ,DXYZ260821P00025000,0,skip,,down,-0.8476,-0.8833,0.3385
2026-07-22 16:33,2026-W30,SM,SM261120C00042500,0,skip,,down,-0.8516,-0.8839,1.0
2026-07-22 16:33,2026-W30,SOUN,SOUN280121C00010000,0,skip,,vertical,-0.0969,-0.0995,1.0
2026-07-22 16:33,2026-W30,XLK,XLK260918P00162500,0,skip,,vertical,-0.0083,-0.0431,0.2198
2026-07-22 16:33,2026-W30,WDAY,WDAY260918C00195000,0,skip,,down,-0.5879,-0.6333,0.2606
2026-07-22 16:33,2026-W30,LOPE,LOPE260821C00145000,0,skip,,down,-0.6889,-0.7444,1.0
2026-07-22 16:42,2026-W30,TMO,TMO260724P00485000,0,skip,,down,-0.5702,-0.8787,1.0
2026-07-22 16:42,2026-W30,SPY,SPY260722P00748000,0,skip,,up,0.58,0.57,0.0079
2026-07-22 16:42,2026-W30,OKLO,OKLO260724C00046000,0,skip,,down,-0.5714,-0.5989,0.2
2026-07-22 16:42,2026-W30,QQQ,QQQ260730C00730000,0,skip,,down,-0.7748,-0.7838,0.0122
2026-07-22 16:42,2026-W30,SMCI,SMCI260731C00032000,0,skip,,down,-0.5895,-0.6079,0.0702
2026-07-22 16:42,2026-W30,UNH,UNH260724P00430000,0,skip,,up,0.368,0.3346,0.078
2026-07-22 16:42,2026-W30,TEAM,TEAM260821P00060000,0,skip,,down,-0.6118,-0.6412,0.5
2026-07-22 16:42,2026-W30,SLS,SLS261016P00004000,0,skip,,vertical,-0.096,-0.156,0.1697
2026-07-22 16:42,2026-W30,IBIT,IBIT261016P00038000,0,skip,,vertical,0.1458,0.1339,0.0448
2026-07-22 16:42,2026-W30,XLU,XLU280121C00050000,0,skip,,vertical,-0.0279,-0.0714,0.5845
2026-07-22 16:42,2026-W30,RCAT,RCAT270115C00012000,0,skip,,vertical,-0.1973,-0.2211,1.0
2026-07-22 16:42,2026-W30,SOLS,SOLS261120C00085000,0,skip,,down,-0.5815,-0.6185,0.5
2026-07-22 16:42,2026-W30,SMCI,SMCI260821C00035000,0,skip,,vertical,-0.381,-0.3864,0.0626
2026-07-22 16:42,2026-W30,APLD,APLD260731C00035000,0,skip,,down,-0.6614,-0.689,0.1667
2026-07-22 16:42,2026-W30,BABA,BABA260724P00116000,0,skip,,up,0.3026,0.2928,0.0433
2026-07-22 16:42,2026-W30,SILJ,SILJ270219P00025000,0,skip,,vertical,-0.0694,-0.1181,0.4443
2026-07-22 16:42,2026-W30,XLC,XLC260918C00111000,0,skip,,down,-0.8881,-0.9136,1.0
2026-07-22 16:51,2026-W30,QQQ,QQQ260730C00735000,0,skip,,down,-0.8417,-0.85,0.0121
2026-07-22 16:51,2026-W30,BABA,BABA260807C00125000,0,skip,,down,-0.5052,-0.5747,0.0438
2026-07-22 16:51,2026-W30,COF,COF260807P00195000,0,skip,,down,-0.6455,-0.7136,0.2608
2026-07-22 16:51,2026-W30,SMCI,SMCI260724P00031500,0,skip,,up,0.3107,0.301,0.0599
2026-07-22 16:51,2026-W30,FRO,FRO260918P00037000,0,skip,,down,-0.7905,-0.8619,0.3388
2026-07-22 16:51,2026-W30,YPF,YPF260918P00050000,0,skip,,down,-0.812,-0.842,1.0
2026-07-22 16:51,2026-W30,IREN,IREN260724C00043000,0,skip,,down,-0.7185,-0.737,0.0306
2026-07-22 16:51,2026-W30,MCHP,MCHP261016P00060000,0,skip,,vertical,0.0706,0.0412,0.0728
2026-07-22 16:51,2026-W30,TLT,TLT270115C00085000,0,skip,,vertical,-0.0595,-0.0676,0.0339
2026-07-22 17:01,2026-W30,TSLA,TSLA260724P00360000,0,skip,,up,0.3039,0.2909,0.013
2026-07-22 17:01,2026-W30,SOXL,SOXL260821P00052000,0,skip,,vertical,-0.2267,-0.3285,0.0336
2026-07-22 17:01,2026-W30,SPY,SPY260723P00750000,0,skip,,up,0.358,0.356,0.0075
2026-07-22 17:01,2026-W30,LRCX,LRCX260731P00225000,0,skip,,down,-0.573,-0.673,0.0305
2026-07-22 17:01,2026-W30,SPY,SPY260723C00749000,0,skip,,down,-0.9817,-0.9835,0.0069
2026-07-22 17:01,2026-W30,HYG,HYG261016P00079000,0,skip,,vertical,0.0778,0.0278,0.6155
2026-07-22 17:01,2026-W30,NOK,NOK260918C00010000,0,skip,,down,-0.5241,-0.5241,0.1237
2026-07-22 17:01,2026-W30,EQT,EQT260807P00052000,0,skip,,down,-1.0,-1.0357,0.2115
2026-07-22 17:01,2026-W30,TTD,TTD261016C00022500,0,skip,,vertical,-0.1731,-0.1971,0.4894
2026-07-22 17:01,2026-W30,KKR,KKR260724C00095000,0,skip,,down,-0.915,-0.9525,0.25
2026-07-22 17:01,2026-W30,C,C260918P00120000,0,skip,,vertical,0.0561,0.0332,0.1138
2026-07-22 17:01,2026-W30,ZS,ZS260814P00132000,0,skip,,vertical,-0.2101,-0.2608,0.219
2026-07-22 17:01,2026-W30,PCT,PCT260821C00006000,0,skip,,vertical,-0.38,-0.405,1.0
2026-07-22 17:01,2026-W30,SMCI,SMCI260724C00033000,0,skip,,down,-0.5263,-0.5439,0.0628
2026-07-22 17:01,2026-W30,XYZ,XYZ260724C00078000,0,skip,,down,-0.6124,-0.6589,0.1582
2026-07-22 17:12,2026-W30,NVDA,NVDA260724C00212500,0,skip,,down,-0.6987,-0.7114,0.0189
2026-07-22 17:12,2026-W30,ORCL,ORCL260821C00150000,0,skip,,down,-0.5118,-0.5253,0.0278
2026-07-22 17:12,2026-W30,FCX,FCX260731P00063000,0,skip,,down,-0.6087,-0.6618,0.6819
2026-07-22 17:12,2026-W30,NVDA,NVDA260727C00217500,0,skip,,down,-0.7018,-0.7156,0.0189
2026-07-22 17:12,2026-W30,WMT,WMT261016C00120000,0,skip,,vertical,-0.0464,-0.0633,0.2791
2026-07-22 17:12,2026-W30,TWLO,TWLO260821C00240000,0,skip,,down,-0.5459,-0.6405,0.3333
2026-07-22 17:12,2026-W30,PTON,PTON270115P00006000,0,skip,,vertical,-0.0792,-0.0891,0.8002
2026-07-22 17:12,2026-W30,SOFI,SOFI270617C00020000,0,skip,,vertical,-0.1671,-0.1808,0.0685
2026-07-22 17:12,2026-W30,CRCL,CRCL260724C00068000,0,skip,,down,-0.9859,-1.0117,0.1002
2026-07-22 17:12,2026-W30,XRAY,XRAY270115C00020000,0,skip,,down,-0.9455,-1.0364,1.0
2026-07-22 17:12,2026-W30,DRAM,DRAM260731C00063000,0,skip,,down,-0.6624,-0.6878,0.0495
2026-07-22 17:12,2026-W30,BL,BL260918C00027500,0,skip,,down,-0.7243,-0.7378,1.0
2026-07-22 17:12,2026-W30,SPMO,SPMO260821P00142000,0,skip,,vertical,0.2136,0.1712,1.0
2026-07-22 17:23,2026-W30,SPCX,SPCX260724C00135000,0,skip,,down,-0.64,-0.69,0.0177
2026-07-22 17:23,2026-W30,TSLA,TSLA260731C00435000,0,skip,,down,-0.9536,-0.9636,0.0119
2026-07-22 17:23,2026-W30,AAPL,AAPL260918P00285000,0,skip,,vertical,-0.3279,-0.3508,0.0565
2026-07-22 17:23,2026-W30,NAIL,NAIL260821P00037000,0,skip,,down,-0.5726,-0.78,1.0
2026-07-22 17:23,2026-W30,BAH,BAH261120C00080000,0,skip,,down,-0.9724,-1.1276,1.0
2026-07-22 17:23,2026-W30,ZM,ZM260918C00130000,0,skip,,down,-1.0,-1.1452,0.4283
2026-07-22 17:23,2026-W30,IBIT,IBIT270617P00027000,0,skip,,vertical,0.0053,-0.0134,0.0447
2026-07-22 17:23,2026-W30,COIN,COIN260821P00135000,0,skip,,up,0.33,0.2967,0.0456
2026-07-22 17:23,2026-W30,TLT,TLT260731P00084500,0,skip,,up,0.3036,0.2902,0.0337
2026-07-22 17:23,2026-W30,UNH,UNH261016P00320000,0,skip,,vertical,0.1412,0.0353,0.0754
2026-07-22 17:23,2026-W30,IBIT,IBIT260814P00037000,0,skip,,up,0.307,0.3026,0.0501
2026-07-22 17:23,2026-W30,TTD,TTD260918P00017500,0,skip,,vertical,0.0833,0.0729,0.4858
2026-07-22 17:23,2026-W30,EWZ,EWZ260821C00036500,0,skip,,vertical,-0.3661,-0.375,0.2511
2026-07-22 17:23,2026-W30,CMG,CMG260918C00035000,0,skip,,down,-1.0,-1.0084,0.25
2026-07-22 17:23,2026-W30,LUNR,LUNR260821P00014500,0,skip,,vertical,0.2696,0.2475,0.9872
2026-07-22 17:23,2026-W30,RUN,RUN260918P00012000,0,skip,,up,0.3384,0.3308,0.5405
2026-07-22 17:23,2026-W30,GLNG,GLNG260821C00055000,0,skip,,down,-0.6333,-0.6889,1.0
2026-07-22 17:32,2026-W30,XLE,XLE260821C00060000,0,skip,,up,0.3563,0.3406,0.085
2026-07-22 17:32,2026-W30,FRO,FRO260821C00040000,0,skip,,up,0.3527,0.336,0.4217
2026-07-22 17:32,2026-W30,SPCX,SPCX260731C00139000,0,skip,,down,-0.5667,-0.6083,0.0163
2026-07-22 17:32,2026-W30,LVS,LVS260918P00045000,0,skip,,down,-1.0,-1.0268,0.5
2026-07-22 17:32,2026-W30,MTCH,MTCH260821C00037500,0,skip,,down,-0.5804,-0.6196,1.0
2026-07-22 17:32,2026-W30,SPCX,SPCX260724C00140000,0,skip,,down,-0.5143,-0.5857,0.0176
2026-07-22 17:32,2026-W30,KWEB,KWEB260918C00030000,0,skip,,vertical,-0.3191,-0.3404,0.1138
2026-07-22 17:32,2026-W30,SQQQ,SQQQ260724C00040000,0,skip,,up,1.4324,1.4099,0.1256
2026-07-22 17:32,2026-W30,MSTR,MSTR260724P00100000,0,skip,,up,0.3421,0.3252,0.0484
2026-07-22 17:32,2026-W30,PLTR,PLTR260724P00125000,0,skip,,up,0.4048,0.3988,0.0426
2026-07-22 17:32,2026-W30,KHC,KHC261016C00027500,0,skip,,down,-0.6667,-0.7012,0.2685
2026-07-22 17:32,2026-W30,CRWV,CRWV261120C00200000,0,skip,,down,-0.5026,-0.5333,0.0518
2026-07-22 17:32,2026-W30,IREN,IREN260724P00042000,0,skip,,up,0.6686,0.6568,0.0255
2026-07-22 17:32,2026-W30,IGV,IGV260731C00095000,0,skip,,down,-1.0,-1.1111,0.0838
2026-07-22 17:32,2026-W30,COIN,COIN260724P00165000,0,skip,,up,0.3444,0.3426,0.0452
2026-07-22 17:43,2026-W30,NVDA,NVDA260727C00215000,0,skip,,down,-0.6813,-0.6969,0.0188
2026-07-22 17:43,2026-W30,SPY,SPY260722P00749000,0,skip,,up,0.3626,0.3571,0.0075
2026-07-22 17:43,2026-W30,SPCX,SPCX261016P00080000,0,skip,,up,0.3024,0.2659,0.0177
2026-07-22 17:43,2026-W30,IREN,IREN280121P00010000,0,skip,,down,-0.7196,-0.8341,0.0255
2026-07-22 17:43,2026-W30,SPY,SPY260724P00745000,0,skip,,up,0.3506,0.3474,0.0071
2026-07-22 17:43,2026-W30,IGV,IGV260821P00087500,0,skip,,vertical,0.0,-0.0351,0.0921
2026-07-22 17:43,2026-W30,VICI,VICI260918C00027500,0,skip,,down,-0.5333,-0.6167,1.0
2026-07-22 17:43,2026-W30,FCX,FCX260821P00060000,0,skip,,up,0.3184,0.296,0.353
2026-07-22 17:43,2026-W30,NVO,NVO260918P00047500,0,skip,,vertical,-0.11,-0.1186,0.171
2026-07-22 17:43,2026-W30,SPY,SPY260727C00754000,0,skip,,down,-0.8881,-0.8916,0.0069
2026-07-22 17:43,2026-W30,DVN,DVN260814P00043000,0,skip,,down,-0.9722,-1.0046,0.25
2026-07-22 17:43,2026-W30,MRVL,MRVL261016C00460000,0,skip,,down,-0.5246,-0.5609,0.0301
2026-07-22 17:43,2026-W30,CLF,CLF260731C00009000,0,skip,,up,1.1957,1.1685,0.2675
2026-07-22 17:43,2026-W30,IGV,IGV260918C00100000,0,skip,,down,-0.9818,-1.0273,0.0854
2026-07-22 17:43,2026-W30,ADI,ADI260724P00365000,0,skip,,down,-0.6581,-0.7628,0.2054
2026-07-22 17:43,2026-W30,EXE,EXE260821C00095000,0,skip,,vertical,-0.288,-0.308,0.3434
2026-07-22 17:43,2026-W30,SOXS,SOXS260724C00044000,0,skip,,up,0.3053,0.2439,0.0909
2026-07-22 17:43,2026-W30,DOCU,DOCU260814C00047000,0,skip,,down,-0.6848,-0.7228,1.0
2026-07-22 17:43,2026-W30,COIN,COIN261016P00110000,0,skip,,vertical,0.1217,0.0565,0.0487
2026-07-22 17:51,2026-W30,EWY,EWY260731P00145000,0,skip,,down,-0.5118,-0.5559,0.1011
2026-07-22 17:51,2026-W30,IBIT,IBIT260731P00037000,0,skip,,up,0.3492,0.3413,0.05
2026-07-22 17:51,2026-W30,BABA,BABA260918C00140000,0,skip,,vertical,-0.4259,-0.4426,0.0438
2026-07-22 17:51,2026-W30,CNC,CNC260724P00065000,0,skip,,up,0.4333,0.3111,0.1691
2026-07-22 17:51,2026-W30,KORU,KORU261218P00010000,0,skip,,vertical,-0.0576,-0.0831,0.3529
2026-07-22 17:51,2026-W30,SNDK,SNDK260724C01450000,0,skip,,down,-0.513,-0.5159,0.0117
2026-07-22 17:51,2026-W30,VLO,VLO260731C00320000,0,skip,,down,-0.6125,-0.6594,0.1483
2026-07-22 18:02,2026-W30,SPY,SPY260821P00710000,0,skip,,up,0.6231,0.6216,0.0069
2026-07-22 18:02,2026-W30,STM,STM261016P00050000,0,skip,,up,0.5419,0.5016,1.0
2026-07-22 18:02,2026-W30,SPCX,SPCX260731C00165000,0,skip,,down,-0.8923,-0.9692,0.0176
2026-07-22 18:02,2026-W30,SPY,SPY260729P00742000,0,skip,,up,1.2195,1.2178,0.0069
2026-07-22 18:02,2026-W30,SPY,SPY260724C00749000,0,skip,,down,-0.8912,-0.8929,0.0069
2026-07-22 18:02,2026-W30,BA,BA261120C00260000,0,skip,,down,-0.7625,-0.7875,0.0681
2026-07-22 18:02,2026-W30,KO,KO260828C00084000,0,skip,,down,-0.9946,-1.019,0.334
2026-07-22 18:02,2026-W30,IREN,IREN260731P00034000,0,skip,,vertical,0.2162,0.1892,0.0248
2026-07-22 18:02,2026-W30,TQQQ,TQQQ261218P00030000,0,skip,,vertical,0.0662,0.0404,0.0611
2026-07-22 18:02,2026-W30,PEP,PEP261016P00130000,0,skip,,vertical,-0.0658,-0.0848,0.3558
2026-07-22 18:02,2026-W30,PSKY,PSKY260807C00009000,0,skip,,down,-1.0,-1.0341,0.3324
2026-07-22 18:02,2026-W30,IGV,IGV260724C00090000,0,skip,,down,-0.5733,-0.64,0.0838
2026-07-22 18:02,2026-W30,KR,KR260821P00055000,0,skip,,down,-0.5402,-0.5747,1.0
2026-07-22 18:12,2026-W30,XLE,XLE260918C00065000,0,skip,,up,0.4231,0.4038,0.0846
2026-07-22 18:12,2026-W30,DUK,DUK260918C00130000,0,skip,,up,0.3654,0.3365,1.0
2026-07-22 18:12,2026-W30,C,C260814P00127000,0,skip,,vertical,-0.099,-0.125,0.1131
2026-07-22 18:12,2026-W30,SPY,SPY260723P00748000,0,skip,,up,2.9401,2.9378,0.0069
2026-07-22 18:12,2026-W30,UNH,UNH261120C00560000,0,skip,,vertical,-0.3947,-0.4342,0.0753
2026-07-22 18:12,2026-W30,EWZ,EWZ260821C00038500,0,skip,,down,-0.6889,-0.7222,0.3278
2026-07-22 18:12,2026-W30,ACI,ACI270115C00015000,0,skip,,down,-0.7,-0.7357,1.0
2026-07-22 18:12,2026-W30,ETHA,ETHA270115C00025000,0,skip,,vertical,-0.35,-0.475,0.1739
2026-07-22 18:12,2026-W30,IREN,IREN260918P00029000,0,skip,,vertical,0.1557,0.1522,0.0247
2026-07-22 18:12,2026-W30,DHI,DHI260731P00143000,0,skip,,down,-0.8865,-0.9541,0.5
2026-07-22 18:12,2026-W30,SQQQ,SQQQ260731C00044000,0,skip,,up,0.5408,0.5306,0.125
2026-07-22 18:12,2026-W30,AR,AR270115C00040000,0,skip,,down,-0.6391,-0.6609,1.0
2026-07-22 18:12,2026-W30,CNMD,CNMD260918P00040000,0,skip,,down,-1.0,-1.087,1.0
2026-07-22 18:12,2026-W30,SNDK,SNDK260731P01390000,0,skip,,vertical,-0.0211,-0.0271,0.0126
2026-07-22 18:20,2026-W30,NOK,NOK270617C00015000,0,skip,,vertical,-0.3977,-0.4091,0.1347
2026-07-22 18:20,2026-W30,CSCO,CSCO260814C00121000,0,skip,,down,-0.6492,-0.7031,0.1465
2026-07-22 18:20,2026-W30,NOW,NOW260724P00090000,0,skip,,down,-0.9,-0.9227,0.0482
2026-07-22 18:20,2026-W30,PLTR,PLTR260724P00126000,0,skip,,up,0.3299,0.3104,0.0425
2026-07-22 18:20,2026-W30,BX,BX260724P00125000,0,skip,,down,-0.6315,-0.7045,0.3419
2026-07-22 18:20,2026-W30,BIDU,BIDU260918C00125000,0,skip,,vertical,-0.3383,-0.363,0.1127
2026-07-22 18:20,2026-W30,VST,VST260918P00130000,0,skip,,vertical,-0.2,-0.2405,0.2236
2026-07-22 18:20,2026-W30,QQQI,QQQI260821C00056000,0,skip,,down,-0.7,-0.825,1.0
2026-07-22 18:20,2026-W30,VTRS,VTRS260821P00017000,0,skip,,down,-0.64,-0.7067,0.5
2026-07-22 18:20,2026-W30,WEAT,WEAT260821C00025000,0,skip,,down,-0.5879,-0.6182,0.2641
2026-07-22 18:20,2026-W30,GLD,GLD260724P00382000,0,skip,,up,1.4556,1.4486,0.0526
2026-07-22 18:20,2026-W30,BTDR,BTDR260918C00015000,0,skip,,vertical,-0.3818,-0.4121,1.0
2026-07-22 18:20,2026-W30,BABA,BABA260807P00112000,0,skip,,up,0.3096,0.2887,0.0429
2026-07-22 18:20,2026-W30,IGV,IGV260724P00089000,0,skip,,down,-0.8,-0.8741,0.0833
2026-07-22 18:20,2026-W30,KWEB,KWEB261218C00029000,0,skip,,down,-0.9024,-0.9177,0.1084
2026-07-22 18:20,2026-W30,HIMS,HIMS260724P00035000,0,skip,,down,-1.0,-1.0132,0.1685
2026-07-22 18:32,2026-W30,SPY,SPY260722C00748000,0,skip,,vertical,-0.4729,-0.4806,0.0069
2026-07-22 18:32,2026-W30,QQQ,QQQ260722P00707000,0,skip,,vertical,0.596,0.5861,0.0122
2026-07-22 18:32,2026-W30,NBIS,NBIS260731P00140000,0,skip,,down,-0.563,-0.6167,0.0121
2026-07-22 18:32,2026-W30,IWM,IWM260918C00315000,0,skip,,vertical,-0.328,-0.3387,0.0333
2026-07-22 18:32,2026-W30,SPCX,SPCX260814C00200000,0,skip,,vertical,0.0231,-0.0346,0.0158
2026-07-22 18:32,2026-W30,ET,ET261016C00021000,0,skip,,down,-1.0,-1.07,1.0
2026-07-22 18:32,2026-W30,WULF,WULF260724C00020000,0,skip,,down,-0.5556,-0.5794,0.1117
2026-07-22 18:32,2026-W30,EQT,EQT260724C00052000,0,skip,,down,-0.7512,-0.7727,0.2017
2026-07-22 18:32,2026-W30,KRE,KRE261016P00070000,0,skip,,vertical,-0.0192,-0.0481,0.0846
2026-07-22 18:32,2026-W30,FCX,FCX260724C00068000,0,skip,,down,-0.7966,-0.8729,0.3333
2026-07-22 18:32,2026-W30,CHYM,CHYM260821C00022500,0,skip,,down,-0.5879,-0.603,1.0
2026-07-22 18:32,2026-W30,COIN,COIN260821C00250000,0,skip,,down,-0.8393,-0.8571,0.0454
2026-07-22 18:42,2026-W30,QQQ,QQQ260723P00700000,0,skip,,up,2.1848,2.1777,0.0119
2026-07-22 18:42,2026-W30,SPY,SPY260723C00748000,0,skip,,down,-0.9496,-0.9535,0.0069
2026-07-22 18:42,2026-W30,AI,AI260821C00008000,0,skip,,down,-0.9848,-1.0379,1.0
2026-07-22 18:42,2026-W30,SPY,SPY260724P00740000,0,skip,,up,3.023,3.0172,0.0069
2026-07-22 18:42,2026-W30,SPY,SPY260723P00744000,0,skip,,up,4.5806,4.5753,0.0069
2026-07-22 18:42,2026-W30,NFLX,NFLX270617C00100000,0,skip,,vertical,0.0083,-0.0333,0.0691
2026-07-22 18:42,2026-W30,CLF,CLF260821C00010500,0,skip,,up,1.0741,1.0185,0.2554
2026-07-22 18:42,2026-W30,IGV,IGV260724C00089000,0,skip,,down,-0.887,-0.9087,0.0833
2026-07-22 18:42,2026-W30,MS,MS260918C00240000,0,skip,,vertical,-0.3227,-0.356,0.0905
2026-07-22 18:42,2026-W30,RKLB,RKLB260724P00068000,0,skip,,up,0.6911,0.6707,0.1417
2026-07-22 18:42,2026-W30,GDX,GDX260821P00070000,0,skip,,up,0.3651,0.3492,0.1014
2026-07-22 18:42,2026-W30,VG,VG270115C00022500,0,skip,,vertical,-0.2783,-0.3217,0.1652
2026-07-22 18:42,2026-W30,BABA,BABA260821C00125000,0,skip,,vertical,-0.4836,-0.491,0.0436
2026-07-22 18:42,2026-W30,ENPH,ENPH260821C00045000,0,skip,,down,-0.6321,-0.6589,0.25
2026-07-22 18:42,2026-W30,ACHR,ACHR270115C00006000,0,skip,,down,-0.5146,-0.5291,0.3333
2026-07-22 18:42,2026-W30,EVER,EVER260821P00022500,0,skip,,down,-0.7103,-0.8828,0.522
2026-07-22 18:52,2026-W30,LCID,LCID270115P00008000,0,skip,,vertical,-0.1452,-0.1863,1.0
2026-07-22 18:52,2026-W30,BABA,BABA261016C00140000,0,skip,,vertical,-0.3949,-0.4203,0.0436
2026-07-22 18:52,2026-W30,PLTR,PLTR260724C00125000,0,skip,,up,0.3743,0.3663,0.0419
2026-07-22 18:52,2026-W30,NUAI,NUAI260918C00007500,0,skip,,down,-0.6783,-0.7217,0.5
2026-07-22 18:52,2026-W30,NBIS,NBIS260731P00100000,0,skip,,up,0.4627,0.2612,0.0129
2026-07-22 18:52,2026-W30,ZM,ZM260814P00084000,0,skip,,vertical,-0.3764,-0.4041,0.4776
2026-07-22 18:52,2026-W30,EWY,EWY260724P00168000,0,skip,,down,-0.6444,-0.7,0.1001
2026-07-22 18:52,2026-W30,CNC,CNC260814C00070000,0,skip,,down,-0.8118,-0.8469,0.1667
2026-07-22 19:03,2026-W30,ANGX,ANGX261016C00005000,0,skip,,down,-0.64,-0.74,1.0
2026-07-22 19:03,2026-W30,SPCX,SPCX260807C00152500,0,skip,,vertical,0.1423,0.1231,0.0158
2026-07-22 19:03,2026-W30,SOXL,SOXL260821P00070000,0,skip,,vertical,0.2229,0.1657,0.0335
2026-07-22 19:03,2026-W30,QQQ,QQQ260728P00670000,0,skip,,up,1.2022,1.191,0.0119
2026-07-22 19:03,2026-W30,GOOGL,GOOGL260724P00330000,0,skip,,up,0.32,0.3129,0.0305
2026-07-22 19:03,2026-W30,AAPL,AAPL260724C00325000,0,skip,,up,0.3472,0.3377,0.0554
2026-07-22 19:03,2026-W30,SPY,SPY260722C00749000,0,skip,,vertical,-0.5316,-0.538,0.0068
2026-07-22 19:03,2026-W30,UNP,UNP260724P00285000,0,skip,,down,-1.0,-1.0625,0.25
2026-07-22 19:03,2026-W30,GLD,GLD260729C00395000,0,skip,,down,-0.7541,-0.8361,0.0525
2026-07-22 19:03,2026-W30,CSCO,CSCO260821C00120000,0,skip,,vertical,0.0711,0.0513,0.1396
2026-07-22 19:03,2026-W30,CORZ,CORZ270115P00012000,0,skip,,vertical,-0.1429,-0.2308,0.7494
2026-07-22 19:03,2026-W30,SMH,SMH260722C00595000,0,skip,,down,-0.5062,-0.5988,0.0256
2026-07-22 19:03,2026-W30,ZS,ZS260821P00125000,0,skip,,vertical,-0.3313,-0.3687,0.2142
2026-07-22 19:03,2026-W30,TLT,TLT260805P00085000,0,skip,,vertical,0.0815,0.0707,0.0338
2026-07-22 19:03,2026-W30,TLT,TLT270115P00084000,0,skip,,vertical,0.0619,0.0584,0.0338
2026-07-22 19:03,2026-W30,TLT,TLT270115C00084000,0,skip,,vertical,-0.0588,-0.0633,0.0338
2026-07-22 19:03,2026-W30,ROL,ROL260821C00045000,0,skip,,down,-0.9739,-1.0391,1.0
2026-07-22 19:03,2026-W30,DOW,DOW260724P00030500,0,skip,,down,-0.5658,-0.6908,1.0
2026-07-22 19:12,2026-W30,SPCX,SPCX260724P00116000,0,skip,,up,0.3094,0.2932,0.0164
2026-07-22 19:12,2026-W30,QQQ,QQQ260730P00660000,0,skip,,up,0.8492,0.8413,0.0119
2026-07-22 19:12,2026-W30,PPC,PPC261218P00030000,0,skip,,vertical,-0.0974,-0.1368,0.7719
2026-07-22 19:12,2026-W30,NFLX,NFLX260821C00080000,0,skip,,vertical,0.0303,-0.0,0.069
2026-07-22 19:12,2026-W30,EQT,EQT260821C00054000,0,skip,,down,-1.0,-1.0198,0.2
2026-07-22 19:12,2026-W30,AMC,AMC260821C00002000,0,skip,,vertical,-0.0455,-0.0568,0.724
2026-07-22 19:12,2026-W30,XPEV,XPEV260814P00012000,0,skip,,down,-0.7111,-0.9111,0.5184
2026-07-22 19:12,2026-W30,AMAT,AMAT270115P00410000,0,skip,,vertical,-0.0396,-0.0562,0.0499
2026-07-22 19:22,2026-W30,SPY,SPY260724P00746000,0,skip,,up,2.3674,2.3651,0.0068
2026-07-22 19:22,2026-W30,GOOGL,GOOGL260724C00370000,0,skip,,down,-0.9872,-0.9957,0.0322
2026-07-22 19:22,2026-W30,AAL,AAL260821C00015500,0,skip,,down,-0.875,-0.9219,0.25
2026-07-22 19:22,2026-W30,HIMS,HIMS260807P00030000,0,skip,,down,-1.0,-1.0288,0.1667
2026-07-22 19:22,2026-W30,CEG,CEG260724P00270000,0,skip,,down,-0.6654,-0.8769,0.2464
2026-07-22 19:22,2026-W30,BMNR,BMNR260918C00020000,0,skip,,down,-0.543,-0.5497,0.0913
2026-07-22 19:22,2026-W30,PR,PR270115C00024000,0,skip,,down,-0.9769,-1.0346,1.0
2026-07-22 19:22,2026-W30,VST,VST260724P00165000,0,skip,,down,-0.56,-0.5822,0.2
2026-07-22 19:22,2026-W30,TLT,TLT280121C00100000,0,skip,,vertical,0.0211,0.0053,0.0338
2026-07-22 19:22,2026-W30,WULF,WULF270115C00032000,0,skip,,vertical,-0.2218,-0.2385,0.1105
2026-07-22 19:22,2026-W30,DFTX,DFTX260821C00050000,0,skip,,down,-0.5075,-0.5575,0.3333
2026-07-22 19:22,2026-W30,GDX,GDX270115C00110000,0,skip,,vertical,-0.2,-0.2691,0.0972
2026-07-22 19:22,2026-W30,UAL,UAL260821C00135000,0,skip,,down,-0.6312,-0.7057,0.3333
2026-07-22 19:22,2026-W30,META,META260731C00662500,0,skip,,down,-0.5109,-0.5242,0.0594
2026-07-22 19:32,2026-W30,ESTC,ESTC260821C00060000,0,skip,,vertical,-0.157,-0.2139,1.0
2026-07-22 19:32,2026-W30,QQQ,QQQ260722C00705000,0,skip,,vertical,-0.4491,-0.4509,0.0117
2026-07-22 19:32,2026-W30,XLV,XLV260821C00165000,0,skip,,up,0.4579,0.3785,0.3331
2026-07-22 19:32,2026-W30,BNO,BNO260821P00051500,0,skip,,down,-0.5462,-0.559,0.25
2026-07-22 19:32,2026-W30,ARM,ARM260724P00257500,0,skip,,down,-0.5306,-0.5592,0.0596
2026-07-22 19:32,2026-W30,XYZ,XYZ260724P00078000,0,skip,,down,-0.6788,-0.6909,0.121
2026-07-22 19:32,2026-W30,ASTS,ASTS260724P00059000,0,skip,,up,0.6598,0.6392,0.0723
2026-07-22 19:32,2026-W30,LYFT,LYFT260821P00015000,0,skip,,up,0.3099,0.3028,1.0
2026-07-22 19:32,2026-W30,XYZ,XYZ260724C00077000,0,skip,,down,-0.5628,-0.7387,0.1111
2026-07-22 19:32,2026-W30,EVER,EVER260821P00025000,0,skip,,down,-0.51,-0.6683,0.7872
2026-07-22 19:32,2026-W30,VG,VG260724C00014000,0,skip,,up,0.3524,0.2571,0.1255
2026-07-22 19:32,2026-W30,CRWV,CRWV260724P00080000,0,skip,,down,-0.5875,-0.6031,0.0502
2026-07-22 19:43,2026-W30,MRVL,MRVL260724C00220000,0,skip,,down,-0.5524,-0.5821,0.0312
2026-07-22 19:43,2026-W30,SMCI,SMCI260807C00032000,0,skip,,vertical,-0.3463,-0.4073,0.0626
2026-07-22 19:43,2026-W30,NVDA,NVDA260724C00217500,0,skip,,down,-0.6064,-0.617,0.0185
2026-07-22 19:43,2026-W30,DRAM,DRAM260731P00050000,0,skip,,vertical,0.2353,0.2169,0.0486
2026-07-22 19:43,2026-W30,AMD,AMD260722C00555000,0,skip,,vertical,-0.7074,-0.7722,0.0222
2026-07-22 19:43,2026-W30,SPCX,SPCX260821C00155000,0,skip,,vertical,0.1184,0.0921,0.0158
2026-07-22 19:43,2026-W30,MSFT,MSFT260724C00397500,0,skip,,down,-0.5697,-0.5797,0.0322
2026-07-22 19:43,2026-W30,IBM,IBM260724P00192500,0,skip,,down,-0.995,-1.035,0.0771
2026-07-22 19:43,2026-W30,ORCL,ORCL260724C00132000,0,skip,,down,-0.6822,-0.7196,0.0278
2026-07-22 19:43,2026-W30,MO,MO260918P00070000,0,skip,,vertical,-0.194,-0.2112,0.4386
2026-07-22 19:43,2026-W30,OXY,OXY270617C00080000,0,skip,,vertical,-0.2137,-0.2319,0.3906
2026-07-22 19:43,2026-W30,STUB,STUB260807C00009000,0,skip,,down,-0.5818,-0.7182,0.5062
2026-07-22 19:43,2026-W30,OPEN,OPEN260814P00005000,0,skip,,up,0.4625,0.4438,0.9944
2026-07-22 19:43,2026-W30,SPXS,SPXS260821P00028000,0,skip,,down,-0.5866,-0.6437,0.3671
2026-07-22 19:43,2026-W30,MSTR,MSTR260731C00110000,0,skip,,down,-0.585,-0.5925,0.0476
2026-07-22 19:52,2026-W30,GOOG,GOOG260724P00330000,0,skip,,up,1.4825,1.4637,0.0833
2026-07-22 19:52,2026-W30,SPCX,SPCX260731P00110000,0,skip,,up,0.325,0.3125,0.0176
2026-07-22 19:52,2026-W30,NVDA,NVDA260918P00175000,0,skip,,vertical,0.1882,0.176,0.0165
2026-07-22 19:52,2026-W30,NVDA,NVDA260821P00190000,0,skip,,up,0.3983,0.3896,0.0187
2026-07-22 19:52,2026-W30,XPEV,XPEV260918C00014000,0,skip,,vertical,-0.3814,-0.4072,0.3739
2026-07-22 19:52,2026-W30,PLTR,PLTR260821P00110000,0,skip,,vertical,-0.0514,-0.0716,0.0398
2026-07-22 19:52,2026-W30,SPY,SPY260724P00747000,0,skip,,up,2.188,2.182,0.0068
2026-07-22 19:52,2026-W30,HD,HD260724C00332500,0,skip,,down,-1.0,-1.0385,0.3333
2026-07-22 19:52,2026-W30,HPE,HPE260828C00055000,0,skip,,down,-0.9959,-1.0581,0.5
2026-07-22 19:52,2026-W30,TQQQ,TQQQ260807P00068000,0,skip,,up,0.3211,0.2197,0.0629
2026-07-22 19:52,2026-W30,TMUS,TMUS270115C00250000,0,skip,,down,-0.9784,-1.073,0.3328
2026-07-22 19:52,2026-W30,BUG,BUG270115C00040000,0,skip,,vertical,-0.141,-0.2308,1.0
2026-07-22 19:52,2026-W30,BABA,BABA260724C00120000,0,skip,,down,-0.6866,-0.709,0.0417
2026-07-22 19:52,2026-W30,FTAI,FTAI260918C00400000,0,skip,,down,-1.0,-1.15,0.5
2026-07-22 19:52,2026-W30,AOS,AOS260918P00060000,0,skip,,down,-0.52,-0.57,0.5
2026-07-22 19:52,2026-W30,CRDO,CRDO260724C00245000,0,skip,,down,-0.6767,-0.7433,0.2
2026-07-22 19:52,2026-W30,CSTM,CSTM261120C00038000,0,skip,,down,-0.8875,-0.95,1.0
2026-07-22 19:52,2026-W30,MSTR,MSTR260724C00100000,0,skip,,down,-0.6236,-0.6494,0.0476
2026-07-22 19:52,2026-W30,CEG,CEG260918C00330000,0,skip,,vertical,-0.1852,-0.2016,0.2135
2026-07-22 19:56,2026-W30,QQQ,QQQ260724P00690000,0,skip,,up,1.2829,1.2664,0.0119
2026-07-22 19:56,2026-W30,NVDA,NVDA260724P00210000,0,skip,,up,0.41,0.4075,0.0185
2026-07-22 19:56,2026-W30,AAPL,AAPL260722P00330000,0,skip,,vertical,0.1217,0.0928,0.0526
2026-07-22 19:56,2026-W30,IBM,IBM260724C00215000,0,skip,,down,-0.9263,-0.9329,0.0769
2026-07-22 19:56,2026-W30,SPY,SPY260722P00747000,0,skip,,vertical,0.2239,0.2164,0.0065
2026-07-22 19:56,2026-W30,STUB,STUB260821C00008500,0,skip,,vertical,-0.3909,-0.4364,0.8174
2026-07-22 19:56,2026-W30,CLF,CLF260731C00009500,0,skip,,up,1.3846,1.3692,0.25
2026-07-23 13:32,2026-W30,XLP,XLP260821P00080000,1,skip,,down,-0.8166,-1.2509,0.3333
2026-07-23 13:32,2026-W30,SPY,SPY260724P00740000,0,skip,,up,0.3526,0.3485,0.0091
2026-07-23 13:32,2026-W30,SPY,SPY260918P00650000,0,skip,,vertical,-0.1254,-0.1311,0.0073
2026-07-23 13:32,2026-W30,SPY,SPY260728P00720000,0,skip,,up,0.41,0.4,0.0092
2026-07-23 13:32,2026-W30,SPY,SPY260723P00740000,0,skip,,down,-0.5643,-0.575,0.0081
2026-07-23 13:32,2026-W30,TQQQ,TQQQ260731C00068500,0,skip,,down,-0.5606,-0.6515,0.0593
2026-07-23 13:32,2026-W30,NOW,NOW260724C00100000,0,skip,,down,-0.6545,-0.7114,0.0526
2026-07-23 13:32,2026-W30,NBIS,NBIS260724P00180000,0,skip,,down,-0.6303,-0.7227,0.012
2026-07-23 13:32,2026-W30,XLE,XLE260918C00065000,0,skip,,vertical,-0.1619,-0.1857,0.0721
2026-07-23 13:32,2026-W30,MSTR,MSTR260724C00096000,0,skip,,down,-0.6042,-0.6615,0.0629
2026-07-23 13:32,2026-W30,GLD,GLD260731C00380000,0,skip,,vertical,-0.456,-0.514,0.0388
2026-07-23 13:32,2026-W30,XLP,XLP260731P00083000,0,skip,,down,-0.65,-0.975,0.3642
2026-07-23 13:32,2026-W30,GOOG,GOOG260724P00330000,0,skip,,up,0.4409,0.3955,0.1712
2026-07-23 13:43,2026-W30,IWM,IWM260821P00280000,0,skip,,vertical,-0.0068,-0.0187,0.0343
2026-07-23 13:43,2026-W30,GOOGL,GOOGL260731C00335000,0,skip,,down,-0.51,-0.5267,0.0815
2026-07-23 13:43,2026-W30,AAPL,AAPL260724C00322500,0,skip,,down,-0.533,-0.5551,0.0609
2026-07-23 13:43,2026-W30,IWM,IWM260731P00286000,0,skip,,up,0.3882,0.3676,0.0401
2026-07-23 13:43,2026-W30,QQQ,QQQ260731P00670000,0,skip,,up,0.309,0.299,0.0184
2026-07-23 13:43,2026-W30,SPY,SPY260724C00744000,0,skip,,down,-0.5049,-0.5097,0.0092
2026-07-23 13:43,2026-W30,HUT,HUT260731C00141000,0,skip,,down,-0.9811,-1.283,0.206
2026-07-23 13:43,2026-W30,TXN,TXN260821C00350000,0,skip,,down,-0.5796,-0.7035,0.0485
2026-07-23 13:43,2026-W30,DRAM,DRAM260731P00056000,0,skip,,up,0.3933,0.3483,0.0439
2026-07-23 13:43,2026-W30,AFRM,AFRM260821C00095000,0,skip,,down,-0.5,-0.625,1.0
2026-07-23 13:43,2026-W30,FRO,FRO260918C00040000,0,skip,,vertical,0.1067,0.0844,0.5432
2026-07-23 13:43,2026-W30,WULF,WULF260821C00030000,0,skip,,down,-0.5,-0.5294,0.1111
2026-07-23 13:43,2026-W30,MSTR,MSTR260724C00100000,0,skip,,down,-0.6235,-0.6471,0.0636
2026-07-23 13:51,2026-W30,NVDA,NVDA260821C00225000,0,skip,,vertical,-0.229,-0.2362,0.0153
2026-07-23 13:51,2026-W30,IWM,IWM260805C00296000,0,skip,,vertical,-0.3258,-0.3483,0.0343
2026-07-23 13:51,2026-W30,QQQ,QQQ260723P00695000,0,skip,,up,0.362,0.353,0.0189
2026-07-23 13:51,2026-W30,EWY,EWY260821C00210000,0,skip,,down,-0.5302,-0.6233,0.095
2026-07-23 13:51,2026-W30,SPY,SPY260723P00741000,0,skip,,up,0.3333,0.3292,0.0093
2026-07-23 13:51,2026-W30,BE,BE260731C00370000,0,skip,,down,-0.6162,-0.7778,0.0236
2026-07-23 13:51,2026-W30,TLT,TLT261016C00085000,0,skip,,vertical,0.0108,-0.0,0.034
2026-07-23 14:02,2026-W30,SMCI,SMCI260821P00031000,1,skip,,vertical,-0.0657,-0.1296,0.0569
2026-07-23 14:02,2026-W30,QQQ,QQQ260723P00696000,0,skip,,up,0.4167,0.4125,0.0195
2026-07-23 14:02,2026-W30,NOK,NOK260918P00011000,0,skip,,up,0.3095,0.3065,0.1257
2026-07-23 14:02,2026-W30,BA,BA260821C00230000,0,skip,,vertical,-0.1639,-0.2,0.072
2026-07-23 14:02,2026-W30,PLTR,PLTR261120C00230000,0,skip,,vertical,-0.2687,-0.3375,0.0386
2026-07-23 14:02,2026-W30,MARA,MARA260731P00014500,0,skip,,vertical,-0.0948,-0.2038,0.1207
2026-07-23 14:02,2026-W30,GLW,GLW260731P00135000,0,skip,,up,0.3165,0.2433,0.1092
2026-07-23 14:02,2026-W30,SMCI,SMCI260724P00033000,0,skip,,up,0.3214,0.2857,0.0667
2026-07-23 14:02,2026-W30,CSX,CSX260821P00050000,0,skip,,vertical,-0.4923,-0.6077,0.3008
2026-07-23 14:02,2026-W30,SMCI,SMCI260807C00035000,0,skip,,down,-0.6733,-0.77,0.0542
2026-07-23 14:02,2026-W30,SPY,SPY260723C00741000,0,skip,,down,-0.5646,-0.5714,0.0095
2026-07-23 14:02,2026-W30,APP,APP260731C00495000,0,skip,,down,-0.7889,-0.9972,0.1429
2026-07-23 14:02,2026-W30,ETHA,ETHA270115P00014000,0,skip,,vertical,-0.09,-0.1275,0.1776
2026-07-23 14:02,2026-W30,RBRK,RBRK260821C00100000,0,skip,,down,-0.5077,-0.7769,1.0
2026-07-23 14:02,2026-W30,ZIM,ZIM260821C00026000,0,skip,,down,-0.5385,-0.6951,1.0
2026-07-23 14:02,2026-W30,SLV,SLV260821C00057000,0,skip,,vertical,-0.0734,-0.1147,0.0448
2026-07-23 14:02,2026-W30,UTI,UTI260821C00042500,0,skip,,up,0.37,0.22,1.0
2026-07-23 14:02,2026-W30,XLE,XLE261218C00062500,0,skip,,vertical,-0.0954,-0.1185,0.0713
2026-07-23 14:02,2026-W30,NEXT,NEXT260821C00008000,0,skip,,down,-1.0,-1.1429,1.0
2026-07-23 14:02,2026-W30,GLD,GLD260821C00390000,0,skip,,vertical,-0.1152,-0.1379,0.0385
2026-07-23 14:11,2026-W30,NOK,NOK260821C00010500,1,skip,,down,-0.6265,-0.6441,0.1215
2026-07-23 14:11,2026-W30,XLE,XLE260731C00058000,0,skip,,vertical,-0.2578,-0.2656,0.0711
2026-07-23 14:11,2026-W30,SPY,SPY260727P00720000,0,skip,,up,0.4769,0.4615,0.0096
2026-07-23 14:11,2026-W30,MSFT,MSFT260727P00380000,0,skip,,up,0.7448,0.7293,0.0305
2026-07-23 14:11,2026-W30,NOK,NOK260821C00010000,0,skip,,down,-0.5068,-0.5205,0.1285
2026-07-23 14:11,2026-W30,DIA,DIA260821C00529000,0,skip,,vertical,0.0688,0.0344,0.1384
2026-07-23 14:11,2026-W30,CLSK,CLSK260807P00015500,0,skip,,up,0.312,0.272,0.1623
2026-07-23 14:11,2026-W30,HYG,HYG260821P00079000,0,skip,,down,-0.7111,-0.7444,0.2902
2026-07-23 14:21,2026-W30,AAL,AAL260821P00013000,1,skip,,down,-0.5055,-0.5839,0.5
2026-07-23 14:21,2026-W30,QQQ,QQQ260723P00691000,0,skip,,up,0.338,0.331,0.0189
2026-07-23 14:21,2026-W30,MSFT,MSFT260821C00480000,0,skip,,vertical,-0.2766,-0.3262,0.025
2026-07-23 14:21,2026-W30,EXP,EXP260821C00220000,0,skip,,down,-0.6349,-0.9488,1.0
2026-07-23 14:21,2026-W30,TSLL,TSLL260807C00008000,0,skip,,down,-0.5,-0.527,1.0
2026-07-23 14:21,2026-W30,KHC,KHC260821P00025500,0,skip,,vertical,-0.233,-0.3738,0.2156
2026-07-23 14:21,2026-W30,RIVN,RIVN260731C00018000,0,skip,,down,-0.5098,-0.5196,0.2476
2026-07-23 14:21,2026-W30,AAL,AAL260821P00015000,0,skip,,vertical,-0.3841,-0.3963,0.2781
2026-07-23 14:21,2026-W30,EOSE,EOSE280121C00005000,0,skip,,vertical,-0.1385,-0.1564,0.3023
2026-07-23 14:21,2026-W30,IGV,IGV260821C00100000,0,skip,,down,-1.0,-1.05,0.0858
2026-07-23 14:21,2026-W30,MP,MP260821C00060000,0,skip,,down,-0.5833,-0.675,1.0
2026-07-23 14:21,2026-W30,CBRG,CBRG260821P00005000,0,skip,,vertical,-0.0214,-0.0393,1.0
2026-07-23 14:21,2026-W30,AA,AA260821C00055000,0,skip,,down,-0.7885,-0.8846,0.2036
2026-07-23 14:21,2026-W30,IONQ,IONQ260918C00055000,0,skip,,vertical,-0.3279,-0.4303,0.1493
2026-07-23 14:21,2026-W30,ETHA,ETHA260821P00015000,0,skip,,vertical,0.0684,0.0598,0.178
2026-07-23 14:21,2026-W30,KHC,KHC260821P00025000,0,skip,,vertical,-0.127,-0.1825,0.2156
2026-07-23 14:21,2026-W30,USO,USO261218P00100000,0,skip,,vertical,0.0722,0.0704,0.0471
2026-07-23 14:21,2026-W30,TROX,TROX260821P00006000,0,skip,,down,-1.0,-1.1667,1.0
2026-07-23 14:21,2026-W30,TLT,TLT270115P00083000,0,skip,,vertical,-0.0373,-0.0429,0.0338
2026-07-23 14:21,2026-W30,BABA,BABA261218C00145000,0,skip,,vertical,-0.2625,-0.2893,0.0446
2026-07-23 14:32,2026-W30,EWZ,EWZ260821C00038000,1,skip,,down,-0.5954,-0.604,0.2
2026-07-23 14:32,2026-W30,AMZN,AMZN260731C00250000,0,skip,,vertical,-0.3378,-0.3581,0.044
2026-07-23 14:32,2026-W30,TSLA,TSLA260724P00320000,0,skip,,up,0.3861,0.3722,0.0328
2026-07-23 14:32,2026-W30,SPY,SPY260731P00716000,0,skip,,up,0.3626,0.3571,0.0093
2026-07-23 14:32,2026-W30,EWZ,EWZ260821C00039000,0,skip,,down,-0.7429,-0.7714,0.1761
2026-07-23 14:32,2026-W30,SOFI,SOFI260821C00020000,0,skip,,vertical,-0.2368,-0.25,0.0581
2026-07-23 14:32,2026-W30,SPY,SPY260724P00739000,0,skip,,up,0.5919,0.5882,0.0093
2026-07-23 14:32,2026-W30,GOOGL,GOOGL260727C00325000,0,skip,,down,-0.7182,-0.7364,0.0738
2026-07-23 14:32,2026-W30,OXY,OXY260821C00058000,0,skip,,vertical,-0.325,-0.3484,0.3207
2026-07-23 14:32,2026-W30,ACAD,ACAD261016C00027000,0,skip,,down,-0.9083,-1.1792,1.0
2026-07-23 14:32,2026-W30,KWEB,KWEB260918P00024000,0,skip,,vertical,-0.1961,-0.2255,0.1055
2026-07-23 14:32,2026-W30,IGV,IGV260821P00080000,0,skip,,down,-1.0,-1.075,0.0857
2026-07-23 14:32,2026-W30,BX,BX260731C00125000,0,skip,,up,0.3077,0.2564,0.5681
2026-07-23 14:32,2026-W30,XPEV,XPEV260918C00014000,0,skip,,vertical,-0.3023,-0.3372,0.2765
2026-07-23 14:32,2026-W30,SLV,SLV260731P00052000,0,skip,,vertical,-0.2913,-0.3031,0.0445
2026-07-23 14:32,2026-W30,XLU,XLU260731C00046000,0,skip,,up,0.4,0.3818,0.2643
2026-07-23 14:32,2026-W30,BBY,BBY260821P00082500,0,skip,,down,-0.5022,-0.5467,1.0
2026-07-23 14:32,2026-W30,OPEN,OPEN270115C00004000,0,skip,,vertical,-0.1695,-0.2585,0.3444
2026-07-23 14:42,2026-W30,LUV,LUV260821C00047500,1,skip,,down,-0.5299,-0.5987,0.5
2026-07-23 14:42,2026-W30,SPY,SPY260724C00742000,0,skip,,down,-0.5102,-0.5143,0.0093
2026-07-23 14:42,2026-W30,AAPL,AAPL260724P00322500,0,skip,,up,0.4141,0.3987,0.0588
2026-07-23 14:42,2026-W30,NVDA,NVDA260724C00207500,0,skip,,down,-0.6065,-0.6355,0.0157
2026-07-23 14:42,2026-W30,LUV,LUV260918C00050000,0,skip,,down,-1.0,-1.0327,0.9715
2026-07-23 14:42,2026-W30,APPN,APPN261120P00022500,0,skip,,vertical,-0.2375,-0.275,0.5
2026-07-23 14:42,2026-W30,SPY,SPY260723C00740000,0,skip,,down,-0.5,-0.5025,0.009
2026-07-23 14:42,2026-W30,QQQ,QQQ260723C00696000,0,skip,,down,-0.6449,-0.6531,0.0189
2026-07-23 14:42,2026-W30,SHIP,SHIP260821C00016000,0,skip,,down,-0.52,-0.92,1.0
2026-07-23 14:42,2026-W30,ALLE,ALLE260821C00160000,0,skip,,down,-0.6024,-0.8345,1.0
2026-07-23 14:42,2026-W30,IGV,IGV260731P00087000,0,skip,,down,-0.9829,-1.04,0.0856
2026-07-23 14:42,2026-W30,AAL,AAL260731C00014000,0,skip,,down,-0.5714,-0.6429,0.4969
2026-07-23 14:51,2026-W30,OPEN,OPEN260821C00004000,1,skip,,down,-0.6167,-0.6741,0.3291
2026-07-23 14:51,2026-W30,ORCL,ORCL260918C00160000,0,skip,,vertical,-0.3289,-0.3553,0.0206
2026-07-23 14:51,2026-W30,SPY,SPY260729P00720000,0,skip,,up,0.3451,0.338,0.0093
2026-07-23 14:51,2026-W30,OPEN,OPEN280121C00010000,0,skip,,vertical,-0.0792,-0.104,0.3407
2026-07-23 14:51,2026-W30,DIS,DIS260821P00091000,0,skip,,down,-0.5054,-0.5307,0.2052
2026-07-23 14:51,2026-W30,AMZN,AMZN260727C00235000,0,skip,,down,-0.5492,-0.5738,0.0438
2026-07-23 14:51,2026-W30,SPY,SPY260807P00711000,0,skip,,vertical,-0.2508,-0.2574,0.0072
2026-07-23 14:51,2026-W30,QQQ,QQQ260731P00658000,0,skip,,up,0.3125,0.3059,0.0203
2026-07-23 14:51,2026-W30,ORCL,ORCL260724C00124000,0,skip,,down,-0.5374,-0.551,0.0248
2026-07-23 14:51,2026-W30,NEM,NEM260731C00096000,0,skip,,down,-0.6632,-0.6993,0.2842
2026-07-23 14:51,2026-W30,GM,GM260724P00080000,0,skip,,down,-0.52,-0.635,0.2983
2026-07-23 14:51,2026-W30,SPXS,SPXS260731C00025000,0,skip,,down,-0.688,-0.77,0.2547
2026-07-23 14:51,2026-W30,XLU,XLU260724C00045500,0,skip,,vertical,-0.3067,-0.34,0.2742
2026-07-23 14:51,2026-W30,ASTS,ASTS260821C00100000,0,skip,,vertical,-0.4756,-0.5366,0.0849
2026-07-23 14:51,2026-W30,DRAM,DRAM260724P00058500,0,skip,,up,0.5952,0.5685,0.0433
2026-07-23 14:51,2026-W30,VEEV,VEEV260821P00175000,0,skip,,vertical,-0.41,-0.5886,0.2768
2026-07-23 15:01,2026-W30,LYFT,LYFT260821P00013000,1,skip,,down,-0.5063,-0.5513,0.3333
2026-07-23 15:01,2026-W30,SPY,SPY260727C00742000,0,skip,,down,-0.537,-0.5407,0.0074
2026-07-23 15:01,2026-W30,LYFT,LYFT260918P00012000,0,skip,,down,-0.5,-0.7171,0.9011
2026-07-23 15:01,2026-W30,XOM,XOM261016C00180000,0,skip,,vertical,-0.1277,-0.1596,0.2035
2026-07-23 15:01,2026-W30,SPY,SPY260724C00739000,0,skip,,down,-0.6768,-0.6785,0.0074
2026-07-23 15:01,2026-W30,MDT,MDT260821C00082500,0,skip,,vertical,-0.0774,-0.1145,0.5
2026-07-23 15:01,2026-W30,QQQ,QQQ260723P00686000,0,skip,,up,0.6479,0.6197,0.0214
2026-07-23 15:01,2026-W30,GOOG,GOOG260731C00335000,0,skip,,vertical,-0.4237,-0.4548,0.0797
2026-07-23 15:01,2026-W30,CRWV,CRWV260724C00082000,0,skip,,down,-0.9389,-0.9563,0.0506
2026-07-23 15:01,2026-W30,TLT,TLT260828C00084000,0,skip,,vertical,-0.0685,-0.0753,0.0337
2026-07-23 15:01,2026-W30,W,W260731P00080000,0,skip,,down,-0.5486,-0.6027,0.2135
2026-07-23 15:01,2026-W30,SQQQ,SQQQ260814P00043000,0,skip,,vertical,-0.3333,-0.3485,0.2565
2026-07-23 15:01,2026-W30,ONDS,ONDS260807P00008500,0,skip,,vertical,-0.0404,-0.0657,0.2282
2026-07-23 15:01,2026-W30,LYFT,LYFT260731P00015000,0,skip,,down,-0.6415,-0.6667,0.484
2026-07-23 15:01,2026-W30,TLT,TLT260821P00082500,0,skip,,vertical,-0.2317,-0.2378,0.0337
2026-07-23 15:01,2026-W30,DOCN,DOCN260724C00146000,0,skip,,down,-0.68,-0.8467,0.5
2026-07-23 15:01,2026-W30,ASTS,ASTS260731C00070000,0,skip,,down,-0.52,-0.5867,0.0829
2026-07-23 15:11,2026-W30,IBIT,IBIT260821C00038000,1,skip,,down,-0.5148,-0.5448,0.0394
2026-07-23 15:11,2026-W30,IBIT,IBIT261016C00040000,0,skip,,vertical,-0.1728,-0.1914,0.0403
2026-07-23 15:11,2026-W30,FIVN,FIVN261016C00022500,0,skip,,vertical,0.0156,-0.0156,1.0
2026-07-23 15:11,2026-W30,QQQ,QQQ260723P00690000,0,skip,,up,0.3677,0.3632,0.02
2026-07-23 15:11,2026-W30,META,META260724C00612500,0,skip,,up,0.5509,0.5113,0.075
2026-07-23 15:11,2026-W30,SPY,SPY260724P00737000,0,skip,,down,-0.5974,-0.6006,0.0074
2026-07-23 15:11,2026-W30,CSX,CSX270319P00045000,0,skip,,vertical,-0.2129,-0.2774,0.2729
2026-07-23 15:11,2026-W30,ASTS,ASTS260724C00056000,0,skip,,up,0.3846,0.359,0.0777
2026-07-23 15:11,2026-W30,DVN,DVN260821C00048000,0,skip,,down,-0.9927,-1.0146,0.1349
2026-07-23 15:11,2026-W30,GLD,GLD260729P00371000,0,skip,,vertical,-0.2597,-0.2922,0.0376
2026-07-23 15:11,2026-W30,SSRM,SSRM261218C00030000,0,skip,,vertical,-0.0914,-0.1343,1.0
2026-07-23 15:21,2026-W30,SLV,SLV260821P00050000,1,skip,,down,-0.5272,-0.5332,0.0436
2026-07-23 15:21,2026-W30,QQQ,QQQ260723C00690000,0,skip,,up,0.41,0.387,0.0188
2026-07-23 15:21,2026-W30,IWM,IWM260821P00276000,0,skip,,vertical,-0.1716,-0.1847,0.034
2026-07-23 15:21,2026-W30,IWM,IWM260821P00278000,0,skip,,vertical,-0.1595,-0.1611,0.034
2026-07-23 15:21,2026-W30,LBRT,LBRT260821P00021000,0,skip,,up,0.4833,0.3167,1.0
2026-07-23 15:21,2026-W30,NOK,NOK261120P00007000,0,skip,,down,-0.68,-0.83,0.1108
2026-07-23 15:21,2026-W30,AVGO,AVGO260727C00400000,0,skip,,down,-0.9785,-1.0185,0.0517
2026-07-23 15:21,2026-W30,SLV,SLV270115P00046000,0,skip,,vertical,-0.073,-0.0889,0.044
2026-07-23 15:21,2026-W30,QQQ,QQQ260731P00653000,0,skip,,down,-0.5168,-0.5218,0.0131
2026-07-23 15:21,2026-W30,PBF,PBF260821C00070000,0,skip,,vertical,-0.3667,-0.4222,0.1626
2026-07-23 15:21,2026-W30,UNH,UNH260821C00455000,0,skip,,vertical,-0.2412,-0.2779,0.0811
2026-07-23 15:21,2026-W30,MPC,MPC270115P00165000,0,skip,,down,-0.9739,-1.2565,0.2593
2026-07-23 15:21,2026-W30,SOXL,SOXL260724P00140000,0,skip,,down,-0.6441,-0.7147,0.0337
2026-07-23 15:21,2026-W30,CRCL,CRCL260821C00090000,0,skip,,down,-0.9754,-1.0656,0.105
2026-07-23 15:21,2026-W30,GDDY,GDDY260821P00081000,0,skip,,down,-0.5229,-0.5514,0.5
2026-07-23 15:21,2026-W30,GDDY,GDDY260821P00082000,0,skip,,down,-0.7897,-0.8154,0.895
2026-07-23 15:21,2026-W30,ASTS,ASTS270319C00190000,0,skip,,vertical,-0.1662,-0.2085,0.0849
2026-07-23 15:21,2026-W30,QS,QS270115C00005000,0,skip,,vertical,-0.1643,-0.1893,1.0
2026-07-23 15:32,2026-W30,BSX,BSX260821C00045000,1,skip,,down,-0.7615,-0.7835,0.3549
2026-07-23 15:32,2026-W30,SOFI,SOFI260918C00015000,0,skip,,vertical,-0.0667,-0.0725,0.0573
2026-07-23 15:32,2026-W30,DELL,DELL260731P00375000,0,skip,,down,-0.5615,-0.6064,0.0528
2026-07-23 15:32,2026-W30,C,C260918C00145000,0,skip,,vertical,-0.1067,-0.132,0.103
2026-07-23 15:32,2026-W30,QQQ,QQQ260723C00691000,0,skip,,up,0.8148,0.8037,0.0188
2026-07-23 15:32,2026-W30,CCXI,CCXI260918P00015000,0,skip,,down,-0.5692,-0.6846,1.0
2026-07-23 15:32,2026-W30,BSX,BSX260821C00043000,0,skip,,down,-0.6871,-0.7194,0.3549
2026-07-23 15:32,2026-W30,ASX,ASX260918P00030000,0,skip,,down,-0.7235,-0.7824,0.3333
2026-07-23 15:32,2026-W30,RGTI,RGTI280121P00010000,0,skip,,vertical,-0.0935,-0.1532,0.5442
2026-07-23 15:32,2026-W30,SBUX,SBUX260821P00100000,0,skip,,vertical,-0.2108,-0.2176,0.3509
2026-07-23 15:32,2026-W30,HIMS,HIMS260828C00046000,0,skip,,up,0.5826,0.4522,0.2658
2026-07-23 15:32,2026-W30,BIDU,BIDU260731C00110000,0,skip,,vertical,-0.492,-0.5615,0.1042
2026-07-23 15:32,2026-W30,FRMI,FRMI261120C00008000,0,skip,,up,0.3111,0.2926,0.589
2026-07-23 15:32,2026-W30,BMNR,BMNR260828P00016500,0,skip,,vertical,0.1125,0.0719,0.0745
2026-07-23 15:32,2026-W30,PZZA,PZZA261218C00040000,0,skip,,vertical,-0.227,-0.3622,1.0
2026-07-23 15:32,2026-W30,LI,LI260731P00012000,0,skip,,down,-0.5333,-0.6167,0.5
2026-07-23 15:32,2026-W30,HPQ,HPQ260821P00025500,0,skip,,down,-0.6686,-0.689,0.296
2026-07-23 15:32,2026-W30,MTDR,MTDR260821P00052500,0,skip,,down,-0.7704,-0.9185,1.0
2026-07-23 15:42,2026-W30,GOOG,GOOG260724C00325000,0,skip,,up,0.336,0.32,0.1305
2026-07-23 15:42,2026-W30,SPY,SPY260821P00681000,0,skip,,vertical,-0.2243,-0.2279,0.0071
2026-07-23 15:42,2026-W30,SPY,SPY260831P00669000,0,skip,,vertical,-0.204,-0.209,0.0071
2026-07-23 15:42,2026-W30,SPY,SPY260831P00670000,0,skip,,vertical,-0.2164,-0.2213,0.0071
2026-07-23 15:42,2026-W30,KRE,KRE261016P00070000,0,skip,,vertical,-0.173,-0.1973,0.0731
2026-07-23 15:42,2026-W30,PEP,PEP260807P00133000,0,skip,,down,-0.5025,-0.5423,0.2479
2026-07-23 15:42,2026-W30,SOXS,SOXS260724C00047000,0,skip,,up,0.3404,0.2638,0.0909
2026-07-23 15:42,2026-W30,WDAY,WDAY260731C00135000,0,skip,,up,0.325,0.2703,0.2461
2026-07-23 15:42,2026-W30,AVTR,AVTR261016C00012000,0,skip,,down,-1.0,-1.18,1.0
2026-07-23 15:52,2026-W30,HYG,HYG260821P00076000,1,skip,,down,-0.85,-1.05,0.3333
2026-07-23 15:52,2026-W30,SMH,SMH260731C00635000,0,skip,,down,-0.5726,-0.6342,0.0203
2026-07-23 15:52,2026-W30,SPY,SPY260821P00669000,0,skip,,vertical,-0.2685,-0.2731,0.0071
2026-07-23 15:52,2026-W30,IBIT,IBIT260918C00042000,0,skip,,vertical,-0.2241,-0.2414,0.0401
2026-07-23 15:52,2026-W30,SOFI,SOFI270617C00020000,0,skip,,vertical,-0.05,-0.0578,0.057
2026-07-23 15:52,2026-W30,UAL,UAL260821P00103000,0,skip,,down,-0.5455,-0.6304,0.2569
2026-07-23 15:52,2026-W30,QCOM,QCOM260724P00167500,0,skip,,down,-0.5527,-0.597,0.065
2026-07-23 15:52,2026-W30,GOOGL,GOOGL260724C00320000,0,skip,,down,-0.7485,-0.7636,0.0718
2026-07-23 15:52,2026-W30,COIN,COIN261120C00300000,0,skip,,vertical,-0.2818,-0.3273,0.0504
2026-07-23 15:52,2026-W30,CME,CME260821C00275000,0,skip,,down,-0.5061,-0.6727,0.5
2026-07-23 15:52,2026-W30,BHP,BHP260821P00082500,0,skip,,vertical,-0.0847,-0.1356,0.5
2026-07-23 15:52,2026-W30,AMT,AMT260821C00180000,0,skip,,down,-0.632,-0.822,1.0
2026-07-23 15:52,2026-W30,PYPL,PYPL260731C00060000,0,skip,,up,0.3235,0.2426,0.1271
2026-07-23 15:52,2026-W30,ACN,ACN260724C00138000,0,skip,,down,-0.5083,-0.6229,0.1667
2026-07-23 15:52,2026-W30,NUAI,NUAI260918C00010000,0,skip,,down,-0.6333,-0.8,0.5
2026-07-23 15:52,2026-W30,MCHP,MCHP260807C00100000,0,skip,,down,-0.8364,-1.0409,0.0671
2026-07-23 15:52,2026-W30,OKTA,OKTA260724C00139000,0,skip,,down,-0.5312,-0.6667,0.3163
2026-07-23 16:02,2026-W30,PYPL,PYPL260821C00058000,1,skip,,down,-0.5854,-0.809,0.1429
2026-07-23 16:02,2026-W30,IBIT,IBIT260821P00035000,0,skip,,vertical,0.0115,-0.0,0.04
2026-07-23 16:02,2026-W30,QQQ,QQQ260724P00680000,0,skip,,down,-0.6667,-0.6765,0.0129
2026-07-23 16:02,2026-W30,PFE,PFE270115P00024000,0,skip,,vertical,-0.1288,-0.1553,0.4962
2026-07-23 16:02,2026-W30,PYPL,PYPL260821C00060000,0,skip,,vertical,0.0077,-0.0538,0.1216
2026-07-23 16:02,2026-W30,VKTX,VKTX260918C00037500,0,skip,,down,-0.6306,-0.6659,0.5301
2026-07-23 16:02,2026-W30,KBR,KBR260918C00037500,0,skip,,down,-0.7171,-0.8024,1.0
2026-07-23 16:02,2026-W30,PLTR,PLTR260724P00122000,0,skip,,down,-0.5341,-0.554,0.0422
2026-07-23 16:02,2026-W30,GRPN,GRPN260821C00030000,0,skip,,vertical,-0.1767,-0.2233,1.0
2026-07-23 16:02,2026-W30,MTCH,MTCH260821C00042500,0,skip,,vertical,-0.2167,-0.3417,1.0
2026-07-23 16:02,2026-W30,XLY,XLY260918C00112500,0,skip,,down,-0.502,-0.6196,0.343
2026-07-23 16:02,2026-W30,AMPL,AMPL260821C00008000,0,skip,,vertical,-0.0267,-0.0933,0.637
2026-07-23 16:02,2026-W30,ONDS,ONDS270115C00007500,0,skip,,vertical,-0.0569,-0.0752,0.2183
2026-07-23 16:11,2026-W30,SPXS,SPXS260821P00026500,1,skip,,down,-0.6108,-0.8441,0.2
2026-07-23 16:11,2026-W30,DHR,DHR260724P00187500,0,skip,,down,-0.52,-0.62,0.3333
2026-07-23 16:11,2026-W30,SPXS,SPXS261016P00029000,0,skip,,vertical,-0.1415,-0.1841,0.4252
2026-07-23 16:11,2026-W30,CLX,CLX260918C00105000,0,skip,,vertical,-0.1947,-0.2605,0.1224
2026-07-23 16:11,2026-W30,SOFI,SOFI260731C00017000,0,skip,,vertical,-0.1216,-0.1419,0.0569
2026-07-23 16:11,2026-W30,IBIT,IBIT270115C00046000,0,skip,,vertical,-0.1154,-0.1282,0.04
2026-07-23 16:11,2026-W30,RTX,RTX260724C00207500,0,skip,,down,-0.5475,-0.5912,0.3333
2026-07-23 16:11,2026-W30,SIRI,SIRI261016C00031000,0,skip,,vertical,-0.0276,-0.0655,1.0
2026-07-23 16:11,2026-W30,CLF,CLF260821C00011500,0,skip,,down,-0.5,-0.5143,0.6203
2026-07-23 16:11,2026-W30,BILL,BILL260731C00042000,0,skip,,down,-1.0,-1.1515,1.0
2026-07-23 16:21,2026-W30,UVXY,UVXY260821C00026500,1,skip,,vertical,-0.4662,-0.7872,0.4771
2026-07-23 16:21,2026-W30,SOXL,SOXL260821P00070000,0,skip,,vertical,0.1263,0.0671,0.0331
2026-07-23 16:21,2026-W30,UVXY,UVXY260724C00022000,0,skip,,vertical,-0.2684,-0.3079,0.4771
2026-07-23 16:21,2026-W30,GOOGL,GOOGL260727C00332500,0,skip,,down,-0.52,-0.576,0.0715
2026-07-23 16:21,2026-W30,CHTR,CHTR261016C00180000,0,skip,,down,-0.6,-0.6526,0.3327
2026-07-23 16:21,2026-W30,EQNR,EQNR260821C00041000,0,skip,,down,-0.8279,-0.8628,1.0
2026-07-23 16:21,2026-W30,W,W260821C00100000,0,skip,,up,0.3368,0.2974,0.2423
2026-07-23 16:21,2026-W30,SCHW,SCHW260828P00102000,0,skip,,vertical,-0.2184,-0.2579,0.2466
2026-07-23 16:21,2026-W30,GLD,GLD260729P00353000,0,skip,,down,-0.5741,-0.6574,0.0388
2026-07-23 16:21,2026-W30,JBLU,JBLU260821P00005000,0,skip,,vertical,-0.4255,-0.4787,1.0
2026-07-23 16:21,2026-W30,MSTR,MSTR260821P00075000,0,skip,,vertical,-0.1157,-0.1426,0.0589
2026-07-23 16:21,2026-W30,LMND,LMND260731C00075000,0,skip,,down,-0.7185,-0.8481,0.3333
2026-07-23 16:21,2026-W30,PANW,PANW260807C00390000,0,skip,,down,-0.5211,-0.6737,0.2
2026-07-23 16:21,2026-W30,XBI,XBI260724C00152000,0,skip,,down,-0.7688,-0.8414,0.4945
2026-07-23 16:21,2026-W30,GDX,GDX260724P00074000,0,skip,,down,-1.0,-1.0763,0.092
2026-07-23 16:21,2026-W30,DOW,DOW260821P00030000,0,skip,,up,0.7374,0.7222,0.5178
2026-07-23 16:21,2026-W30,XLE,XLE260918P00055000,0,skip,,vertical,0.0137,0.0068,0.0681
2026-07-23 16:32,2026-W30,HPQ,HPQ260821P00024000,1,skip,,down,-0.9925,-1.0161,0.2626
2026-07-23 16:32,2026-W30,SPY,SPY260723P00739000,0,skip,,up,0.314,0.3099,0.0091
2026-07-23 16:32,2026-W30,QQQ,QQQ260724P00693000,0,skip,,up,0.3873,0.3861,0.016
2026-07-23 16:32,2026-W30,CAPR,CAPR260821C00035000,0,skip,,vertical,-0.2636,-0.347,0.1439
2026-07-23 16:32,2026-W30,BMNR,BMNR260918C00020000,0,skip,,vertical,-0.2091,-0.2227,0.0739
2026-07-23 16:32,2026-W30,CEG,CEG260821P00230000,0,skip,,vertical,-0.3552,-0.45,0.1876
2026-07-23 16:32,2026-W30,ZG,ZG261120P00025000,0,skip,,vertical,-0.4089,-0.4756,1.0
2026-07-23 16:32,2026-W30,MUU,MUU260821C00050000,0,skip,,down,-0.53,-0.5675,0.5
2026-07-23 16:32,2026-W30,HPQ,HPQ260807P00025000,0,skip,,down,-0.8969,-0.9175,0.2626
2026-07-23 16:32,2026-W30,PPC,PPC261218C00030000,0,skip,,down,-0.7792,-0.7896,0.5
2026-07-23 16:32,2026-W30,AWK,AWK260821C00135000,0,skip,,vertical,-0.0419,-0.0823,0.5
2026-07-23 16:41,2026-W30,UUUU,UUUU260821P00011500,1,skip,,vertical,-0.1417,-0.1481,0.3401
2026-07-23 16:41,2026-W30,BE,BE260731P00115000,0,skip,,down,-1.0,-1.1402,0.0227
2026-07-23 16:41,2026-W30,UUUU,UUUU261016P00013000,0,skip,,vertical,0.1333,0.125,0.3401
2026-07-23 16:41,2026-W30,NVDA,NVDA260724C00210000,0,skip,,down,-0.5439,-0.5481,0.0169
2026-07-23 16:41,2026-W30,TJX,TJX260814P00150000,0,skip,,down,-0.7333,-0.7725,1.0
2026-07-23 16:41,2026-W30,HIMS,HIMS260918C00043000,0,skip,,down,-1.0,-1.042,0.1279
2026-07-23 16:41,2026-W30,ONDS,ONDS260724C00007000,0,skip,,down,-0.5545,-0.6273,0.202
2026-07-23 16:41,2026-W30,GIL,GIL260918C00052500,0,skip,,vertical,-0.3567,-0.3817,1.0
2026-07-23 16:41,2026-W30,HIMS,HIMS260724C00035000,0,skip,,down,-0.56,-0.62,0.1277
2026-07-23 16:41,2026-W30,HIMS,HIMS260731P00033500,0,skip,,down,-0.5,-0.5833,0.1304
2026-07-23 16:41,2026-W30,TLT,TLT260731P00083000,0,skip,,down,-0.5,-0.5119,0.0347
2026-07-23 16:41,2026-W30,XLE,XLE260807P00057500,0,skip,,vertical,-0.1111,-0.1667,0.0677
2026-07-23 16:52,2026-W30,MAGS,MAGS260821C00066000,1,skip,,down,-0.6201,-0.7043,0.25
2026-07-23 16:52,2026-W30,QQQ,QQQ260723P00692000,0,skip,,up,0.3462,0.3301,0.0153
2026-07-23 16:52,2026-W30,QQQ,QQQ260723C00693000,0,skip,,down,-0.5435,-0.5489,0.0156
2026-07-23 16:52,2026-W30,SPCX,SPCX260814P00090000,0,skip,,vertical,0.0061,-0.0091,0.0143
2026-07-23 16:52,2026-W30,SGI,SGI260821C00075000,0,skip,,up,0.3542,0.3021,1.0
2026-07-23 16:52,2026-W30,WEAT,WEAT260821C00027000,0,skip,,down,-0.6615,-0.7385,0.2
2026-07-23 16:52,2026-W30,HIMS,HIMS260731C00040000,0,skip,,down,-0.5556,-0.6465,0.1252
2026-07-23 16:52,2026-W30,DOW,DOW260724C00030500,0,skip,,down,-0.5,-0.58,0.4222
2026-07-23 16:52,2026-W30,HIMS,HIMS260821P00030000,0,skip,,up,0.3363,0.2848,0.1281
2026-07-23 16:52,2026-W30,CFG,CFG260821P00070000,0,skip,,down,-0.7459,-0.7865,1.0
2026-07-23 16:52,2026-W30,MAGS,MAGS260918C00067000,0,skip,,vertical,-0.1286,-0.2,0.306
2026-07-23 16:52,2026-W30,PYPL,PYPL260724C00054000,0,skip,,vertical,0.0095,-0.0508,0.1204
2026-07-23 16:52,2026-W30,TWLO,TWLO260731C00190000,0,skip,,up,0.3881,0.281,0.2555
2026-07-23 16:52,2026-W30,KRE,KRE260731P00073500,0,skip,,down,-0.7681,-0.7826,0.073
2026-07-23 16:52,2026-W30,GEV,GEV260918C01100000,0,skip,,down,-1.0,-1.0326,0.0638
2026-07-23 17:02,2026-W30,IBIT,IBIT261120C00041000,0,skip,,vertical,-0.1088,-0.1218,0.0399
2026-07-23 17:02,2026-W30,SLV,SLV260828P00045000,0,skip,,vertical,-0.1905,-0.2064,0.0432
2026-07-23 17:02,2026-W30,SPY,SPY260728P00719000,0,skip,,down,-0.6344,-0.6398,0.0072
2026-07-23 17:02,2026-W30,FHN,FHN270115C00026000,0,skip,,down,-0.7886,-0.8457,1.0
2026-07-23 17:02,2026-W30,CRWD,CRWD260724C00188750,0,skip,,down,-0.8659,-0.9085,0.0852
2026-07-23 17:02,2026-W30,VLO,VLO260821C00360000,0,skip,,down,-0.5056,-0.5889,0.129
2026-07-23 17:02,2026-W30,IBIT,IBIT261130C00044000,0,skip,,vertical,-0.1538,-0.1769,0.0399
2026-07-23 17:02,2026-W30,BA,BA260724P00207500,0,skip,,up,0.3571,0.2964,0.0667
2026-07-23 17:02,2026-W30,SILJ,SILJ260918C00030000,0,skip,,vertical,-0.2152,-0.3354,0.5
2026-07-23 17:12,2026-W30,SPCX,SPCX261016C00220000,0,skip,,vertical,-0.0179,-0.0268,0.0142
2026-07-23 17:12,2026-W30,AAPL,AAPL260724C00320000,0,skip,,up,1.0951,1.0817,0.0558
2026-07-23 17:12,2026-W30,SPY,SPY260723C00738000,0,skip,,down,-0.5267,-0.5367,0.0084
2026-07-23 17:12,2026-W30,AMPL,AMPL261016P00008000,0,skip,,down,-0.9481,-0.9667,0.5
2026-07-23 17:12,2026-W30,XLE,XLE260918C00062500,0,skip,,vertical,-0.1024,-0.1114,0.0672
2026-07-23 17:12,2026-W30,DVN,DVN260821P00040000,0,skip,,down,-0.925,-0.9875,0.1285
2026-07-23 17:12,2026-W30,DGX,DGX260821C00230000,0,skip,,up,0.5467,0.3911,0.3856
2026-07-23 17:12,2026-W30,NBIS,NBIS260724P00210000,0,skip,,up,0.5971,0.5609,0.01
2026-07-23 17:12,2026-W30,SLV,SLV260727C00053500,0,skip,,down,-0.5938,-0.6094,0.0425
2026-07-23 17:12,2026-W30,PL,PL270115C00030000,0,skip,,vertical,-0.2425,-0.2675,1.0
2026-07-23 17:21,2026-W30,XPEV,XPEV260821P00012000,1,skip,,down,-0.59,-0.6217,0.25
2026-07-23 17:21,2026-W30,XPEV,XPEV280121P00010000,0,skip,,vertical,-0.0971,-0.1311,0.2528
2026-07-23 17:21,2026-W30,HIMS,HIMS260724P00033000,0,skip,,up,0.3208,0.1887,0.125
2026-07-23 17:21,2026-W30,KHC,KHC260918C00025000,0,skip,,vertical,0.0682,0.0303,0.2117
2026-07-23 17:21,2026-W30,MDB,MDB260821C00420000,0,skip,,down,-0.6711,-0.8267,0.0518
2026-07-23 17:21,2026-W30,HYG,HYG260918C00079000,0,skip,,down,-0.5556,-0.5635,0.2583
2026-07-23 17:32,2026-W30,XLF,XLF260821P00053500,1,skip,,down,-0.7182,-0.8329,0.2
2026-07-23 17:32,2026-W30,QQQ,QQQ260831P00590000,0,skip,,vertical,-0.0489,-0.0554,0.0124
2026-07-23 17:32,2026-W30,TSLA,TSLA261120C00665000,0,skip,,vertical,-0.2687,-0.306,0.0149
2026-07-23 17:32,2026-W30,KWEB,KWEB260821C00028000,0,skip,,vertical,-0.2619,-0.2976,0.1049
2026-07-23 17:32,2026-W30,NEM,NEM260821C00100000,0,skip,,vertical,-0.4295,-0.4557,0.2739
2026-07-23 17:32,2026-W30,CVS,CVS261120C00130000,0,skip,,down,-0.5399,-0.5657,0.5
2026-07-23 17:32,2026-W30,WELL,WELL260918C00270000,0,skip,,vertical,0.0364,-0.0167,1.0
2026-07-23 17:32,2026-W30,DYN,DYN261218P00022500,0,skip,,down,-0.7322,-0.9017,1.0
2026-07-23 17:32,2026-W30,CRM,CRM260821C00172500,0,skip,,up,0.4,0.3698,0.2683
2026-07-23 17:32,2026-W30,XLF,XLF260731P00056000,0,skip,,down,-0.625,-0.6328,0.2495
2026-07-23 17:32,2026-W30,VKTX,VKTX260918C00050000,0,skip,,down,-1.0,-1.1071,0.5
2026-07-23 17:32,2026-W30,CLMT,CLMT260821P00040000,0,skip,,down,-0.6211,-0.6342,1.0
2026-07-23 17:32,2026-W30,CLF,CLF260918C00011000,0,skip,,down,-1.0,-1.0219,0.489
2026-07-23 17:32,2026-W30,MARA,MARA260821P00013000,0,skip,,vertical,0.2081,0.1779,0.1152
2026-07-23 17:32,2026-W30,BITX,BITX260918C00015000,0,skip,,vertical,-0.2241,-0.25,1.0
2026-07-23 17:32,2026-W30,IONS,IONS260918P00055000,0,skip,,down,-0.6703,-0.6973,0.5
2026-07-23 17:32,2026-W30,ONDS,ONDS270617C00008000,0,skip,,vertical,-0.1031,-0.1187,0.2145
2026-07-23 17:32,2026-W30,FXY,FXY270319P00053000,0,skip,,down,-0.925,-1.1125,1.0
2026-07-23 17:32,2026-W30,XBI,XBI260724C00154000,0,skip,,down,-0.5591,-0.6667,0.3333
2026-07-23 17:32,2026-W30,CCL,CCL270115C00032000,0,skip,,vertical,0.1348,0.1135,0.1681
2026-07-23 17:41,2026-W30,XLB,XLB260821C00052000,1,skip,,down,-0.6691,-0.8614,0.5
2026-07-23 17:41,2026-W30,QQQ,QQQ260723C00692000,0,skip,,down,-0.7877,-0.7945,0.0141
2026-07-23 17:41,2026-W30,IREN,IREN260821P00035000,0,skip,,vertical,0.2615,0.2385,0.0197
2026-07-23 17:41,2026-W30,AMZN,AMZN260724P00235000,0,skip,,up,0.417,0.4085,0.0412
2026-07-23 17:41,2026-W30,AAL,AAL281215P00008000,0,skip,,vertical,-0.1439,-0.1547,0.2462
2026-07-23 17:41,2026-W30,SPY,SPY260731P00711000,0,skip,,down,-0.503,-0.5121,0.0071
2026-07-23 17:41,2026-W30,SPY,SPY260731P00710000,0,skip,,down,-0.5188,-0.5219,0.0071
2026-07-23 17:41,2026-W30,XLB,XLB260918C00049000,0,skip,,vertical,0.1579,0.156,0.9989
2026-07-23 17:41,2026-W30,MSFT,MSFT260821C00450000,0,skip,,vertical,-0.1828,-0.1918,0.0242
2026-07-23 17:41,2026-W30,GM,GM260821P00078000,0,skip,,down,-0.5114,-0.532,0.3253
2026-07-23 17:41,2026-W30,ARM,ARM260724C00300000,0,skip,,down,-0.7759,-0.8276,0.0404
2026-07-23 17:41,2026-W30,TSSI,TSSI270115C00030000,0,skip,,down,-0.9222,-0.9778,1.0
2026-07-23 17:41,2026-W30,XLI,XLI260821P00175000,0,skip,,vertical,-0.3571,-0.4119,0.1933
2026-07-23 17:41,2026-W30,DAC,DAC260821C00140000,0,skip,,up,0.4242,0.3628,1.0
2026-07-23 17:41,2026-W30,IGV,IGV260821P00085000,0,skip,,down,-0.702,-0.7122,0.0842
2026-07-23 17:41,2026-W30,KPTI,KPTI260918C00007500,0,skip,,down,-0.5258,-0.5742,1.0
2026-07-23 17:51,2026-W30,SMR,SMR260821C00009000,1,skip,,down,-0.5164,-0.5645,0.3333
2026-07-23 17:51,2026-W30,TQQQ,TQQQ260731P00058000,0,skip,,vertical,-0.019,-0.0381,0.0555
2026-07-23 17:51,2026-W30,SMR,SMR261120C00012000,0,skip,,vertical,-0.3025,-0.3613,0.3652
2026-07-23 17:51,2026-W30,TSLA,TSLA260918P00250000,0,skip,,up,0.3745,0.3727,0.0153
2026-07-23 17:51,2026-W30,SKHY,SKHY260724C00180000,0,skip,,down,-0.568,-0.618,0.1
2026-07-23 17:51,2026-W30,EWZ,EWZ260918C00038000,0,skip,,vertical,-0.1828,-0.1882,0.1844
2026-07-23 17:51,2026-W30,AMC,AMC260918C00002000,0,skip,,up,0.3043,0.2826,0.4823
2026-07-23 17:51,2026-W30,CVX,CVX261218C00230000,0,skip,,vertical,-0.1241,-0.1494,0.0825
2026-07-23 17:51,2026-W30,DXCM,DXCM270115C00095000,0,skip,,down,-0.7677,-0.8242,1.0
2026-07-23 17:51,2026-W30,MARA,MARA260731P00013000,0,skip,,down,-0.8514,-0.8784,0.1122
2026-07-23 17:51,2026-W30,CRWV,CRWV260918C00097500,0,skip,,vertical,-0.5491,-0.5708,0.0497
2026-07-23 18:03,2026-W30,ARKK,ARKK260821P00071000,1,skip,,down,-0.5067,-0.5754,0.5
2026-07-23 18:03,2026-W30,GFI,GFI261016P00030000,0,skip,,down,-0.5547,-0.6585,1.0
2026-07-23 18:03,2026-W30,CRM,CRM260724C00157500,0,skip,,up,0.4677,0.4409,0.25
2026-07-23 18:03,2026-W30,QQQ,QQQ260821C00740000,0,skip,,down,-0.5201,-0.5252,0.0124
2026-07-23 18:03,2026-W30,INTC,INTC260821P00067500,0,skip,,down,-0.5478,-0.6,0.0182
2026-07-23 18:03,2026-W30,TQQQ,TQQQ260724C00066000,0,skip,,down,-0.662,-0.6901,0.053
2026-07-23 18:03,2026-W30,DOCN,DOCN260821C00190000,0,skip,,down,-0.5293,-0.639,0.5
2026-07-23 18:03,2026-W30,SPY,SPY260727P00717000,0,skip,,down,-0.6,-0.61,0.0071
2026-07-23 18:03,2026-W30,ARKK,ARKK260807P00071500,0,skip,,up,0.3446,0.2635,0.5226
2026-07-23 18:03,2026-W30,MSTR,MSTR260724P00097000,0,skip,,up,0.5763,0.5566,0.0591
2026-07-23 18:03,2026-W30,TMUS,TMUS260724C00177500,0,skip,,down,-0.7846,-0.9,1.0
2026-07-23 18:03,2026-W30,SMCI,SMCI260724C00030000,0,skip,,down,-0.6221,-0.657,0.0506
2026-07-23 18:03,2026-W30,GBTC,GBTC260918C00055000,0,skip,,vertical,-0.5538,-0.5923,1.0
2026-07-23 18:03,2026-W30,MKC,MKC260918C00050000,0,skip,,vertical,-0.1469,-0.2094,1.0
2026-07-23 18:03,2026-W30,XLU,XLU261218P00046000,0,skip,,vertical,-0.2204,-0.2634,0.2669
2026-07-23 18:03,2026-W30,CPNG,CPNG270115P00015000,0,skip,,vertical,-0.0762,-0.0809,0.9204
2026-07-23 18:03,2026-W30,EWTX,EWTX261120C00055000,0,skip,,down,-0.6,-0.7176,0.5
2026-07-23 18:03,2026-W30,TQQQ,TQQQ260724C00067000,0,skip,,down,-0.8163,-0.8622,0.053
2026-07-23 18:03,2026-W30,OKTA,OKTA260821C00155000,0,skip,,vertical,-0.0486,-0.0959,0.3719
2026-07-23 18:12,2026-W30,XLP,XLP260821C00086500,1,skip,,down,-0.7978,-0.9978,0.25
2026-07-23 18:12,2026-W30,SPY,SPY260731P00700000,0,skip,,down,-0.5213,-0.5319,0.0071
2026-07-23 18:12,2026-W30,VZ,VZ260724C00044500,0,skip,,up,0.3134,0.2313,1.0
2026-07-23 18:12,2026-W30,INTC,INTC260724P00095000,0,skip,,down,-0.9784,-0.9919,0.0181
2026-07-23 18:12,2026-W30,INTC,INTC260724P00088000,0,skip,,down,-1.0,-1.0105,0.0181
2026-07-23 18:12,2026-W30,C,C260821C00132000,0,skip,,vertical,-0.0025,-0.015,0.1007
2026-07-23 18:12,2026-W30,ORCL,ORCL260724P00120000,0,skip,,up,0.5163,0.5027,0.0201
2026-07-23 18:12,2026-W30,NVDA,NVDA260724P00207500,0,skip,,up,0.36,0.35,0.0159
2026-07-23 18:12,2026-W30,TQQQ,TQQQ260821P00050000,0,skip,,vertical,-0.0426,-0.0603,0.0553
2026-07-23 18:12,2026-W30,UPS,UPS260821C00120000,0,skip,,vertical,-0.1223,-0.1853,0.3333
2026-07-23 18:12,2026-W30,BNO,BNO261016C00070000,0,skip,,vertical,-0.2833,-0.3111,0.2
2026-07-23 18:12,2026-W30,SMCI,SMCI260731P00031000,0,skip,,up,0.3056,0.2972,0.051
2026-07-23 18:12,2026-W30,ON,ON260821P00075000,0,skip,,down,-0.512,-0.5587,0.1278
2026-07-23 18:12,2026-W30,AAL,AAL270115P00012000,0,skip,,vertical,-0.2358,-0.248,0.2415
2026-07-23 18:12,2026-W30,XLP,XLP260821C00085000,0,skip,,up,0.4146,0.3963,0.3433
2026-07-23 18:12,2026-W30,TQQQ,TQQQ260731C00067000,0,skip,,down,-0.5051,-0.5253,0.0551
2026-07-23 18:12,2026-W30,NBIS,NBIS260731C00300000,0,skip,,down,-0.562,-0.593,0.0099
2026-07-23 18:12,2026-W30,AAOI,AAOI260724C00125000,0,skip,,down,-0.5692,-0.6846,0.1429
2026-07-23 18:22,2026-W30,XLC,XLC260821C00110000,1,skip,,down,-0.7336,-0.8487,0.5
2026-07-23 18:22,2026-W30,CRWV,CRWV261120C00175000,0,skip,,down,-0.5176,-0.5412,0.0501
2026-07-23 18:22,2026-W30,SPCX,SPCX260821C00220000,0,skip,,vertical,0.0154,-0.0231,0.0141
2026-07-23 18:22,2026-W30,NVDA,NVDA260724P00210000,0,skip,,down,-0.5139,-0.5226,0.0151
2026-07-23 18:22,2026-W30,SPY,SPY260729P00708000,0,skip,,down,-0.5147,-0.5221,0.0071
2026-07-23 18:22,2026-W30,ARM,ARM260724C00295000,0,skip,,down,-0.6385,-0.6808,0.0403
2026-07-23 18:22,2026-W30,MSTR,MSTR260821P00080000,0,skip,,vertical,-0.0462,-0.0692,0.0576
2026-07-23 18:22,2026-W30,XLC,XLC260918C00109000,0,skip,,down,-0.7767,-0.7884,0.9969
2026-07-23 18:22,2026-W30,SEI,SEI260918P00047500,0,skip,,down,-0.6121,-0.6955,1.0
2026-07-23 18:22,2026-W30,SMCI,SMCI260724P00030000,0,skip,,up,0.3864,0.3409,0.0509
2026-07-23 18:22,2026-W30,HIMS,HIMS260821C00035000,0,skip,,down,-0.5333,-0.5542,0.1284
2026-07-23 18:22,2026-W30,TQQQ,TQQQ260828C00075000,0,skip,,vertical,-0.4354,-0.4742,0.0553
2026-07-23 18:22,2026-W30,RUN,RUN260821P00011000,0,skip,,vertical,0.0839,0.0613,0.6062
2026-07-23 18:32,2026-W30,TSLA,TSLA260724C00322500,0,skip,,down,-0.639,-0.6519,0.0152
2026-07-23 18:32,2026-W30,MRVL,MRVL260724P00205000,0,skip,,up,0.8691,0.8259,0.0286
2026-07-23 18:32,2026-W30,DHR,DHR260731P00190000,0,skip,,vertical,-0.2919,-0.3595,0.3333
2026-07-23 18:32,2026-W30,AMZN,AMZN260724P00232500,0,skip,,down,-0.5214,-0.5357,0.0404
2026-07-23 18:32,2026-W30,IREN,IREN260724P00041500,0,skip,,up,0.4356,0.4325,0.0192
2026-07-23 18:32,2026-W30,DOW,DOW260918P00027500,0,skip,,down,-1.0,-1.0278,0.4872
2026-07-23 18:32,2026-W30,ORCL,ORCL260821C00140000,0,skip,,vertical,-0.3863,-0.3935,0.0201
2026-07-23 18:32,2026-W30,IREN,IREN260731P00034000,0,skip,,vertical,0.2736,0.2453,0.0195
2026-07-23 18:32,2026-W30,ORCL,ORCL260918C00170000,0,skip,,vertical,-0.3154,-0.3442,0.0201
2026-07-23 18:32,2026-W30,AS,AS260821C00032500,0,skip,,vertical,-0.0429,-0.0696,0.6277
2026-07-23 18:32,2026-W30,PYPL,PYPL260807C00061000,0,skip,,down,-0.6667,-0.7778,0.125
2026-07-23 18:32,2026-W30,TLT,TLT261016P00084000,0,skip,,vertical,-0.0433,-0.0455,0.0331
2026-07-23 18:32,2026-W30,XLE,XLE260821P00056500,0,skip,,vertical,-0.0462,-0.0615,0.0664
2026-07-23 18:32,2026-W30,NMM,NMM260918C00080000,0,skip,,down,-0.5017,-0.7475,1.0
2026-07-23 18:41,2026-W30,NFLX,NFLX260821C00072000,1,skip,,down,-0.5051,-0.5151,0.064
2026-07-23 18:41,2026-W30,NFLX,NFLX260918C00070000,0,skip,,vertical,0.1229,0.1086,0.0645
2026-07-23 18:41,2026-W30,IREN,IREN260821P00036000,0,skip,,vertical,0.1784,0.1649,0.0194
2026-07-23 18:41,2026-W30,IBIT,IBIT261120C00044000,0,skip,,vertical,-0.1552,-0.1724,0.0397
2026-07-23 18:41,2026-W30,IMAX,IMAX260821P00043000,0,skip,,down,-0.5632,-0.7079,1.0
2026-07-23 18:41,2026-W30,EPD,EPD260918C00041000,0,skip,,down,-0.75,-0.9545,1.0
2026-07-23 18:41,2026-W30,NVDA,NVDA260821P00180000,0,skip,,vertical,0.0897,0.0801,0.0146
2026-07-23 18:41,2026-W30,ENB,ENB260918C00060000,0,skip,,down,-1.0,-1.0909,1.0
2026-07-23 18:41,2026-W30,SPY,SPY260723C00737000,0,skip,,down,-0.5843,-0.5899,0.0074
2026-07-23 18:41,2026-W30,AAL,AAL260821C00014500,0,skip,,up,0.3529,0.3333,0.249
2026-07-23 18:41,2026-W30,CSX,CSX260724C00051000,0,skip,,vertical,0.1886,0.16,0.2415
2026-07-23 18:41,2026-W30,CLF,CLF270617P00012000,0,skip,,down,-0.9469,-0.9859,0.4884
2026-07-23 18:41,2026-W30,OKLO,OKLO260807C00044500,0,skip,,down,-0.5089,-0.5356,0.2
2026-07-23 18:41,2026-W30,COIN,COIN260731C00205000,0,skip,,down,-0.5375,-0.6,0.0501
2026-07-23 18:41,2026-W30,SOXL,SOXL260821P00051000,0,skip,,down,-0.5652,-0.6576,0.0333
2026-07-23 18:41,2026-W30,DRAM,DRAM260821P00045000,0,skip,,vertical,0.2649,0.2378,0.0431
2026-07-23 18:41,2026-W30,ENPH,ENPH260821C00055000,0,skip,,down,-0.5231,-0.5538,0.2356
2026-07-23 18:41,2026-W30,REPL,REPL260821C00015000,0,skip,,down,-0.5259,-0.7019,0.5
2026-07-23 18:53,2026-W30,SPY,SPY260724P00738000,0,skip,,down,-0.5987,-0.602,0.0071
2026-07-23 18:53,2026-W30,NVDA,NVDA260918C00250000,0,skip,,vertical,-0.1727,-0.1827,0.0146
2026-07-23 18:53,2026-W30,SPCX,SPCX260724C00117000,0,skip,,down,-0.6933,-0.71,0.0143
2026-07-23 18:53,2026-W30,INTC,INTC260727C00110000,0,skip,,down,-0.9803,-0.9984,0.018
2026-07-23 18:53,2026-W30,HELP,HELP261218C00010000,0,skip,,vertical,-0.092,-0.142,0.9112
2026-07-23 18:53,2026-W30,IREN,IREN260731C00045000,0,skip,,down,-0.5269,-0.5778,0.0191
2026-07-23 18:53,2026-W30,TTWO,TTWO260724C00230000,0,skip,,down,-0.5914,-0.8271,0.2
2026-07-23 18:53,2026-W30,DVN,DVN260814C00048000,0,skip,,down,-0.9706,-1.0,0.125
2026-07-23 18:53,2026-W30,XOP,XOP260821C00185000,0,skip,,vertical,-0.3513,-0.3769,0.1626
2026-07-23 18:53,2026-W30,EWY,EWY260731C00185000,0,skip,,down,-0.5667,-0.6576,0.0662
2026-07-23 18:53,2026-W30,XPEV,XPEV260918C00013000,0,skip,,vertical,-0.2609,-0.3044,0.25
2026-07-23 18:53,2026-W30,ZTS,ZTS261016P00070000,0,skip,,vertical,-0.2615,-0.3128,1.0
2026-07-23 18:53,2026-W30,COIN,COIN260731P00130000,0,skip,,down,-0.9848,-1.0303,0.05
2026-07-23 18:53,2026-W30,CHTR,CHTR260724C00143000,0,skip,,down,-0.6746,-0.9797,0.2
2026-07-23 18:53,2026-W30,BMRN,BMRN261016P00057500,0,skip,,down,-0.5081,-0.5622,1.0
2026-07-23 18:53,2026-W30,SLV,SLV260828P00042000,0,skip,,vertical,-0.2973,-0.3378,0.0427
2026-07-23 19:01,2026-W30,EOSE,EOSE260821C00004000,1,skip,,down,-0.8421,-0.9176,0.25
2026-07-23 19:01,2026-W30,EOSE,EOSE270115C00006000,0,skip,,down,-0.5155,-0.6289,0.2603
2026-07-23 19:01,2026-W30,SPY,SPY260828P00675000,0,skip,,vertical,-0.2026,-0.2058,0.0069
2026-07-23 19:01,2026-W30,IWM,IWM260731P00285000,0,skip,,down,-0.5108,-0.5242,0.0343
2026-07-23 19:01,2026-W30,QQQ,QQQ260831P00600000,0,skip,,vertical,-0.038,-0.0443,0.0122
2026-07-23 19:01,2026-W30,IWM,IWM260807P00272000,0,skip,,vertical,-0.2903,-0.3011,0.0332
2026-07-23 19:01,2026-W30,NOW,NOW260724P00095000,0,skip,,down,-0.6787,-0.7016,0.0501
2026-07-23 19:01,2026-W30,BMNR,BMNR270115C00020000,0,skip,,vertical,-0.1958,-0.215,0.0732
2026-07-23 19:01,2026-W30,WRBY,WRBY260807C00027000,0,skip,,down,-0.9481,-1.1519,0.5
2026-07-23 19:01,2026-W30,LQDA,LQDA260731P00088000,0,skip,,down,-0.7556,-0.9639,0.1429
2026-07-23 19:01,2026-W30,APA,APA260821C00039000,0,skip,,vertical,-0.377,-0.4016,1.0
2026-07-23 19:01,2026-W30,SOFI,SOFI271217C00030000,0,skip,,vertical,-0.0902,-0.1,0.0558
2026-07-23 19:01,2026-W30,LQDA,LQDA260731P00089000,0,skip,,down,-0.745,-0.7825,0.1429
2026-07-23 19:12,2026-W30,QQQ,QQQ260724P00682000,0,skip,,down,-0.6256,-0.633,0.0125
2026-07-23 19:12,2026-W30,IWM,IWM260821P00277000,0,skip,,vertical,-0.1194,-0.1269,0.0332
2026-07-23 19:12,2026-W30,EXE,EXE260821C00095000,0,skip,,vertical,-0.3154,-0.3538,0.2
2026-07-23 19:12,2026-W30,PLTR,PLTR260724P00123000,0,skip,,down,-0.8011,-0.8199,0.0384
2026-07-23 19:12,2026-W30,IREN,IREN260731P00037000,0,skip,,up,0.3833,0.3528,0.0192
2026-07-23 19:12,2026-W30,AXTI,AXTI260724C00056000,0,skip,,down,-0.68,-0.7967,0.125
2026-07-23 19:12,2026-W30,IREN,IREN260731P00039000,0,skip,,up,0.3577,0.325,0.0192
2026-07-23 19:12,2026-W30,LULU,LULU260724C00109000,0,skip,,down,-0.5789,-0.607,0.0909
2026-07-23 19:12,2026-W30,SLV,SLV260731P00050000,0,skip,,down,-0.5211,-0.5352,0.0418
2026-07-23 19:12,2026-W30,ARKK,ARKK260918C00080000,0,skip,,vertical,-0.3012,-0.3353,0.5293
2026-07-23 19:12,2026-W30,IREN,IREN260724P00040000,0,skip,,up,0.3043,0.2826,0.019
2026-07-23 19:21,2026-W30,RKT,RKT260821C00013500,1,skip,,down,-0.5,-0.5464,0.5
2026-07-23 19:21,2026-W30,WYNN,WYNN270115C00115000,0,skip,,vertical,-0.1215,-0.1468,0.3345
2026-07-23 19:21,2026-W30,IREN,IREN260821P00034000,0,skip,,vertical,0.1574,0.1492,0.0192
2026-07-23 19:21,2026-W30,SPCX,SPCX260724C00116000,0,skip,,up,0.3429,0.3339,0.0146
2026-07-23 19:21,2026-W30,CRWD,CRWD260724C00185000,0,skip,,down,-0.5833,-0.5923,0.0833
2026-07-23 19:21,2026-W30,NOW,NOW270115C00150000,0,skip,,vertical,0.2957,0.2812,0.0489
2026-07-23 19:21,2026-W30,DECK,DECK260731C00102000,0,skip,,down,-0.7351,-0.7757,0.2
2026-07-23 19:21,2026-W30,CCL,CCL260918P00027000,0,skip,,vertical,-0.2059,-0.2114,0.1657
2026-07-23 19:21,2026-W30,RKT,RKT260731C00012000,0,skip,,vertical,0.0381,0.0143,0.6319
2026-07-23 19:21,2026-W30,IREN,IREN260821P00027000,0,skip,,vertical,0.0833,0.0417,0.0192
2026-07-23 19:21,2026-W30,HYG,HYG260807P00079000,0,skip,,down,-0.8205,-0.8333,0.25
2026-07-23 19:21,2026-W30,KRE,KRE261016C00075000,0,skip,,vertical,0.0853,0.0653,0.0713
2026-07-23 19:21,2026-W30,CRCL,CRCL260724P00060000,0,skip,,down,-0.9833,-1.0083,0.1
2026-07-23 19:21,2026-W30,IREN,IREN260828C00052000,0,skip,,down,-0.5496,-0.5833,0.019
2026-07-23 19:21,2026-W30,CRCL,CRCL261016C00090000,0,skip,,vertical,-0.06,-0.0912,0.1001
2026-07-23 19:21,2026-W30,SLV,SLV261120C00072000,0,skip,,vertical,0.0238,0.0,0.0426
2026-07-23 19:21,2026-W30,BABA,BABA270617P00115000,0,skip,,vertical,-0.0732,-0.0813,0.0437
2026-07-23 19:21,2026-W30,TER,TER260807P00320000,0,skip,,vertical,0.0431,0.0086,0.4676
2026-07-23 19:21,2026-W30,TSLA,TSLA271217C00350000,0,skip,,vertical,-0.0736,-0.0784,0.0147
2026-07-23 19:21,2026-W30,CVNA,CVNA270319C00060000,0,skip,,vertical,-0.0297,-0.0417,0.1841
2026-07-23 19:21,2026-W30,CRWD,CRWD280121P00150000,0,skip,,vertical,-0.1604,-0.1704,0.0822
2026-07-23 19:31,2026-W30,U,U260821C00030000,1,skip,,vertical,-0.4171,-0.4641,0.3333
2026-07-23 19:31,2026-W30,IREN,IREN260731P00038500,0,skip,,up,0.3547,0.2821,0.0192
2026-07-23 19:31,2026-W30,CZR,CZR260821C00031000,0,skip,,down,-1.0,-1.1667,1.0
2026-07-23 19:31,2026-W30,IREN,IREN260807P00038000,0,skip,,vertical,0.2444,0.1921,0.0192
2026-07-23 19:31,2026-W30,UBER,UBER270617C00100000,0,skip,,vertical,-0.1686,-0.2114,0.1208
2026-07-23 19:31,2026-W30,SPY,SPY260918P00655000,0,skip,,vertical,-0.1196,-0.1223,0.0069
2026-07-23 19:31,2026-W30,IREN,IREN260807P00036000,0,skip,,vertical,0.3277,0.2668,0.0192
2026-07-23 19:31,2026-W30,U,U260821P00028000,0,skip,,vertical,-0.0738,-0.0922,0.3333
2026-07-23 19:31,2026-W30,OHI,OHI260918C00050000,0,skip,,vertical,0.1783,0.1674,1.0
2026-07-23 19:31,2026-W30,MARA,MARA260814C00011500,0,skip,,vertical,-0.3705,-0.4152,0.1145
2026-07-23 19:31,2026-W30,TLT,TLT260814C00082000,0,skip,,vertical,-0.0443,-0.0506,0.033
2026-07-23 19:42,2026-W30,CSX,CSX260821C00055000,1,skip,,down,-0.6538,-0.7605,0.2
2026-07-23 19:42,2026-W30,NVDA,NVDA260727C00212500,0,skip,,down,-0.6111,-0.625,0.0151
2026-07-23 19:42,2026-W30,CSX,CSX270115C00060000,0,skip,,vertical,-0.1314,-0.2029,0.2377
2026-07-23 19:42,2026-W30,SAP,SAP260724C00155000,0,skip,,up,0.4906,0.4281,0.346
2026-07-23 19:42,2026-W30,INTC,INTC260724C00110000,0,skip,,down,-0.9066,-0.9135,0.0179
2026-07-23 19:42,2026-W30,SPY,SPY260724P00736000,0,skip,,down,-0.6008,-0.605,0.0071
2026-07-23 19:42,2026-W30,WBD,WBD260821P00026000,0,skip,,down,-0.6769,-0.7923,0.9987
2026-07-23 19:42,2026-W30,HPQ,HPQ260724P00024500,0,skip,,down,-0.9688,-1.0469,0.25
2026-07-23 19:42,2026-W30,SMCI,SMCI260724C00031000,0,skip,,down,-0.7766,-0.7926,0.05
2026-07-23 19:42,2026-W30,RKLB,RKLB260724C00071000,0,skip,,down,-0.8095,-0.819,0.1111
2026-07-23 19:42,2026-W30,RNG,RNG260731C00042000,0,skip,,down,-0.5706,-0.7324,1.0
2026-07-23 19:42,2026-W30,SMCI,SMCI260731P00029500,0,skip,,up,0.4216,0.4118,0.0505
2026-07-23 19:51,2026-W30,XRT,XRT260828P00082500,1,skip,,down,-0.6993,-1.0199,0.5
2026-07-23 19:51,2026-W30,XLY,XLY260814P00108000,0,skip,,down,-0.8174,-0.9152,0.3327
2026-07-23 19:51,2026-W30,XRT,XRT260918P00085000,0,skip,,vertical,-0.2598,-0.2883,0.8665
2026-07-23 19:51,2026-W30,IGV,IGV260724P00090000,0,skip,,down,-0.7194,-0.7355,0.0833
2026-07-23 19:51,2026-W30,ARM,ARM260724P00257500,0,skip,,down,-0.972,-1.0607,0.04
2026-07-23 19:51,2026-W30,NOK,NOK270115C00020000,0,skip,,vertical,-0.3611,-0.375,0.1482
2026-07-23 19:51,2026-W30,KRE,KRE260731C00074500,0,skip,,up,0.3576,0.3079,0.0718
2026-07-23 19:51,2026-W30,SLV,SLV260731P00049000,0,skip,,down,-0.6042,-0.6354,0.0418
2026-07-23 19:59,2026-W30,FRMI,FRMI260821C00006500,1,skip,,up,0.4444,0.3357,0.4964
2026-07-23 19:59,2026-W30,XLE,XLE261016C00062000,0,skip,,vertical,-0.005,-0.015,0.0658
2026-07-23 19:59,2026-W30,EOG,EOG260828C00155000,0,skip,,down,-1.0,-1.1689,0.5
2026-07-23 19:59,2026-W30,SPY,SPY260724P00734000,0,skip,,down,-0.6127,-0.6197,0.0071
2026-07-23 19:59,2026-W30,VLO,VLO260724P00300000,0,skip,,down,-0.9133,-1.08,0.125
2026-07-23 19:59,2026-W30,SPY,SPY260724P00735000,0,skip,,down,-0.5443,-0.5475,0.0071
2026-07-23 19:59,2026-W30,AMZN,AMZN260724C00235000,0,skip,,down,-0.7603,-0.7705,0.04
2026-07-23 19:59,2026-W30,SPCX,SPCX260724C00115000,0,skip,,down,-0.5171,-0.5293,0.0143
2026-07-23 19:59,2026-W30,TQQQ,TQQQ260731C00071500,0,skip,,down,-0.5273,-0.5727,0.0529
2026-07-23 19:59,2026-W30,SOXX,SOXX260724P00530000,0,skip,,down,-0.9919,-1.1473,0.0455
2026-07-23 19:59,2026-W30,FCEL,FCEL260814C00030000,0,skip,,down,-0.5118,-0.5706,1.0
2026-07-23 19:59,2026-W30,BIOA,BIOA260821P00020000,0,skip,,down,-0.693,-0.7279,1.0
2026-07-24 13:32,2026-W30,CLF,CLF260821P00011500,1,skip,,vertical,-0.4059,-0.7118,0.3257
2026-07-24 13:32,2026-W30,GOOGL,GOOGL260724C00320000,0,skip,,up,0.3625,0.2583,0.0655
2026-07-24 13:32,2026-W30,GOOGL,GOOGL260727P00317500,0,skip,,down,-0.6608,-0.843,0.0655
2026-07-24 13:32,2026-W30,MSFT,MSFT260731C00435000,0,skip,,vertical,-0.456,-0.57,0.0228
2026-07-24 13:32,2026-W30,SMCI,SMCI260918C00035000,0,skip,,vertical,-0.2116,-0.2551,0.0671
2026-07-24 13:32,2026-W30,SPY,SPY260727C00738000,0,skip,,up,0.3641,0.3564,0.0068
2026-07-24 13:32,2026-W30,NFLX,NFLX261016P00065000,0,skip,,vertical,-0.2226,-0.3177,0.0584
2026-07-24 13:32,2026-W30,DRAM,DRAM260731C00061000,0,skip,,down,-0.5,-0.5367,0.0463
2026-07-24 13:32,2026-W30,QQQ,QQQ260724C00691000,0,skip,,down,-0.766,-0.7925,0.0122
2026-07-24 13:32,2026-W30,ADBE,ADBE260724C00217500,0,skip,,down,-0.5767,-0.75,0.1429
2026-07-24 13:32,2026-W30,NOW,NOW260731C00095000,0,skip,,up,0.3146,0.1927,0.0466
2026-07-24 13:32,2026-W30,SOXL,SOXL260731P00084000,0,skip,,down,-0.5029,-0.6457,0.0356
2026-07-24 13:32,2026-W30,SOXL,SOXL260724P00139000,0,skip,,down,-0.6508,-0.822,0.0303
2026-07-24 13:32,2026-W30,CLF,CLF260821P00012000,0,skip,,vertical,-0.2075,-0.2358,0.3257
2026-07-24 13:32,2026-W30,AG,AG270115P00015000,0,skip,,vertical,-0.0091,-0.0411,0.25
2026-07-24 13:32,2026-W30,SOXL,SOXL260724P00141000,0,skip,,down,-0.6481,-0.8734,0.0303
2026-07-24 13:41,2026-W30,CMCSA,CMCSA260821C00023000,1,skip,,vertical,-0.2571,-0.3834,1.0
2026-07-24 13:41,2026-W30,AAPL,AAPL261120C00400000,0,skip,,up,0.3067,0.295,0.0539
2026-07-24 13:41,2026-W30,ORCL,ORCL260724C00123000,0,skip,,down,-0.7639,-0.8472,0.0196
2026-07-24 13:41,2026-W30,TSLA,TSLA260724P00310000,0,skip,,up,0.9494,0.9241,0.0148
2026-07-24 13:41,2026-W30,SPY,SPY260727P00739000,0,skip,,down,-0.5148,-0.5197,0.0068
2026-07-24 13:41,2026-W30,SPCX,SPCX260731C00121000,0,skip,,vertical,-0.055,-0.08,0.0132
2026-07-24 13:41,2026-W30,NVDA,NVDA260724C00205000,0,skip,,up,0.6306,0.6175,0.0144
2026-07-24 13:41,2026-W30,QQQ,QQQ260731P00640000,0,skip,,up,0.4495,0.4266,0.012
2026-07-24 13:41,2026-W30,CVX,CVX260724C00195000,0,skip,,down,-0.5114,-0.6489,0.0769
2026-07-24 13:41,2026-W30,XRT,XRT260918P00085000,0,skip,,vertical,-0.2571,-0.3036,0.5
2026-07-24 13:41,2026-W30,SLV,SLV260821C00052500,0,skip,,vertical,-0.0418,-0.0589,0.0453
2026-07-24 13:41,2026-W30,MSTR,MSTR260821P00080000,0,skip,,vertical,-0.1014,-0.1449,0.0533
2026-07-24 13:41,2026-W30,EWY,EWY260731C00180000,0,skip,,down,-0.5242,-0.7742,0.0553
2026-07-24 13:52,2026-W30,XLE,XLE260821C00062000,1,skip,,down,-0.5024,-0.5596,0.0588
2026-07-24 13:52,2026-W30,INTC,INTC260727P00098000,0,skip,,up,0.3587,0.3349,0.0223
2026-07-24 13:52,2026-W30,INTC,INTC260821P00080000,0,skip,,vertical,0.2903,0.2601,0.0224
2026-07-24 13:52,2026-W30,QQQ,QQQ260724P00688000,0,skip,,up,0.7552,0.7241,0.0118
2026-07-24 13:52,2026-W30,MSFT,MSFT260724P00382500,0,skip,,down,-0.6757,-0.7085,0.0233
2026-07-24 13:52,2026-W30,SPY,SPY260724P00741000,0,skip,,up,0.498,0.4804,0.0065
2026-07-24 13:52,2026-W30,SPY,SPY260729P00736000,0,skip,,vertical,-0.135,-0.1375,0.0063
2026-07-24 13:52,2026-W30,ORCL,ORCL260724C00118000,0,skip,,down,-0.5974,-0.6299,0.0214
2026-07-24 13:52,2026-W30,AMC,AMC260821C00002000,0,skip,,vertical,-0.087,-0.1413,0.4354
2026-07-24 13:52,2026-W30,CRCL,CRCL260821C00080000,0,skip,,vertical,0.0341,-0.0142,0.0982
2026-07-24 13:52,2026-W30,XLE,XLE260731C00061000,0,skip,,up,0.3125,0.2812,0.0618
2026-07-24 13:52,2026-W30,COIN,COIN260724C00155000,0,skip,,down,-0.5224,-0.6,0.0516
2026-07-24 13:52,2026-W30,COIN,COIN260731P00135000,0,skip,,vertical,-0.2215,-0.2785,0.0485
2026-07-24 13:52,2026-W30,SPY,SPY260728C00726000,0,skip,,vertical,-0.081,-0.0906,0.0063
2026-07-24 14:04,2026-W30,QQQ,QQQ260727P00680000,0,skip,,down,-0.5316,-0.5431,0.0124
2026-07-24 14:04,2026-W30,QQQ,QQQ260724P00683000,0,skip,,down,-0.5297,-0.5649,0.0138
2026-07-24 14:04,2026-W30,MXL,MXL260821P00065000,0,skip,,up,0.3098,0.261,0.1825
2026-07-24 14:04,2026-W30,HOOD,HOOD260724P00097000,0,skip,,up,1.0223,0.9972,0.0813
2026-07-24 14:04,2026-W30,GLW,GLW260724P00152500,0,skip,,down,-0.6857,-0.7571,0.1111
2026-07-24 14:04,2026-W30,NFLX,NFLX260724P00073000,0,skip,,vertical,-0.3215,-0.3468,0.0576
2026-07-24 14:04,2026-W30,CSX,CSX270115C00060000,0,skip,,vertical,-0.05,-0.0656,0.2
2026-07-24 14:04,2026-W30,RIVN,RIVN260731C00018000,0,skip,,vertical,-0.4524,-0.4762,0.2159
2026-07-24 14:04,2026-W30,BABA,BABA260807C00114000,0,skip,,vertical,-0.2247,-0.2863,0.0383
2026-07-24 14:04,2026-W30,RKLB,RKLB260821C00110000,0,skip,,vertical,-0.3333,-0.3646,0.096
2026-07-24 14:04,2026-W30,SNXX,SNXX260731C00019000,0,skip,,down,-0.58,-0.6967,0.5
2026-07-24 14:04,2026-W30,EEM,EEM261120P00040000,0,skip,,down,-0.5122,-0.7317,0.25
2026-07-24 14:04,2026-W30,LMND,LMND260821C00070000,0,skip,,vertical,-0.2853,-0.3662,0.2706
2026-07-24 14:04,2026-W30,APLD,APLD260731C00030000,0,skip,,vertical,-0.3274,-0.3631,0.1254
2026-07-24 14:04,2026-W30,TLT,TLT260918C00085000,0,skip,,vertical,-0.125,-0.1319,0.0283
2026-07-24 14:04,2026-W30,EWY,EWY261016C00255000,0,skip,,vertical,-0.4692,-0.4788,0.0534
2026-07-24 14:04,2026-W30,GLD,GLD260807C00385000,0,skip,,vertical,-0.2222,-0.2671,0.0314
2026-07-24 14:04,2026-W30,SMH,SMH260821P00550000,0,skip,,vertical,0.0145,-0.0032,0.0179
2026-07-24 14:12,2026-W30,NOK,NOK280121C00012000,0,skip,,vertical,-0.082,-0.0963,0.2164
2026-07-24 14:12,2026-W30,SOFI,SOFI260918P00018000,0,skip,,vertical,-0.0275,-0.0392,0.046
2026-07-24 14:12,2026-W30,SPY,SPY270319C00950000,0,skip,,vertical,-0.0851,-0.0957,0.0063
2026-07-24 14:12,2026-W30,SPY,SPY260724P00738000,0,skip,,up,0.4486,0.4299,0.0068
2026-07-24 14:12,2026-W30,EWY,EWY260724P00167000,0,skip,,down,-0.5051,-0.6718,0.0588
2026-07-24 14:12,2026-W30,UNH,UNH260821C00470000,0,skip,,vertical,-0.3552,-0.4235,0.0724
2026-07-24 14:12,2026-W30,MRX,MRX261218P00050000,0,skip,,vertical,-0.4313,-0.7047,1.0
2026-07-24 14:12,2026-W30,TLT,TLT280121C00090000,0,skip,,vertical,-0.0048,-0.012,0.0282
2026-07-24 14:12,2026-W30,WULF,WULF260821C00028000,0,skip,,down,-0.5135,-0.6757,0.1049
2026-07-24 14:21,2026-W30,WMT,WMT260821P00104000,1,skip,,down,-0.5206,-0.5321,0.1667
2026-07-24 14:21,2026-W30,CSCO,CSCO261016P00095000,0,skip,,vertical,-0.1695,-0.2203,0.1031
2026-07-24 14:21,2026-W30,WMT,WMT260821P00109000,0,skip,,vertical,-0.1173,-0.1507,0.1576
2026-07-24 14:21,2026-W30,QQQ,QQQ260724P00685000,0,skip,,down,-0.6235,-0.6373,0.0126
2026-07-24 14:21,2026-W30,SPY,SPY260730P00726000,0,skip,,down,-0.5,-0.5041,0.0066
2026-07-24 14:21,2026-W30,DELL,DELL260807P00345000,0,skip,,vertical,-0.1655,-0.2176,0.0363
2026-07-24 14:21,2026-W30,TQQQ,TQQQ260821P00045000,0,skip,,vertical,-0.2706,-0.3059,0.0615
2026-07-24 14:21,2026-W30,TSLA,TSLA260727P00310000,0,skip,,up,0.4114,0.3971,0.0148
2026-07-24 14:21,2026-W30,ORCL,ORCL260731P00106000,0,skip,,vertical,0.1038,0.0708,0.02
2026-07-24 14:21,2026-W30,TLT,TLT260918C00084000,0,skip,,vertical,-0.1182,-0.1227,0.0281
2026-07-24 14:21,2026-W30,IREN,IREN260821C00055000,0,skip,,vertical,-0.1776,-0.1963,0.02
2026-07-24 14:21,2026-W30,CRDO,CRDO260724C00220000,0,skip,,down,-0.808,-0.908,0.1667
2026-07-24 14:21,2026-W30,BABA,BABA260821P00100000,0,skip,,vertical,-0.1571,-0.2107,0.038
2026-07-24 14:21,2026-W30,BABA,BABA260731C00113000,0,skip,,vertical,-0.1819,-0.198,0.038
2026-07-24 14:31,2026-W30,SLB,SLB260821P00049500,1,skip,,down,-0.605,-0.6853,0.5
2026-07-24 14:31,2026-W30,SPY,SPY260731C00745000,0,skip,,up,0.3553,0.3513,0.0066
2026-07-24 14:31,2026-W30,ENPH,ENPH261120C00070000,0,skip,,vertical,-0.3118,-0.3853,0.1783
2026-07-24 14:31,2026-W30,WULF,WULF260918P00017000,0,skip,,vertical,0.1005,0.0879,0.105
2026-07-24 14:31,2026-W30,SLB,SLB260918P00050000,0,skip,,vertical,-0.1579,-0.1816,0.3516
2026-07-24 14:31,2026-W30,SPY,SPY260731P00707000,0,skip,,vertical,0.0,-0.0069,0.0062
2026-07-24 14:31,2026-W30,VST,VST260821C00195000,0,skip,,vertical,-0.5169,-0.5637,0.1825
2026-07-24 14:31,2026-W30,BSX,BSX270115C00060000,0,skip,,vertical,-0.11,-0.1225,0.3991
2026-07-24 14:31,2026-W30,IBIT,IBIT260821C00035000,0,skip,,vertical,0.0636,0.0614,0.0436
2026-07-24 14:31,2026-W30,DVN,DVN260821C00046000,0,skip,,vertical,-0.215,-0.2375,0.1294
2026-07-24 14:31,2026-W30,TLT,TLT270115C00092000,0,skip,,vertical,-0.14,-0.16,0.028
2026-07-24 14:31,2026-W30,ZM,ZM260821C00095000,0,skip,,vertical,0.0192,-0.0216,0.3333
2026-07-24 14:31,2026-W30,EWY,EWY260724P00165000,0,skip,,down,-0.6,-0.8051,0.0526
2026-07-24 14:31,2026-W30,ON,ON260731C00096000,0,skip,,down,-0.5565,-0.6089,0.0928
2026-07-24 14:31,2026-W30,CRWV,CRWV260724C00075000,0,skip,,down,-0.5,-0.537,0.0535
2026-07-24 14:31,2026-W30,NBIS,NBIS260821C00300000,0,skip,,vertical,-0.2951,-0.3357,0.0094
2026-07-24 14:41,2026-W30,PAAS,PAAS260821C00046000,1,skip,,vertical,-0.4708,-0.5935,0.5
2026-07-24 14:41,2026-W30,NVDA,NVDA260727P00205000,0,skip,,down,-0.5597,-0.5746,0.0136
2026-07-24 14:41,2026-W30,IBIT,IBIT261218P00027000,0,skip,,vertical,-0.0455,-0.0625,0.0435
2026-07-24 14:41,2026-W30,QQQ,QQQ260724P00684000,0,skip,,down,-0.6493,-0.6564,0.0121
2026-07-24 14:41,2026-W30,NVDA,NVDA260729P00200000,0,skip,,down,-0.5398,-0.5531,0.0135
2026-07-24 14:41,2026-W30,SOFI,SOFI270617C00020000,0,skip,,vertical,-0.0194,-0.0355,0.0454
2026-07-24 14:41,2026-W30,SIL,SIL261016C00090000,0,skip,,vertical,-0.15,-0.1812,1.0
2026-07-24 14:41,2026-W30,PAAS,PAAS261120C00060000,0,skip,,vertical,-0.2114,-0.2543,0.5
2026-07-24 14:41,2026-W30,TQQQ,TQQQ260731C00065000,0,skip,,up,0.3137,0.3137,0.0628
2026-07-24 14:52,2026-W30,GEHC,GEHC260821P00058000,1,skip,,down,-0.5894,-1.0534,0.5
2026-07-24 14:52,2026-W30,DVN,DVN261218C00057500,0,skip,,vertical,-0.3481,-0.4593,0.127
2026-07-24 14:52,2026-W30,INTC,INTC260731C00100000,0,skip,,vertical,-0.3733,-0.375,0.0223
2026-07-24 14:52,2026-W30,AAPL,AAPL260724C00330000,0,skip,,up,0.8812,0.8515,0.0532
2026-07-24 14:52,2026-W30,ETR,ETR260918C00120000,0,skip,,vertical,-0.137,-0.2111,1.0
2026-07-24 14:52,2026-W30,CRWV,CRWV260731P00070000,0,skip,,vertical,0.3404,0.3149,0.0465
2026-07-24 14:52,2026-W30,TSLA,TSLA260724P00312500,0,skip,,up,0.4479,0.4358,0.0135
2026-07-24 14:52,2026-W30,CLF,CLF260821P00011000,0,skip,,down,-0.5135,-0.5541,0.2853
2026-07-24 14:52,2026-W30,GEHC,GEHC260821P00061000,0,skip,,vertical,0.0218,-0.0145,0.987
2026-07-24 14:52,2026-W30,AAL,AAL260821C00014000,0,skip,,vertical,0.1765,0.1647,0.1997
2026-07-24 14:52,2026-W30,GLXY,GLXY260918P00022500,0,skip,,vertical,0.0067,-0.0067,0.3019
2026-07-24 14:52,2026-W30,KRE,KRE261016P00075000,0,skip,,vertical,-0.0892,-0.1046,0.0686
2026-07-24 14:52,2026-W30,MAGS,MAGS260918P00065000,0,skip,,vertical,-0.12,-0.1486,0.1908
2026-07-24 14:52,2026-W30,BAX,BAX260724C00021500,0,skip,,vertical,-1.0,-1.05,1.0
2026-07-24 14:52,2026-W30,DOCS,DOCS260918C00022500,0,skip,,vertical,-0.2,-0.2455,1.0
2026-07-24 14:52,2026-W30,SOXL,SOXL260731P00094000,0,skip,,down,-0.5071,-0.625,0.0335
2026-07-24 14:52,2026-W30,CLSK,CLSK260731C00014500,0,skip,,vertical,-0.2245,-0.2449,0.134
2026-07-24 14:52,2026-W30,ARKG,ARKG260821P00035000,0,skip,,vertical,-0.27,-0.52,0.5
2026-07-24 15:02,2026-W30,PURR,PURR260821C00006500,1,skip,,vertical,-0.4483,-0.5872,0.5
2026-07-24 15:02,2026-W30,QQQ,QQQ260724C00688000,0,skip,,up,0.33,0.3275,0.0118
2026-07-24 15:02,2026-W30,TSLA,TSLA260724C00310000,0,skip,,down,-0.5,-0.5203,0.0135
2026-07-24 15:02,2026-W30,IWM,IWM261016P00250000,0,skip,,vertical,-0.0282,-0.0399,0.0285
2026-07-24 15:02,2026-W30,NVDA,NVDA260724C00207500,0,skip,,up,0.328,0.316,0.0134
2026-07-24 15:02,2026-W30,HOOD,HOOD260724C00094000,0,skip,,up,0.4643,0.4375,0.0833
2026-07-24 15:02,2026-W30,QQQ,QQQ260724C00686000,0,skip,,up,0.3245,0.3096,0.0118
2026-07-24 15:02,2026-W30,GLD,GLD260828C00430000,0,skip,,vertical,-0.3488,-0.4535,0.0308
2026-07-24 15:02,2026-W30,TMUS,TMUS260821C00195000,0,skip,,vertical,-0.14,-0.215,1.0
2026-07-24 15:02,2026-W30,PURR,PURR261218C00010000,0,skip,,vertical,-0.28,-0.405,0.5
2026-07-24 15:02,2026-W30,BMNR,BMNR260807C00016000,0,skip,,vertical,-0.0526,-0.1211,0.077
2026-07-24 15:02,2026-W30,ON,ON260828C00130000,0,skip,,down,-0.5169,-0.7697,0.1
2026-07-24 15:02,2026-W30,SOXS,SOXS260731C00062000,0,skip,,vertical,-0.0828,-0.2138,0.0965
2026-07-24 15:04,2026-W30,ABT,ABT260821C00108000,1,skip,,down,-0.6061,-0.6989,0.3333
2026-07-24 15:04,2026-W30,LYB,LYB260821C00060000,0,skip,,vertical,-0.1436,-0.1692,1.0
2026-07-24 15:04,2026-W30,RSP,RSP260821P00210000,0,skip,,vertical,-0.1911,-0.28,1.0
2026-07-24 15:04,2026-W30,SWKS,SWKS261120C00100000,0,skip,,vertical,-0.3586,-0.4621,1.0
2026-07-24 15:04,2026-W30,CELH,CELH261016P00025000,0,skip,,vertical,-0.1067,-0.1265,0.2691
2026-07-24 15:04,2026-W30,ABT,ABT260731C00100000,0,skip,,vertical,-0.1415,-0.1659,0.4942
2026-07-24 15:04,2026-W30,CORZ,CORZ260731C00023000,0,skip,,vertical,-0.3034,-0.3207,0.388
2026-07-24 15:04,2026-W30,FCX,FCX260731P00060000,0,skip,,vertical,-0.3704,-0.4259,0.717
2026-07-24 15:04,2026-W30,FRMI,FRMI260731C00007500,0,skip,,up,0.3,0.2375,0.3333
2026-07-24 15:04,2026-W30,CVNA,CVNA260918C00090000,0,skip,,vertical,-0.2113,-0.2887,0.1207
2026-07-24 15:04,2026-W30,METC,METC260821C00011000,0,skip,,vertical,-0.1182,-0.1409,0.5
2026-07-24 15:04,2026-W30,METC,METC260821C00012000,0,skip,,vertical,-0.1733,-0.24,0.5
2026-07-24 15:04,2026-W30,GOOG,GOOG280121C00330000,0,skip,,vertical,-0.0292,-0.0497,0.0513
2026-07-24 15:12,2026-W30,ZIM,ZIM260821C00026500,1,skip,,down,-1.0,-2.0,0.5
2026-07-24 15:12,2026-W30,VNQ,VNQ260918C00100000,0,skip,,vertical,-0.0735,-0.0882,1.0
2026-07-24 15:12,2026-W30,SPY,SPY260731P00725000,0,skip,,up,0.3258,0.3213,0.0062
2026-07-24 15:12,2026-W30,IWM,IWM260730P00283000,0,skip,,vertical,0.0513,0.0256,0.0284
2026-07-24 15:12,2026-W30,SQQQ,SQQQ260807C00060000,0,skip,,down,-0.5238,-0.6429,0.25
2026-07-24 15:12,2026-W30,NVDA,NVDA260724C00210000,0,skip,,up,0.6078,0.5784,0.0133
2026-07-24 15:12,2026-W30,ZIM,ZIM260821C00026000,0,skip,,down,-0.6737,-0.9089,0.9151
2026-07-24 15:12,2026-W30,XBI,XBI260731P00147000,0,skip,,down,-0.521,-0.6437,0.5
2026-07-24 15:12,2026-W30,PEP,PEP260807P00137000,0,skip,,vertical,-0.3147,-0.4029,0.191
2026-07-24 15:12,2026-W30,IBM,IBM260821C00250000,0,skip,,vertical,0.0,-0.0171,0.0642
2026-07-24 15:12,2026-W30,AAL,AAL270115C00015000,0,skip,,vertical,0.037,0.0291,0.1996
2026-07-24 15:12,2026-W30,CRWV,CRWV260724C00074000,0,skip,,up,0.36,0.34,0.0511
2026-07-24 15:12,2026-W30,WDAY,WDAY260918C00190000,0,skip,,vertical,-0.435,-0.585,0.2373
2026-07-24 15:21,2026-W30,PYPL,PYPL260821C00058000,1,skip,,down,-0.5,-0.7337,0.0909
2026-07-24 15:21,2026-W30,IWM,IWM260731P00283000,0,skip,,up,0.4444,0.3889,0.0285
2026-07-24 15:21,2026-W30,CVNA,CVNA270115P00040000,0,skip,,vertical,-0.0635,-0.0873,0.1178
2026-07-24 15:21,2026-W30,SKHY,SKHY260807P00100000,0,skip,,vertical,-0.35,-0.5167,0.0847
2026-07-24 15:21,2026-W30,PYPL,PYPL260731C00056000,0,skip,,vertical,0.0511,0.0298,0.0869
2026-07-24 15:21,2026-W30,PYPL,PYPL260724P00056000,0,skip,,down,-0.6774,-0.8226,0.0909
2026-07-24 15:21,2026-W30,NKE,NKE260918P00042500,0,skip,,vertical,-0.0737,-0.0772,0.5
2026-07-24 15:21,2026-W30,SO,SO260814C00102000,0,skip,,down,-0.8692,-1.3115,1.0
2026-07-24 15:21,2026-W30,BKR,BKR261016C00065000,0,skip,,vertical,-0.1833,-0.2389,0.8963
2026-07-24 15:21,2026-W30,GAP,GAP260918P00019000,0,skip,,vertical,0.0,-0.0133,1.0
2026-07-24 15:21,2026-W30,NOW,NOW261120C00170000,0,skip,,vertical,-0.1714,-0.2036,0.0442
2026-07-24 15:21,2026-W30,USO,USO260731C00160000,0,skip,,down,-0.6311,-0.9369,0.0476
2026-07-24 15:21,2026-W30,CVNA,CVNA260731C00063000,0,skip,,vertical,-0.0856,-0.1027,0.1178
2026-07-24 15:21,2026-W30,HYG,HYG260821P00079000,0,skip,,vertical,-0.0408,-0.102,0.3411
2026-07-24 15:21,2026-W30,TQQQ,TQQQ260724P00066000,0,skip,,down,-0.5062,-0.5309,0.0607
2026-07-24 15:21,2026-W30,OPEN,OPEN280121C00005000,0,skip,,vertical,-0.1686,-0.218,0.3333
2026-07-24 15:32,2026-W30,TSLL,TSLL260828C00007500,1,skip,,vertical,-0.266,-0.3153,0.3897
2026-07-24 15:32,2026-W30,CRCL,CRCL260814C00070000,0,skip,,vertical,-0.1425,-0.1836,0.0928
2026-07-24 15:32,2026-W30,QQQ,QQQ260730P00650000,0,skip,,up,0.3786,0.3689,0.0112
2026-07-24 15:32,2026-W30,SPY,SPY260727C00743000,0,skip,,down,-0.597,-0.5989,0.0063
2026-07-24 15:32,2026-W30,HELP,HELP261218C00010000,0,skip,,vertical,-0.2172,-0.3121,0.5
2026-07-24 15:32,2026-W30,GEO,GEO260821C00032000,0,skip,,vertical,-0.3644,-0.4311,0.3681
2026-07-24 15:32,2026-W30,TLT,TLT260805C00084000,0,skip,,vertical,-0.3784,-0.4189,0.0275
2026-07-24 15:32,2026-W30,MDB,MDB260814C00390000,0,skip,,down,-0.5333,-0.7854,0.0556
2026-07-24 15:32,2026-W30,GEO,GEO260821C00033000,0,skip,,vertical,-0.3167,-0.4,0.3681
2026-07-24 15:32,2026-W30,IREN,IREN261016P00029000,0,skip,,vertical,0.0077,-0.0115,0.0197
2026-07-24 15:32,2026-W30,TSLL,TSLL270115C00015000,0,skip,,vertical,-0.0612,-0.0816,0.3897
2026-07-24 15:32,2026-W30,CHWY,CHWY260918C00025000,0,skip,,vertical,-0.141,-0.1538,1.0
2026-07-24 15:32,2026-W30,CRWV,CRWV260807P00065000,0,skip,,vertical,0.2372,0.1977,0.0454
2026-07-24 15:32,2026-W30,LUV,LUV260904P00048000,0,skip,,vertical,-0.1506,-0.2247,1.0
2026-07-24 15:32,2026-W30,FXI,FXI260821C00035000,0,skip,,vertical,-0.2093,-0.2733,1.0
2026-07-24 15:32,2026-W30,FIGR,FIGR260731C00029000,0,skip,,down,-0.5538,-0.5923,1.0
2026-07-24 15:32,2026-W30,LMND,LMND260807C00069000,0,skip,,vertical,-0.2983,-0.4085,0.25
2026-07-24 15:32,2026-W30,EWJ,EWJ260821P00093000,0,skip,,vertical,-0.1625,-0.2016,0.5
2026-07-24 15:41,2026-W30,S,S260821C00019000,1,skip,,vertical,-0.3712,-0.4065,0.2611
2026-07-24 15:41,2026-W30,XLE,XLE260731C00060000,0,skip,,vertical,0.05,0.0375,0.0625
2026-07-24 15:41,2026-W30,CRWD,CRWD260807C00203750,0,skip,,vertical,-0.0427,-0.09,0.0736
2026-07-24 15:41,2026-W30,S,S260731C00018000,0,skip,,vertical,-0.1143,-0.2214,0.2611
2026-07-24 15:41,2026-W30,DVN,DVN270115C00052500,0,skip,,vertical,-0.224,-0.284,0.124
2026-07-24 15:41,2026-W30,COP,COP261016C00135000,0,skip,,vertical,-0.5936,-0.6254,0.1835
2026-07-24 15:41,2026-W30,SNDK,SNDK260724P01455000,0,skip,,down,-0.555,-0.655,0.0189
2026-07-24 15:41,2026-W30,TTD,TTD260918C00020000,0,skip,,vertical,-0.0531,-0.0752,0.3333
2026-07-24 15:41,2026-W30,DIA,DIA260731P00518000,0,skip,,up,0.3322,0.3163,0.0798
2026-07-24 15:41,2026-W30,SOXL,SOXL260821P00040000,0,skip,,vertical,0.0349,-0.0523,0.0293
2026-07-24 15:41,2026-W30,NFLX,NFLX260731P00068000,0,skip,,vertical,-0.0962,-0.1154,0.0558
2026-07-24 15:41,2026-W30,EGO,EGO260918C00031000,0,skip,,vertical,-0.2256,-0.2385,1.0
2026-07-24 15:41,2026-W30,CRDO,CRDO260807P00172500,0,skip,,vertical,-0.1297,-0.1973,0.1295
2026-07-24 15:41,2026-W30,CLMT,CLMT260821C00040000,0,skip,,vertical,-0.0821,-0.1077,0.598
2026-07-24 15:52,2026-W30,NVO,NVO260821C00051000,1,skip,,down,-0.5106,-0.5433,0.1667
2026-07-24 15:52,2026-W30,QQQ,QQQ260724C00690000,0,skip,,up,0.454,0.4448,0.0112
2026-07-24 15:52,2026-W30,RBLX,RBLX261016P00040000,0,skip,,vertical,-0.0226,-0.0387,0.5
2026-07-24 15:52,2026-W30,SLB,SLB260918C00055000,0,skip,,vertical,0.0649,0.039,0.2077
2026-07-24 15:52,2026-W30,USO,USO260724C00135000,0,skip,,down,-0.5059,-0.5941,0.045
2026-07-24 15:52,2026-W30,AAPL,AAPL260724C00332500,0,skip,,down,-0.5481,-0.5704,0.0501
2026-07-24 15:52,2026-W30,SPY,SPY260730P00716000,0,skip,,up,0.4921,0.4841,0.0062
2026-07-24 15:52,2026-W30,SPY,SPY260724P00742000,0,skip,,up,0.4587,0.445,0.0064
2026-07-24 15:52,2026-W30,NVO,NVO260821C00050000,0,skip,,vertical,-0.1048,-0.1119,0.1737
2026-07-24 15:52,2026-W30,LULU,LULU260724P00116000,0,skip,,down,-0.5253,-0.5645,0.0909
2026-07-24 15:52,2026-W30,CPNG,CPNG260918C00018000,0,skip,,vertical,-0.36,-0.3933,0.5
2026-07-24 15:52,2026-W30,NEE,NEE260904C00090000,0,skip,,vertical,-0.1672,-0.2148,0.3333
2026-07-24 15:52,2026-W30,SOFI,SOFI260918P00016000,0,skip,,vertical,0.0079,-0.004,0.0441
2026-07-24 15:52,2026-W30,STM,STM260814P00045000,0,skip,,vertical,-0.1333,-0.2815,0.4816
2026-07-24 15:52,2026-W30,AROC,AROC261120P00035000,0,skip,,vertical,-0.1057,-0.1906,0.5
2026-07-24 15:52,2026-W30,RGTI,RGTI270219P00010000,0,skip,,vertical,-0.2073,-0.2866,0.5
2026-07-24 15:52,2026-W30,FLG,FLG270115C00015000,0,skip,,vertical,-0.2444,-0.3278,1.0
2026-07-24 16:02,2026-W30,M,M260821P00022500,1,skip,,vertical,-0.4355,-0.4935,0.4311
2026-07-24 16:02,2026-W30,IWM,IWM260828P00275000,0,skip,,vertical,0.1584,0.1561,0.0278
2026-07-24 16:02,2026-W30,SPY,SPY260730C00749000,0,skip,,down,-0.5,-0.504,0.0061
2026-07-24 16:02,2026-W30,SOXX,SOXX260731P00460000,0,skip,,vertical,-0.0308,-0.1462,0.043
2026-07-24 16:02,2026-W30,IBIT,IBIT261120C00040000,0,skip,,vertical,0.0099,0.005,0.043
2026-07-24 16:02,2026-W30,TLT,TLT270219P00080000,0,skip,,vertical,0.0479,0.0342,0.0272
2026-07-24 16:02,2026-W30,ACI,ACI260821C00011000,0,skip,,vertical,-0.4,-0.4455,1.0
2026-07-24 16:02,2026-W30,QCOM,QCOM260724C00167500,0,skip,,up,0.5878,0.5068,0.0625
2026-07-24 16:02,2026-W30,M,M260918P00023000,0,skip,,vertical,-0.1047,-0.1221,0.4311
2026-07-24 16:02,2026-W30,RGEN,RGEN260821C00155000,0,skip,,down,-0.6,-0.9043,1.0
2026-07-24 16:02,2026-W30,EQT,EQT260731C00053000,0,skip,,vertical,-0.3228,-0.3504,0.7105
2026-07-24 16:02,2026-W30,PYPL,PYPL260731P00053000,0,skip,,vertical,0.0577,0.0385,0.0835
2026-07-24 16:12,2026-W30,NCLH,NCLH260821C00020500,1,skip,,down,-0.5,-0.6045,0.25
2026-07-24 16:12,2026-W30,AAPL,AAPL260727P00335000,0,skip,,vertical,-0.1151,-0.1288,0.0458
2026-07-24 16:12,2026-W30,CSCO,CSCO261016C00130000,0,skip,,vertical,-0.1,-0.1298,0.0925
2026-07-24 16:12,2026-W30,NOW,NOW260724C00095000,0,skip,,up,0.3184,0.2937,0.0453
2026-07-24 16:12,2026-W30,MU,MU260729P00750000,0,skip,,up,0.4182,0.3727,0.0079
2026-07-24 16:12,2026-W30,NVDA,NVDA260731C00215000,0,skip,,down,-0.516,-0.5178,0.0124
2026-07-24 16:12,2026-W30,S,S260918C00022000,0,skip,,vertical,-0.1263,-0.1526,0.2284
2026-07-24 16:12,2026-W30,NCLH,NCLH260918C00017000,0,skip,,vertical,-0.1507,-0.2466,0.2939
2026-07-24 16:12,2026-W30,UVXY,UVXY260731C00022000,0,skip,,vertical,0.0069,-0.0677,0.3333
2026-07-24 16:12,2026-W30,MSTR,MSTR260724C00094000,0,skip,,down,-0.6,-0.6727,0.0526
2026-07-24 16:12,2026-W30,S,S270115C00020000,0,skip,,vertical,-0.1185,-0.1556,0.2284
2026-07-24 16:12,2026-W30,RIVN,RIVN260724P00017500,0,skip,,vertical,-0.1411,-0.2117,0.2077
2026-07-24 16:12,2026-W30,CELH,CELH270617P00022500,0,skip,,vertical,-0.0938,-0.1123,0.25
2026-07-24 16:12,2026-W30,BALL,BALL261016P00062500,0,skip,,vertical,-0.2387,-0.279,1.0
2026-07-24 16:12,2026-W30,IREN,IREN260807C00043000,0,skip,,vertical,-0.4569,-0.5037,0.0195
2026-07-24 16:12,2026-W30,CBRS,CBRS260724C00205000,0,skip,,down,-0.5267,-0.61,0.1429
2026-07-24 16:22,2026-W30,BMY,BMY260821P00060000,1,skip,,down,-0.5897,-0.6542,0.5
2026-07-24 16:22,2026-W30,NVDA,NVDA260729P00210000,0,skip,,up,0.5302,0.5252,0.0124
2026-07-24 16:22,2026-W30,INTC,INTC260821P00075000,0,skip,,vertical,0.2695,0.2335,0.0224
2026-07-24 16:22,2026-W30,GOOG,GOOG260724P00320000,0,skip,,down,-0.6627,-0.7041,0.0519
2026-07-24 16:22,2026-W30,SKHY,SKHY260807P00105000,0,skip,,vertical,-0.18,-0.2633,0.083
2026-07-24 16:22,2026-W30,CRWD,CRWD260807C00200000,0,skip,,vertical,-0.014,-0.0524,0.073
2026-07-24 16:22,2026-W30,BMY,BMY261016P00057500,0,skip,,vertical,-0.1244,-0.1943,0.9817
2026-07-24 16:22,2026-W30,ETHA,ETHA260821P00014000,0,skip,,vertical,-0.0694,-0.0764,0.1429
2026-07-24 16:22,2026-W30,DKNG,DKNG260918P00022500,0,skip,,vertical,-0.0435,-0.0543,0.5
2026-07-24 16:22,2026-W30,EOSE,EOSE280121C00010000,0,skip,,vertical,-0.0565,-0.0685,0.2901
2026-07-24 16:22,2026-W30,ZETA,ZETA260821C00025000,0,skip,,vertical,-0.2182,-0.2636,0.8213
2026-07-24 16:22,2026-W30,PYPL,PYPL260731C00060000,0,skip,,vertical,0.0,-0.0611,0.082
2026-07-24 16:31,2026-W30,IGV,IGV260821P00085000,1,skip,,down,-0.545,-0.6227,0.125
2026-07-24 16:31,2026-W30,CLF,CLF260731P00012000,0,skip,,down,-0.5542,-0.7108,0.2387
2026-07-24 16:31,2026-W30,IGV,IGV260821P00090000,0,skip,,vertical,0.045,0.0325,0.1113
2026-07-24 16:31,2026-W30,SPY,SPY260724P00743000,0,skip,,up,0.5776,0.5517,0.0065
2026-07-24 16:31,2026-W30,ORCL,ORCL260821P00100000,0,skip,,vertical,0.265,0.2475,0.0192
2026-07-24 16:31,2026-W30,SPY,SPY260729C00751000,0,skip,,down,-0.5586,-0.5631,0.0061
2026-07-24 16:31,2026-W30,IWM,IWM260731P00292000,0,skip,,up,0.316,0.304,0.0277
2026-07-24 16:31,2026-W30,FITB,FITB260821C00060000,0,skip,,vertical,-0.3882,-0.4765,1.0
2026-07-24 16:31,2026-W30,SLB,SLB260731P00052000,0,skip,,vertical,-0.3419,-0.4017,0.1838
2026-07-24 16:31,2026-W30,KRE,KRE261016P00065000,0,skip,,vertical,-0.0658,-0.1382,0.0652
2026-07-24 16:31,2026-W30,SOXL,SOXL260731P00104000,0,skip,,up,0.3471,0.2354,0.029
2026-07-24 16:31,2026-W30,NBIS,NBIS260724C00205000,0,skip,,down,-0.674,-0.6982,0.0091
2026-07-24 16:31,2026-W30,GLD,GLD260807C00370000,0,skip,,vertical,-0.1475,-0.1615,0.0298
2026-07-24 16:41,2026-W30,PDD,PDD260821C00086000,1,skip,,vertical,-0.4873,-0.61,0.0892
2026-07-24 16:41,2026-W30,SOXL,SOXL260821P00070000,0,skip,,vertical,0.07,-0.0112,0.0285
2026-07-24 16:41,2026-W30,BSX,BSX260821P00040000,0,skip,,vertical,-0.0316,-0.1105,0.3333
2026-07-24 16:41,2026-W30,AMD,AMD260731P00450000,0,skip,,up,0.4573,0.407,0.0233
2026-07-24 16:41,2026-W30,PDD,PDD261016C00090000,0,skip,,vertical,-0.0734,-0.0924,0.0892
2026-07-24 16:41,2026-W30,SPY,SPY260728C00744000,0,skip,,down,-0.5394,-0.5413,0.0061
2026-07-24 16:41,2026-W30,SOFI,SOFI260731C00017000,0,skip,,vertical,-0.0299,-0.0373,0.0432
2026-07-24 16:41,2026-W30,SMH,SMH260731P00480000,0,skip,,up,0.5035,0.4291,0.0173
2026-07-24 16:41,2026-W30,USO,USO260828P00111000,0,skip,,vertical,-0.2778,-0.3472,0.0362
2026-07-24 16:41,2026-W30,CORZ,CORZ260918C00033000,0,skip,,vertical,-0.2439,-0.2927,0.3333
2026-07-24 16:41,2026-W30,EFA,EFA260821P00106000,0,skip,,vertical,0.0103,-0.0362,0.766
2026-07-24 16:41,2026-W30,AGNC,AGNC260731C00010000,0,skip,,vertical,-0.25,-0.3162,1.0
2026-07-24 16:41,2026-W30,GDXJ,GDXJ260731C00103000,0,skip,,vertical,-0.4958,-0.6639,0.25
2026-07-24 16:41,2026-W30,WOLF,WOLF270115C00080000,0,skip,,vertical,-0.4046,-0.5144,0.8778
2026-07-24 16:41,2026-W30,AAP,AAP260731C00054000,0,skip,,vertical,0.21,0.16,1.0
2026-07-24 16:52,2026-W30,ONDS,ONDS260821P00007500,1,skip,,vertical,-0.3107,-0.3842,0.2
2026-07-24 16:52,2026-W30,BE,BE260731C00302500,0,skip,,down,-0.6592,-0.7155,0.0226
2026-07-24 16:52,2026-W30,QQQ,QQQ260724P00689000,0,skip,,up,1.1304,1.1211,0.0109
2026-07-24 16:52,2026-W30,SPY,SPY260727P00740000,0,skip,,up,0.445,0.4381,0.0061
2026-07-24 16:52,2026-W30,ONDS,ONDS260918P00009000,0,skip,,vertical,0.0352,0.0097,0.2
2026-07-24 16:52,2026-W30,SPY,SPY260918P00665000,0,skip,,vertical,0.0896,0.0882,0.006
2026-07-24 16:52,2026-W30,SPY,SPY260724P00744000,0,skip,,up,0.6139,0.6073,0.0061
2026-07-24 16:52,2026-W30,AAPL,AAPL260727P00332500,0,skip,,vertical,-0.0913,-0.0959,0.0444
2026-07-24 16:52,2026-W30,HNGE,HNGE260821C00080000,0,skip,,vertical,-0.4154,-0.4538,0.3333
2026-07-24 16:52,2026-W30,NVO,NVO270319C00065000,0,skip,,vertical,-0.0976,-0.1179,0.1667
2026-07-24 16:52,2026-W30,XLC,XLC260918P00106000,0,skip,,vertical,-0.0214,-0.0482,1.0
2026-07-24 16:52,2026-W30,CXW,CXW260821C00034000,0,skip,,vertical,-0.304,-0.344,1.0
2026-07-24 16:52,2026-W30,SOFI,SOFI260731C00016500,0,skip,,vertical,-0.023,-0.0287,0.0431
2026-07-24 16:52,2026-W30,RIVN,RIVN260918C00017000,0,skip,,vertical,-0.0735,-0.0772,0.1987
2026-07-24 16:52,2026-W30,VG,VG260731C00015000,0,skip,,vertical,-0.325,-0.5125,0.1345
2026-07-24 16:52,2026-W30,USO,USO260807C00165000,0,skip,,vertical,0.1282,0.0684,0.0358
2026-07-24 16:57,2026-W30,QQQ,QQQ260730P00645000,0,skip,,up,0.4222,0.4111,0.0108
2026-07-24 16:57,2026-W30,SPY,SPY260731C00750000,0,skip,,vertical,-0.2232,-0.2277,0.0059
2026-07-24 16:57,2026-W30,EQX,EQX280121C00010000,0,skip,,vertical,-0.1515,-0.2273,1.0
2026-07-24 16:57,2026-W30,UCO,UCO261016P00030000,0,skip,,vertical,-0.2545,-0.3758,0.1667
2026-07-24 16:57,2026-W30,EWZ,EWZ260821C00036500,0,skip,,vertical,-0.1235,-0.1296,0.2493
2026-07-24 16:57,2026-W30,IBM,IBM260724P00215000,0,skip,,down,-0.6436,-0.7228,0.0625
2026-07-24 16:57,2026-W30,CRWV,CRWV260821C00120000,0,skip,,vertical,-0.2121,-0.2652,0.0423
2026-07-24 16:57,2026-W30,USO,USO260807C00185000,0,skip,,down,-0.5088,-0.7456,0.0397
2026-07-24 16:57,2026-W30,CRWV,CRWV260731P00072000,0,skip,,up,0.3074,0.2956,0.0425
2026-07-24 16:57,2026-W30,NBIS,NBIS260821P00100000,0,skip,,vertical,0.0712,0.0458,0.009
2026-07-24 16:57,2026-W30,MDB,MDB260731C00320000,0,skip,,vertical,-0.2782,-0.3644,0.0588
2026-07-24 16:57,2026-W30,NMM,NMM261218P00070000,0,skip,,vertical,-0.2711,-0.4158,1.0
2026-07-24 17:03,2026-W30,SLB,SLB260821P00054000,0,skip,,vertical,-0.1133,-0.1267,0.1721
2026-07-24 17:03,2026-W30,ARKK,ARKK260918P00070000,0,skip,,vertical,-0.0056,-0.0338,0.3986
2026-07-24 17:03,2026-W30,FLNC,FLNC260821P00012000,0,skip,,vertical,0.056,0.036,1.0
2026-07-24 17:03,2026-W30,GLD,GLD260729P00361000,0,skip,,vertical,-0.1176,-0.2059,0.0293
2026-07-24 17:03,2026-W30,GPN,GPN260918P00072500,0,skip,,vertical,-0.1214,-0.1482,0.5
2026-07-24 17:03,2026-W30,MNST,MNST260918P00087500,0,skip,,vertical,-0.11,-0.1225,0.5
2026-07-24 17:03,2026-W30,BMNR,BMNR270115C00040000,0,skip,,vertical,-0.1,-0.1083,0.0769
2026-07-24 17:03,2026-W30,COIN,COIN260724P00160000,0,skip,,down,-0.5891,-0.6357,0.0476
2026-07-24 17:03,2026-W30,TSLL,TSLL260821P00007000,0,skip,,vertical,-0.1639,-0.2049,0.3333
2026-07-24 17:03,2026-W30,IREN,IREN260821P00025000,0,skip,,vertical,0.0805,0.0517,0.0191
2026-07-24 17:03,2026-W30,BABA,BABA260918P00100000,0,skip,,vertical,0.0476,0.033,0.0363
2026-07-24 17:03,2026-W30,KRE,KRE261016P00070000,0,skip,,vertical,0.02,-0.0133,0.0641
2026-07-24 17:11,2026-W30,ONON,ONON260821P00034000,1,skip,,vertical,-0.5094,-0.5637,0.5
2026-07-24 17:11,2026-W30,IREN,IREN260821P00034000,0,skip,,vertical,0.0382,0.0088,0.0191
2026-07-24 17:11,2026-W30,FWONK,FWONK261218C00115000,0,skip,,down,-0.7897,-1.1872,0.5
2026-07-24 17:11,2026-W30,SPY,SPY260727C00741000,0,skip,,vertical,-0.3279,-0.33,0.0059
2026-07-24 17:11,2026-W30,PEP,PEP261016C00145000,0,skip,,vertical,0.0094,-0.0063,0.1845
2026-07-24 17:11,2026-W30,ONON,ONON260918P00035000,0,skip,,vertical,-0.1047,-0.1279,0.5
2026-07-24 17:11,2026-W30,ERO,ERO260918P00025000,0,skip,,vertical,-0.039,-0.0756,0.8015
2026-07-24 17:11,2026-W30,UMAC,UMAC261120P00012500,0,skip,,vertical,-0.0187,-0.0656,0.5
2026-07-24 17:21,2026-W30,VZ,VZ260821C00047500,1,skip,,down,-0.6467,-0.7221,0.5
2026-07-24 17:21,2026-W30,AAPL,AAPL260727C00330000,0,skip,,vertical,-0.0073,-0.0317,0.0433
2026-07-24 17:21,2026-W30,IWM,IWM260918P00275000,0,skip,,vertical,0.0847,0.078,0.0272
2026-07-24 17:21,2026-W30,QQQ,QQQ260731C00705000,0,skip,,vertical,-0.244,-0.2455,0.0104
2026-07-24 17:21,2026-W30,VZ,VZ261016C00046000,0,skip,,vertical,0.1132,0.059,0.9738
2026-07-24 17:21,2026-W30,DRAM,DRAM260807P00045000,0,skip,,vertical,0.0268,-0.0268,0.0478
2026-07-24 17:21,2026-W30,IREN,IREN260821C00042000,0,skip,,vertical,-0.2675,-0.305,0.0191
2026-07-24 17:21,2026-W30,GEO,GEO260918C00035000,0,skip,,vertical,-0.3312,-0.4094,0.2771
2026-07-24 17:21,2026-W30,SPY,SPY260724C00739000,0,skip,,down,-0.6415,-0.6472,0.006
2026-07-24 17:21,2026-W30,HPE,HPE260731P00047000,0,skip,,vertical,-0.3,-0.4875,0.3333
2026-07-24 17:21,2026-W30,MOH,MOH260918P00160000,0,skip,,vertical,-0.448,-0.498,0.25
2026-07-24 17:21,2026-W30,T,T260821C00024500,0,skip,,up,0.3,0.2625,0.6327
2026-07-24 17:21,2026-W30,AGCO,AGCO260821C00125000,0,skip,,vertical,0.0054,-0.0757,1.0
2026-07-24 17:21,2026-W30,MARA,MARA260918C00017000,0,skip,,vertical,-0.1167,-0.1417,0.1127
2026-07-24 17:21,2026-W30,MSTR,MSTR260731C00095000,0,skip,,vertical,-0.1794,-0.2015,0.0471
2026-07-24 17:21,2026-W30,XLK,XLK260731C00182500,0,skip,,vertical,-0.543,-0.6093,0.1566
2026-07-24 17:21,2026-W30,WULF,WULF260724C00019000,0,skip,,down,-0.5349,-0.6279,0.0927
2026-07-24 17:21,2026-W30,DHT,DHT261016P00015000,0,skip,,vertical,-0.2769,-0.3923,1.0
2026-07-24 17:21,2026-W30,QCOM,QCOM260828C00170000,0,skip,,vertical,-0.189,-0.2404,0.0588
2026-07-24 17:32,2026-W30,GLXY,GLXY260821C00024500,1,skip,,vertical,-0.494,-0.5706,0.2
2026-07-24 17:32,2026-W30,SPY,SPY260724C00742000,0,skip,,down,-0.52,-0.54,0.0061
2026-07-24 17:32,2026-W30,SQQQ,SQQQ260731C00050000,0,skip,,up,0.3673,0.3367,0.2428
2026-07-24 17:32,2026-W30,PBF,PBF260821C00070000,0,skip,,vertical,-0.1059,-0.1451,0.1429
2026-07-24 17:32,2026-W30,ARWR,ARWR260918C00100000,0,skip,,vertical,-0.4128,-0.5026,0.2336
2026-07-24 17:32,2026-W30,SMH,SMH260731P00512500,0,skip,,up,0.4537,0.4463,0.0166
2026-07-24 17:32,2026-W30,GLD,GLD260821C00390000,0,skip,,vertical,-0.1152,-0.1379,0.0289
2026-07-24 17:32,2026-W30,GLXY,GLXY260918C00025000,0,skip,,vertical,-0.2013,-0.2483,0.2
2026-07-24 17:32,2026-W30,PYPL,PYPL260904C00062000,0,skip,,vertical,-0.7667,-0.9792,0.0782
2026-07-24 17:42,2026-W30,TDOC,TDOC260821P00008500,1,skip,,down,-0.5152,-0.6009,0.5
2026-07-24 17:42,2026-W30,QQQ,QQQ260724P00692000,0,skip,,up,0.5763,0.5636,0.0106
2026-07-24 17:42,2026-W30,NVDA,NVDA260727C00207500,0,skip,,down,-0.5896,-0.6026,0.012
2026-07-24 17:42,2026-W30,TSLA,TSLA260731C00325000,0,skip,,vertical,0.3538,0.3385,0.0126
2026-07-24 17:42,2026-W30,TDOC,TDOC270115P00010000,0,skip,,vertical,-0.0515,-0.0773,0.9903
2026-07-24 17:42,2026-W30,QQQ,QQQ260728P00680000,0,skip,,up,0.5873,0.5814,0.0107
2026-07-24 17:42,2026-W30,FCX,FCX260731P00061000,0,skip,,vertical,-0.187,-0.2439,0.3929
2026-07-24 17:42,2026-W30,NOW,NOW260821C00105000,0,skip,,vertical,0.1284,0.106,0.0406
2026-07-24 17:42,2026-W30,IGV,IGV260731P00088000,0,skip,,vertical,0.0706,-0.0029,0.0968
2026-07-24 17:42,2026-W30,NOW,NOW270115C00200000,0,skip,,vertical,-0.1071,-0.1393,0.0406
2026-07-24 17:42,2026-W30,EEM,EEM260821C00070000,0,skip,,vertical,-0.3265,-0.3673,0.25
2026-07-24 17:42,2026-W30,QCML,QCML260821C00016000,0,skip,,vertical,-0.2622,-0.3895,1.0
2026-07-24 17:42,2026-W30,RZLV,RZLV280121C00007000,0,skip,,vertical,-0.2,-0.2833,1.0
2026-07-24 17:42,2026-W30,CVNA,CVNA260731P00060000,0,skip,,vertical,-0.0633,-0.1076,0.1105
2026-07-24 17:42,2026-W30,MSTR,MSTR260724C00092000,0,skip,,down,-0.5315,-0.6993,0.0483
2026-07-24 17:42,2026-W30,EQT,EQT260918C00052500,0,skip,,vertical,-0.0745,-0.0922,0.5
2026-07-24 17:42,2026-W30,NVDA,NVDA260731P00220000,0,skip,,up,0.3033,0.2986,0.012
2026-07-24 17:51,2026-W30,FRMI,FRMI260821C00008000,1,skip,,vertical,-0.327,-0.3879,0.3018
2026-07-24 17:51,2026-W30,CLF,CLF260918P00012000,0,skip,,vertical,-0.0794,-0.1111,0.2585
2026-07-24 17:51,2026-W30,CVX,CVX260821C00200000,0,skip,,vertical,-0.0275,-0.0462,0.0734
2026-07-24 17:51,2026-W30,VLO,VLO260821C00345000,0,skip,,vertical,-0.3769,-0.4282,0.1979
2026-07-24 17:51,2026-W30,TQQQ,TQQQ260731P00064000,0,skip,,up,0.3034,0.2842,0.0587
2026-07-24 17:51,2026-W30,USO,USO260729C00148000,0,skip,,vertical,-0.374,-0.4351,0.034
2026-07-24 17:51,2026-W30,FRMI,FRMI260731C00007000,0,skip,,vertical,-0.1636,-0.2545,0.3018
2026-07-24 17:51,2026-W30,ALLY,ALLY260821C00045000,0,skip,,vertical,-0.05,-0.175,1.0
2026-07-24 17:51,2026-W30,T,T261016P00023000,0,skip,,vertical,-0.1807,-0.1928,0.6754
2026-07-24 17:51,2026-W30,FRO,FRO260821C00040000,0,skip,,vertical,-0.0585,-0.0707,0.3473
2026-07-24 18:02,2026-W30,BAC,BAC260821C00064000,1,skip,,down,-0.5793,-0.5932,0.25
2026-07-24 18:02,2026-W30,ICE,ICE260731C00145000,0,skip,,vertical,0.0375,0.0062,1.0
2026-07-24 18:02,2026-W30,QQQ,QQQ260731P00650000,0,skip,,up,0.4313,0.4156,0.0106
2026-07-24 18:02,2026-W30,GLD,GLD260821C00400000,0,skip,,vertical,-0.1438,-0.1601,0.0286
2026-07-24 18:02,2026-W30,SKHY,SKHY260724P00157500,0,skip,,up,0.3696,0.2826,0.0833
2026-07-24 18:02,2026-W30,PYPL,PYPL260821P00050000,0,skip,,vertical,-0.1932,-0.2841,0.0769
2026-07-24 18:02,2026-W30,WEAT,WEAT261016C00026000,0,skip,,vertical,-0.0167,-0.0583,0.2
2026-07-24 18:02,2026-W30,IP,IP260821P00040000,0,skip,,vertical,-0.4089,-0.4644,1.0
2026-07-24 18:02,2026-W30,XBI,XBI260918P00140000,0,skip,,vertical,-0.2676,-0.3144,0.25
2026-07-24 18:02,2026-W30,BAC,BAC261016C00062500,0,skip,,vertical,-0.0106,-0.0177,0.3245
2026-07-24 18:02,2026-W30,MSTR,MSTR260731P00084000,0,skip,,vertical,0.0379,0.0038,0.0456
2026-07-24 18:02,2026-W30,NBIS,NBIS260731P00160000,0,skip,,up,0.3291,0.2848,0.0087
2026-07-24 18:02,2026-W30,WEAT,WEAT261016C00027000,0,skip,,vertical,-0.2571,-0.4,0.2
2026-07-24 18:02,2026-W30,FRO,FRO260821C00045000,0,skip,,vertical,-0.2933,-0.4267,0.3333
2026-07-24 18:02,2026-W30,SOXL,SOXL260821P00037000,0,skip,,vertical,-0.0323,-0.0887,0.0279
2026-07-24 18:02,2026-W30,XBI,XBI260918C00180000,0,skip,,vertical,-0.7431,-0.9404,0.25
2026-07-24 18:02,2026-W30,CMG,CMG260724P00032000,0,skip,,down,-0.5641,-0.6026,1.0
2026-07-24 18:11,2026-W30,ENVX,ENVX260821C00004000,1,skip,,vertical,-0.0196,-0.0923,0.5
2026-07-24 18:11,2026-W30,ENVX,ENVX261120C00005000,0,skip,,vertical,-0.027,-0.0608,0.5
2026-07-24 18:11,2026-W30,IGV,IGV260731C00088000,0,skip,,vertical,-0.1349,-0.1581,0.0893
2026-07-24 18:11,2026-W30,SPCX,SPCX260821C00225000,0,skip,,vertical,0.1043,0.0391,0.0123
2026-07-24 18:11,2026-W30,IGV,IGV260821C00089500,0,skip,,vertical,-0.1875,-0.2656,0.0893
2026-07-24 18:11,2026-W30,GOOG,GOOG260918C00390000,0,skip,,vertical,-0.1866,-0.2052,0.0449
2026-07-24 18:11,2026-W30,SPY,SPY260724C00740000,0,skip,,down,-0.5938,-0.6055,0.0059
2026-07-24 18:11,2026-W30,SPY,SPY260729P00719000,0,skip,,up,0.3077,0.2981,0.0059
2026-07-24 18:11,2026-W30,NOW,NOW260724C00097000,0,skip,,up,0.43,0.395,0.0397
2026-07-24 18:11,2026-W30,CRDO,CRDO260807P00170000,0,skip,,vertical,-0.0765,-0.1647,0.1052
2026-07-24 18:21,2026-W30,FEZ,FEZ260821P00065000,1,skip,,down,-0.6596,-0.7552,0.5
2026-07-24 18:21,2026-W30,S,S260918C00018000,0,skip,,vertical,-0.0563,-0.0912,0.2
2026-07-24 18:21,2026-W30,SPY,SPY260727C00740000,0,skip,,vertical,-0.268,-0.2698,0.0058
2026-07-24 18:21,2026-W30,WULF,WULF260807P00018000,0,skip,,vertical,0.1333,0.1125,0.1029
2026-07-24 18:21,2026-W30,M,M260918C00024000,0,skip,,vertical,-0.087,-0.0994,0.3333
2026-07-24 18:21,2026-W30,FEZ,FEZ260918P00069000,0,skip,,vertical,-0.1718,-0.2127,0.9576
2026-07-24 18:31,2026-W30,EFA,EFA260821P00099500,1,skip,,down,-0.6667,-1.2746,0.3333
2026-07-24 18:31,2026-W30,EFA,EFA260731P00102000,0,skip,,vertical,-0.0465,-0.1163,0.4747
2026-07-24 18:31,2026-W30,QQQ,QQQ260731P00660000,0,skip,,vertical,0.0269,0.018,0.0102
2026-07-24 18:31,2026-W30,TLT,TLT280121C00088000,0,skip,,vertical,-0.0709,-0.097,0.0261
2026-07-24 18:31,2026-W30,AAPL,AAPL260821P00310000,0,skip,,vertical,-0.0657,-0.0806,0.0401
2026-07-24 18:31,2026-W30,QQQ,QQQ260724C00685000,0,skip,,down,-0.8402,-0.8462,0.0104
2026-07-24 18:31,2026-W30,ARKK,ARKK260918C00074000,0,skip,,vertical,-0.2051,-0.2115,0.297
2026-07-24 18:31,2026-W30,FCX,FCX260731P00062000,0,skip,,vertical,-0.1329,-0.1763,0.3333
2026-07-24 18:31,2026-W30,CLSK,CLSK260918P00016000,0,skip,,vertical,0.0172,0.0069,0.1121
2026-07-24 18:31,2026-W30,VG,VG260731P00014000,0,skip,,vertical,0.0571,-0.0143,0.125
2026-07-24 18:31,2026-W30,SEI,SEI261120C00082500,0,skip,,vertical,-0.4296,-0.6056,0.5
2026-07-24 18:31,2026-W30,CLSK,CLSK260731P00014000,0,skip,,vertical,0.1333,0.0667,0.1121
2026-07-24 18:31,2026-W30,MAGS,MAGS260821P00065000,0,skip,,vertical,-0.0786,-0.0964,0.1511
2026-07-24 18:31,2026-W30,SOXL,SOXL260731C00240000,0,skip,,down,-0.54,-0.71,0.0275
2026-07-24 18:31,2026-W30,BE,BE260731P00175000,0,skip,,vertical,0.0415,-0.0036,0.0276
2026-07-24 18:42,2026-W30,MARA,MARA260821P00012000,1,skip,,vertical,-0.2179,-0.2353,0.1
2026-07-24 18:42,2026-W30,TQQQ,TQQQ260731C00064000,0,skip,,vertical,-0.0258,-0.0339,0.0592
2026-07-24 18:42,2026-W30,QQQ,QQQ260728C00690000,0,skip,,vertical,-0.097,-0.108,0.0102
2026-07-24 18:42,2026-W30,QQQ,QQQ260730P00640000,0,skip,,vertical,-0.1702,-0.1968,0.0102
2026-07-24 18:42,2026-W30,SPY,SPY260821C00760000,0,skip,,vertical,0.012,0.0105,0.0058
2026-07-24 18:42,2026-W30,PAYX,PAYX260918C00120000,0,skip,,vertical,-0.0828,-0.1086,1.0
2026-07-24 18:42,2026-W30,NFLX,NFLX260724C00070000,0,skip,,down,-0.6271,-0.661,0.0516
2026-07-24 18:42,2026-W30,MARA,MARA260918P00012000,0,skip,,vertical,0.0183,0.003,0.1
2026-07-24 18:42,2026-W30,PPC,PPC261218P00030000,0,skip,,vertical,-0.1205,-0.1462,0.5
2026-07-24 18:42,2026-W30,COIN,COIN260918P00110000,0,skip,,vertical,-0.0957,-0.1261,0.0409
2026-07-24 18:42,2026-W30,ADBE,ADBE260731C00230000,0,skip,,vertical,-0.0333,-0.059,0.1111
2026-07-24 18:42,2026-W30,LUNR,LUNR261218C00019000,0,skip,,vertical,-0.0367,-0.0528,0.5
2026-07-24 18:42,2026-W30,FCEL,FCEL260821C00030000,0,skip,,vertical,-0.3481,-0.4037,0.953
2026-07-24 18:42,2026-W30,SQQQ,SQQQ260724C00042000,0,skip,,vertical,-0.0732,-0.0941,0.1792
2026-07-24 18:42,2026-W30,SMCI,SMCI260724P00031000,0,skip,,vertical,0.0263,-0.0066,0.059
2026-07-24 18:42,2026-W30,OKLO,OKLO260731C00041000,0,skip,,vertical,-0.1117,-0.1516,0.1667
2026-07-24 18:42,2026-W30,ZETA,ZETA260918C00022500,0,skip,,vertical,-0.0816,-0.102,0.5
2026-07-24 18:42,2026-W30,HRL,HRL260918P00025000,0,skip,,vertical,-0.2455,-0.3364,1.0
2026-07-24 18:42,2026-W30,MSTR,MSTR260731C00097000,0,skip,,vertical,-0.1962,-0.217,0.0445
2026-07-24 18:42,2026-W30,CLF,CLF260821C00011500,0,skip,,vertical,-0.0541,-0.0676,0.25
2026-07-24 18:53,2026-W30,SPCX,SPCX260807P00090000,0,skip,,vertical,-0.0667,-0.1037,0.0121
2026-07-24 18:53,2026-W30,QQQ,QQQ260731C00700000,0,skip,,vertical,-0.0226,-0.0302,0.0101
2026-07-24 18:53,2026-W30,XOM,XOM261016C00180000,0,skip,,vertical,-0.0277,-0.0435,0.1049
2026-07-24 18:53,2026-W30,IGV,IGV260821P00089000,0,skip,,vertical,-0.0613,-0.0813,0.0826
2026-07-24 18:53,2026-W30,IWM,IWM261016P00205000,0,skip,,vertical,-0.1346,-0.1827,0.0272
2026-07-24 18:53,2026-W30,WMT,WMT261120C00125000,0,skip,,vertical,0.0085,-0.0064,0.125
2026-07-24 18:53,2026-W30,COIN,COIN260821P00120000,0,skip,,vertical,-0.157,-0.2093,0.0405
2026-07-24 18:53,2026-W30,TLT,TLT260821C00084000,0,skip,,vertical,-0.0702,-0.0789,0.0257
2026-07-24 18:53,2026-W30,GEO,GEO261120C00034000,0,skip,,vertical,-0.1212,-0.1515,0.2
2026-07-24 18:53,2026-W30,OVV,OVV260821C00065000,0,skip,,vertical,-0.2714,-0.3071,1.0
2026-07-24 18:53,2026-W30,GEO,GEO261218C00035000,0,skip,,vertical,-0.0879,-0.1182,0.2
2026-07-24 18:53,2026-W30,DIA,DIA260724P00519000,0,skip,,down,-0.6567,-0.7537,0.0703
2026-07-24 18:53,2026-W30,USO,USO261218P00100000,0,skip,,vertical,-0.0862,-0.0938,0.0331
2026-07-24 18:53,2026-W30,XLK,XLK260731P00174000,0,skip,,vertical,-0.0915,-0.1356,0.1429
2026-07-24 18:53,2026-W30,ERO,ERO260821C00025000,0,skip,,vertical,-0.051,-0.0706,0.5
2026-07-24 18:53,2026-W30,GLD,GLD260918C00440000,0,skip,,vertical,-0.1807,-0.259,0.0279
2026-07-24 18:53,2026-W30,KORU,KORU260724P00018500,0,skip,,down,-0.7636,-1.1273,0.3333
2026-07-24 19:02,2026-W30,HYG,HYG260821P00076000,1,skip,,down,-0.7586,-0.9808,0.25
2026-07-24 19:02,2026-W30,TSLA,TSLA260727P00307500,0,skip,,vertical,-0.4079,-0.4276,0.0121
2026-07-24 19:02,2026-W30,NVDA,NVDA260729C00210000,0,skip,,vertical,0.0905,0.0762,0.0122
2026-07-24 19:02,2026-W30,MRVL,MRVL261016P00095000,0,skip,,vertical,-0.095,-0.155,0.0423
2026-07-24 19:02,2026-W30,PENG,PENG260918C00090000,0,skip,,vertical,-0.1918,-0.2633,0.25
2026-07-24 19:02,2026-W30,BKR,BKR260821C00060000,0,skip,,vertical,-0.0944,-0.1083,0.5
2026-07-24 19:02,2026-W30,CCL,CCL260918P00026000,0,skip,,vertical,-0.0291,-0.0407,0.1429
2026-07-24 19:02,2026-W30,MSTR,MSTR260731C00097500,0,skip,,vertical,-0.185,-0.2028,0.0436
2026-07-24 19:02,2026-W30,SOXL,SOXL260731P00071000,0,skip,,vertical,0.0375,0.0312,0.0275
2026-07-24 19:02,2026-W30,IGV,IGV260821C00095000,0,skip,,vertical,-0.1769,-0.2154,0.0813
2026-07-24 19:02,2026-W30,SMCI,SMCI260821C00034000,0,skip,,vertical,-0.1121,-0.1262,0.0578
2026-07-24 19:02,2026-W30,MAGS,MAGS260821P00060000,0,skip,,vertical,-0.1333,-0.1889,0.1429
2026-07-24 19:02,2026-W30,LVS,LVS260731C00046000,0,skip,,vertical,-0.044,-0.1044,0.3333
2026-07-24 19:02,2026-W30,TLT,TLT260727C00082000,0,skip,,vertical,-0.1304,-0.1522,0.0256
2026-07-24 19:02,2026-W30,NVDL,NVDL260918C00043330,0,skip,,down,-0.5649,-0.7786,0.5
2026-07-24 19:02,2026-W30,ON,ON260821P00090000,0,skip,,vertical,-0.0832,-0.0955,0.074
2026-07-24 19:02,2026-W30,URI,URI260918P01060000,0,skip,,vertical,-0.1101,-0.1497,0.25
2026-07-24 19:11,2026-W30,AA,AA260821P00043000,1,skip,,vertical,-0.3663,-0.4999,0.1667
2026-07-24 19:11,2026-W30,AMZN,AMZN260821C00260000,0,skip,,vertical,-0.033,-0.033,0.0385
2026-07-24 19:11,2026-W30,BA,BA260918P00175000,0,skip,,vertical,-0.1241,-0.1966,0.0714
2026-07-24 19:11,2026-W30,ON,ON260814C00107000,0,skip,,vertical,-0.6611,-0.75,0.0734
2026-07-24 19:11,2026-W30,AA,AA260821P00043500,0,skip,,vertical,0.0429,0.0238,0.1667
2026-07-24 19:11,2026-W30,WOLF,WOLF260918C00035000,0,skip,,vertical,-0.152,-0.2105,0.5
2026-07-24 19:11,2026-W30,CEVA,CEVA261120P00025000,0,skip,,vertical,-0.1903,-0.271,1.0
2026-07-24 19:11,2026-W30,FRMI,FRMI260814C00008000,0,skip,,vertical,-0.12,-0.17,0.25
2026-07-24 19:11,2026-W30,QQQ,QQQ261120C00690000,0,skip,,vertical,0.0115,0.0045,0.01
2026-07-24 19:21,2026-W30,NIO,NIO260821C00004500,1,skip,,vertical,-0.1471,-0.1962,0.3333
2026-07-24 19:21,2026-W30,SPY,SPY260724P00740000,0,skip,,vertical,-0.5565,-0.5685,0.0058
2026-07-24 19:21,2026-W30,NFLX,NFLX260821C00071000,0,skip,,vertical,-0.1155,-0.1255,0.051
2026-07-24 19:21,2026-W30,UBER,UBER260807P00066000,0,skip,,vertical,-0.1046,-0.22,0.081
2026-07-24 19:21,2026-W30,SPCX,SPCX260807P00095000,0,skip,,vertical,-0.1125,-0.1375,0.0118
2026-07-24 19:21,2026-W30,SPCX,SPCX260814P00090000,0,skip,,vertical,-0.0778,-0.1194,0.0118
2026-07-24 19:21,2026-W30,NIO,NIO280121C00004000,0,skip,,vertical,-0.0449,-0.0618,0.3333
2026-07-24 19:21,2026-W30,CVX,CVX260731P00192500,0,skip,,vertical,0.068,0.038,0.0667
2026-07-24 19:21,2026-W30,MP,MP260918C00055000,0,skip,,vertical,-0.1339,-0.185,1.0
2026-07-24 19:21,2026-W30,PFE,PFE260918P00025000,0,skip,,vertical,-0.0408,-0.051,0.3333
2026-07-24 19:21,2026-W30,KWEB,KWEB261120P00027000,0,skip,,vertical,-0.0433,-0.0606,0.1429
2026-07-24 19:21,2026-W30,CRWV,CRWV260814C00110000,0,skip,,vertical,-0.2985,-0.3358,0.0404
2026-07-24 19:21,2026-W30,CLSK,CLSK260821C00016000,0,skip,,vertical,-0.0901,-0.1081,0.1111
2026-07-24 19:21,2026-W30,ARKK,ARKK260918C00084000,0,skip,,vertical,-0.4701,-0.5043,0.25
2026-07-24 19:21,2026-W30,QQQ,QQQ260727P00683000,0,skip,,vertical,-0.1837,-0.1888,0.01
2026-07-24 19:32,2026-W30,UPST,UPST260821P00026000,1,skip,,vertical,-0.4617,-0.5068,0.25
2026-07-24 19:32,2026-W30,IWM,IWM260731P00285000,0,skip,,vertical,-0.0719,-0.1013,0.027
2026-07-24 19:32,2026-W30,NVDA,NVDA260729C00207500,0,skip,,vertical,0.2065,0.1957,0.012
2026-07-24 19:32,2026-W30,SMH,SMH260731C00635000,0,skip,,vertical,-0.1026,-0.1581,0.016
2026-07-24 19:32,2026-W30,UBER,UBER260731P00062000,0,skip,,vertical,-0.7647,-0.9314,0.0769
2026-07-24 19:32,2026-W30,QQQ,QQQ260724P00686000,0,skip,,vertical,-0.4039,-0.4216,0.0099
2026-07-24 19:32,2026-W30,FDX,FDX260821C00345000,0,skip,,vertical,-0.8587,-0.9149,1.0
2026-07-24 19:32,2026-W30,ROST,ROST260814C00250000,0,skip,,vertical,-0.5852,-0.6222,0.5
2026-07-24 19:32,2026-W30,UBER,UBER260918C00075000,0,skip,,vertical,-0.2337,-0.3152,0.0769
2026-07-24 19:32,2026-W30,TQQQ,TQQQ260731P00062000,0,skip,,vertical,-0.1224,-0.1371,0.0579
2026-07-24 19:32,2026-W30,HAL,HAL260918C00036000,0,skip,,vertical,-0.0879,-0.1319,0.5
2026-07-24 19:32,2026-W30,UPST,UPST260918P00022500,0,skip,,vertical,-0.1373,-0.219,0.25
2026-07-24 19:32,2026-W30,USO,USO260724C00136000,0,skip,,down,-0.76,-0.78,0.0323
2026-07-24 19:32,2026-W30,NBIS,NBIS260731P00130000,0,skip,,vertical,-0.0529,-0.0647,0.0091
2026-07-24 19:32,2026-W30,ON,ON260821P00077000,0,skip,,vertical,-0.1012,-0.1365,0.0714
2026-07-24 19:32,2026-W30,DIA,DIA260807P00510000,0,skip,,vertical,-0.1742,-0.2016,0.0693
2026-07-24 19:41,2026-W30,NOK,NOK260821C00009500,1,skip,,vertical,-0.3816,-0.4101,0.2
2026-07-24 19:41,2026-W30,IREN,IREN260821P00033500,0,skip,,vertical,-0.0479,-0.069,0.0196
2026-07-24 19:41,2026-W30,IREN,IREN260821P00033000,0,skip,,vertical,-0.0092,-0.0323,0.0196
2026-07-24 19:41,2026-W30,GLD,GLD260821P00354000,0,skip,,vertical,-0.0889,-0.1206,0.0263
2026-07-24 19:41,2026-W30,DVN,DVN260821C00048000,0,skip,,vertical,-0.1415,-0.1792,0.1111
2026-07-24 19:41,2026-W30,SMCI,SMCI260821C00030000,0,skip,,vertical,-0.05,-0.0639,0.0556
2026-07-24 19:41,2026-W30,TSLA,TSLA260807P00285000,0,skip,,vertical,-0.1726,-0.1863,0.0117
2026-07-24 19:41,2026-W30,GLD,GLD260731C00376000,0,skip,,vertical,-0.1271,-0.1529,0.0263
2026-07-24 19:41,2026-W30,HPQ,HPQ260814C00026000,0,skip,,vertical,-0.1636,-0.1909,1.0
2026-07-24 19:41,2026-W30,GLD,GLD260828C00410000,0,skip,,vertical,-0.0796,-0.1283,0.0263
2026-07-24 19:41,2026-W30,WMB,WMB260821P00072000,0,skip,,vertical,-0.08,-0.1467,1.0
2026-07-24 19:41,2026-W30,RUN,RUN260918P00010000,0,skip,,vertical,-0.0833,-0.1007,0.5
2026-07-24 19:41,2026-W30,IGV,IGV260918C00095000,0,skip,,vertical,-0.0898,-0.1204,0.0769
2026-07-24 19:41,2026-W30,WBD,WBD260918P00025000,0,skip,,vertical,-0.3421,-0.5461,0.9023
2026-07-24 19:41,2026-W30,DECK,DECK260918C00110000,0,skip,,vertical,-0.1421,-0.2211,0.3333
2026-07-24 19:41,2026-W30,PUMP,PUMP260821C00012500,0,skip,,vertical,-0.1091,-0.3364,1.0
2026-07-24 19:52,2026-W30,FCEL,FCEL260821C00022000,1,skip,,vertical,-0.3479,-0.4755,0.5
2026-07-24 19:52,2026-W30,INTC,INTC261016C00155000,0,skip,,vertical,-0.0413,-0.0579,0.0222
2026-07-24 19:52,2026-W30,SMH,SMH260724P00560000,0,skip,,vertical,-0.825,-0.8775,0.0154
2026-07-24 19:52,2026-W30,AAPL,AAPL260729C00335000,0,skip,,vertical,-0.0072,-0.0378,0.037
2026-07-24 19:52,2026-W30,UNP,UNP260918C00340000,0,skip,,vertical,-0.4667,-0.6158,0.1667
2026-07-24 19:52,2026-W30,NBIS,NBIS260807C00300000,0,skip,,vertical,-0.368,-0.48,0.009
2026-07-24 19:52,2026-W30,CVNA,CVNA260724P00063000,0,skip,,vertical,-0.2067,-0.2633,0.1
2026-07-24 19:52,2026-W30,MSTR,MSTR260724P00095000,0,skip,,vertical,-0.1465,-0.2789,0.0417
2026-07-24 19:52,2026-W30,APLD,APLD260828C00027000,0,skip,,vertical,-0.0342,-0.0605,0.125
2026-07-24 19:52,2026-W30,CRWV,CRWV260731C00080000,0,skip,,vertical,-0.1419,-0.1554,0.0385
2026-07-24 19:52,2026-W30,RIVN,RIVN260918P00015000,0,skip,,vertical,-0.0763,-0.0878,0.1667
2026-07-24 19:52,2026-W30,CLS,CLS260731C00365000,0,skip,,vertical,-0.7082,-0.8,0.0833
2026-07-24 19:52,2026-W30,BABA,BABA260731C00115000,0,skip,,vertical,-0.0446,-0.0637,0.0333
