date,ticker,occ,engine_took,student_p,student_says,reason,outcome,net_return
2026-07-20 13:32,SPY,SPY260807P00725000,0,0.453,VETO,,up,0.3747
2026-07-20 13:32,SPCX,SPCX260731P00118000,0,0.453,VETO,,up,0.3341
2026-07-20 13:32,NFLX,NFLX270115C00090000,0,0.386,VETO,,vertical,-0.0023
2026-07-20 13:32,USO,USO260724C00129000,0,0.413,VETO,,up,0.7458
2026-07-20 13:32,SQQQ,SQQQ260724C00047000,0,0.267,VETO,,down,-1.0581
2026-07-20 13:32,SQQQ,SQQQ260731C00042000,0,0.267,VETO,,up,0.3168
2026-07-20 13:32,TQQQ,TQQQ260724P00065000,0,0.453,VETO,,down,-0.5909
2026-07-20 13:32,NTLA,NTLA270115P00012500,0,0.073,VETO,,down,-0.7742
2026-07-20 13:32,MU,MU260814P00660000,0,0.413,VETO,,down,-0.6652
2026-07-20 13:44,RDW,RDW260821C00009000,1,0.118,VETO,,down,-0.8718
2026-07-20 13:44,IWM,IWM260731P00284000,0,0.453,VETO,,up,0.2991
2026-07-20 13:44,RDW,RDW270115C00010000,0,0.118,VETO,,down,-0.5591
2026-07-20 13:44,IWM,IWM260731P00286000,0,0.453,VETO,,up,0.3592
2026-07-20 13:44,QQQ,QQQ260720C00705000,0,0.386,VETO,,down,-0.6588
2026-07-20 13:44,SPCX,SPCX260821P00090000,0,0.453,VETO,,up,0.3667
2026-07-20 13:44,SFM,SFM260821P00065000,0,0.139,VETO,,down,-0.7614
2026-07-20 13:44,HIMS,HIMS260821P00029500,0,0.267,VETO,,up,0.2811
2026-07-20 13:44,PLTR,PLTR260724P00125000,0,0.453,VETO,,up,0.3425
2026-07-20 13:44,TEM,TEM261016C00085000,0,0.267,VETO,,down,-0.7664
2026-07-20 13:44,WULF,WULF260828C00025000,0,0.267,VETO,,down,-0.7649
2026-07-20 13:44,DRAM,DRAM260731C00060000,0,0.386,VETO,,up,0.3534
2026-07-20 13:44,TQQQ,TQQQ260918C00080000,0,0.453,VETO,,down,-0.64
2026-07-20 13:44,GOOG,GOOG260724C00360000,0,0.453,VETO,,down,-0.5265
2026-07-20 13:51,WULF,WULF260821C00020500,1,0.297,VETO,,down,-0.5737
2026-07-20 13:51,SPY,SPY260731P00725000,0,0.453,VETO,,up,0.3196
2026-07-20 13:51,EWY,EWY260724P00145000,0,0.267,VETO,,down,-1.0455
2026-07-20 13:51,WULF,WULF260821C00019000,0,0.267,VETO,,vertical,-0.4314
2026-07-20 13:51,INTC,INTC260821P00080000,0,0.824,TAKE,p=0.60 [iv_term.iv_ratio- technical.atr+ macro.distance_to_sma20_pct+],vertical,-0.1197
2026-07-20 13:51,WULF,WULF260821C00024000,0,0.267,VETO,,down,-0.6289
2026-07-20 13:51,BABA,BABA260724C00120000,0,0.453,VETO,,up,0.4207
2026-07-20 13:51,QQQ,QQQ260720P00702000,0,0.386,VETO,,up,0.9542
2026-07-20 13:51,TSLA,TSLA260720P00380000,0,0.453,VETO,,up,1.0799
2026-07-20 13:51,BABA,BABA260724C00118000,0,0.453,VETO,,up,0.2985
2026-07-20 13:51,BABA,BABA260724C00121000,0,0.453,VETO,,up,0.2914
2026-07-20 13:51,IBIT,IBIT261120P00035000,0,0.267,VETO,,vertical,-0.0584
2026-07-20 13:51,BABA,BABA260724C00119000,0,0.453,VETO,,up,0.4278
2026-07-20 13:51,GE,GE260807P00320000,0,0.21,VETO,,down,-0.8979
2026-07-20 13:51,SQQQ,SQQQ260731C00051000,0,0.267,VETO,,down,-0.549
2026-07-20 13:51,NVDL,NVDL260821C00035000,0,0.267,VETO,,down,-0.869
2026-07-20 13:51,WULF,WULF260918C00021000,0,0.267,VETO,,vertical,-0.4648
2026-07-20 13:51,SCHW,SCHW260724P00100000,0,0.267,VETO,,down,-0.9503
2026-07-20 14:02,NCLH,NCLH260821C00020000,1,0.176,VETO,,down,-0.6008
2026-07-20 14:02,AMD,AMD260722P00475000,0,0.413,VETO,,down,-0.8712
2026-07-20 14:02,NFLX,NFLX260918P00065000,0,0.386,VETO,,vertical,-0.4603
2026-07-20 14:02,SPCX,SPCX260814P00100000,0,0.453,VETO,,up,0.2829
2026-07-20 14:02,QQQ,QQQ260721P00696000,0,0.386,VETO,,up,0.3254
2026-07-20 14:02,DIA,DIA260724C00523000,0,0.267,VETO,,down,-0.5457
2026-07-20 14:02,SPY,SPY260722P00729000,0,0.453,VETO,,up,0.3523
2026-07-20 14:02,SPY,SPY260720P00748000,0,0.453,VETO,,up,0.5122
2026-07-20 14:02,AMZN,AMZN260720P00250000,0,0.413,VETO,,down,-0.5476
2026-07-20 14:02,FRO,FRO260821C00040000,0,0.21,VETO,,up,0.2556
2026-07-20 14:02,SMCI,SMCI260724P00026000,0,0.267,VETO,,down,-0.9571
2026-07-20 14:02,TLT,TLT261016P00083000,0,0.16,VETO,,up,0.2958
2026-07-20 14:02,XLE,XLE260821P00056000,0,0.267,VETO,,down,-0.6837
2026-07-20 14:02,ARKK,ARKK260821C00080000,0,0.267,VETO,,up,0.4375
2026-07-20 14:02,TLT,TLT280121C00090000,0,0.16,VETO,,vertical,-0.0329
2026-07-20 14:02,NCLH,NCLH280121C00025000,0,0.21,VETO,,vertical,-0.0787
2026-07-20 14:11,MARA,MARA260821P00011000,1,0.267,VETO,,down,-0.6732
2026-07-20 14:11,CLSK,CLSK260918P00014000,0,0.21,VETO,,vertical,-0.1605
2026-07-20 14:11,SPY,SPY260720P00745000,0,0.453,VETO,,up,0.3311
2026-07-20 14:11,SPY,SPY260724C00750000,0,0.453,VETO,,down,-0.9057
2026-07-20 14:11,NVDA,NVDA260821C00230000,0,0.453,VETO,,up,0.5148
2026-07-20 14:11,ORCL,ORCL260918C00160000,0,0.413,VETO,,vertical,-0.3902
2026-07-20 14:11,SPY,SPY260721P00745000,0,0.453,VETO,,up,0.3855
2026-07-20 14:11,AAPL,AAPL260724P00320000,0,0.267,VETO,,up,0.3596
2026-07-20 14:11,MARA,MARA260918P00011000,0,0.267,VETO,,vertical,-0.2158
2026-07-20 14:11,IWM,IWM260821C00310000,0,0.453,VETO,,down,-0.5263
2026-07-20 14:11,QQQ,QQQ260720C00702000,0,0.386,VETO,,down,-0.6626
2026-07-20 14:11,MRVL,MRVL260821C00280000,0,0.453,VETO,,up,0.2814
2026-07-20 14:11,MCD,MCD270115C00330000,0,0.246,VETO,,down,-0.6945
2026-07-20 14:11,EWZ,EWZ261120C00038000,0,0.16,VETO,,down,-0.8541
2026-07-20 14:11,BIDU,BIDU260724C00109000,0,0.176,VETO,,down,-0.6786
2026-07-20 14:11,SIL,SIL260918C00076000,0,0.267,VETO,,up,0.32
2026-07-20 14:11,SOXL,SOXL260731C00220000,0,0.267,VETO,,down,-0.5658
2026-07-20 14:11,CPNG,CPNG260724C00016000,0,0.21,VETO,,down,-0.8188
2026-07-20 14:21,EEM,EEM260821C00066500,1,0.246,VETO,,down,-0.781
2026-07-20 14:21,EEM,EEM260821C00064500,0,0.246,VETO,,vertical,-0.4366
2026-07-20 14:21,SPY,SPY260720P00744000,0,0.453,VETO,,down,-0.6223
2026-07-20 14:21,QQQ,QQQ260721P00695000,0,0.386,VETO,,down,-0.5297
2026-07-20 14:21,BE,BE260807C00375000,0,0.267,VETO,,up,0.1464
2026-07-20 14:21,GM,GM260821C00082000,0,0.21,VETO,,up,0.4758
2026-07-20 14:21,NFLX,NFLX261016P00060000,0,0.386,VETO,,down,-0.5847
2026-07-20 14:21,RSP,RSP260821P00210000,0,0.267,VETO,,down,-0.7896
2026-07-20 14:21,SPY,SPY260722P00727000,0,0.453,VETO,,down,-0.8256
2026-07-20 14:21,NOK,NOK280121C00010000,0,0.267,VETO,,vertical,-0.2507
2026-07-20 14:21,KO,KO261016C00087500,0,0.267,VETO,,down,-0.8445
2026-07-20 14:21,KWEB,KWEB261218P00026000,0,0.21,VETO,,down,-0.6341
2026-07-20 14:21,QXO,QXO260724P00015000,0,0.16,VETO,,down,-0.5778
2026-07-20 14:21,AEP,AEP260821C00135000,0,0.246,VETO,,down,-0.7865
2026-07-20 14:21,OKTA,OKTA260724P00141000,0,0.267,VETO,,up,0.3049
2026-07-20 14:21,WULF,WULF260807C00020000,0,0.267,VETO,,vertical,-0.4559
2026-07-20 14:31,WFC,WFC260821P00083000,1,0.21,VETO,,down,-0.6105
2026-07-20 14:31,WFC,WFC260731P00086000,0,0.21,VETO,,down,-0.6056
2026-07-20 14:31,SPY,SPY260918P00665000,0,0.453,VETO,,vertical,0.0416
2026-07-20 14:31,BA,BA260821P00185000,0,0.267,VETO,,down,-1.0625
2026-07-20 14:31,MSTR,MSTR260724C00106000,0,0.413,VETO,,up,0.53
2026-07-20 14:31,KDP,KDP260918C00032000,0,0.16,VETO,,down,-1.0833
2026-07-20 14:31,ORCL,ORCL260724C00125000,0,0.413,VETO,,up,0.3441
2026-07-20 14:31,HOOD,HOOD260724C00101000,0,0.386,VETO,,up,0.6985
2026-07-20 14:31,ARKK,ARKK260821C00085000,0,0.267,VETO,,up,0.2365
2026-07-20 14:31,PRTA,PRTA260821C00009000,0,0.009,VETO,,down,-0.5667
2026-07-20 14:31,FIGR,FIGR260821C00035000,0,0.267,VETO,,up,0.2804
2026-07-20 14:31,NBIS,NBIS260731P00110000,0,0.267,VETO,,down,-0.7028
2026-07-20 14:42,BUD,BUD260821C00084000,1,0.21,VETO,,down,-0.5704
2026-07-20 14:42,AAPL,AAPL260724P00325000,0,0.267,VETO,,up,0.275
2026-07-20 14:42,PLTR,PLTR260724C00134000,0,0.453,VETO,,up,0.3371
2026-07-20 14:42,GOOGL,GOOGL260720C00357500,0,0.413,VETO,,down,-0.6573
2026-07-20 14:42,BMNR,BMNR270115C00055000,0,0.267,VETO,,down,-0.6974
2026-07-20 14:42,CCJ,CCJ260724C00083000,0,0.267,VETO,,up,0.5308
2026-07-20 14:42,META,META260731C00820000,0,0.413,VETO,,down,-0.5674
2026-07-20 14:42,IWM,IWM260821C00305000,0,0.453,VETO,,vertical,-0.485
2026-07-20 14:42,TSM,TSM260731P00345000,0,0.413,VETO,,down,-0.9841
2026-07-20 14:42,MDT,MDT260807C00088000,0,0.16,VETO,,down,-0.736
2026-07-20 14:42,SPY,SPY260720C00744000,0,0.453,VETO,,down,-0.6193
2026-07-20 14:42,BUD,BUD260918C00082500,0,0.21,VETO,,up,0.3
2026-07-20 14:42,IEF,IEF260918C00094000,0,0.118,VETO,,down,-0.9014
2026-07-20 14:42,ADBE,ADBE260821C00275000,0,0.297,VETO,,up,0.257
2026-07-20 14:42,DIS,DIS260724C00093000,0,0.267,VETO,,down,-0.9427
2026-07-20 14:42,INTC,INTC260720P00097000,0,0.824,TAKE,p=0.60 [iv_term.iv_ratio- technical.atr+ macro.distance_to_sma20_pct+],up,0.7292
2026-07-20 14:42,WDAY,WDAY260821C00170000,0,0.176,VETO,,down,-0.6462
2026-07-20 14:42,JETS,JETS270115P00029000,0,0.118,VETO,,vertical,-0.0769
2026-07-20 14:42,XLF,XLF260821C00055000,0,0.21,VETO,,vertical,-0.0326
2026-07-20 14:42,ARE,ARE260821P00050000,0,0.099,VETO,,down,-0.6365
2026-07-20 14:52,ARKG,ARKG260821P00037000,1,0.16,VETO,,down,-0.5897
2026-07-20 14:52,ARM,ARM260724P00237500,0,0.267,VETO,,down,-0.7485
2026-07-20 14:52,SKHY,SKHY260821P00080000,0,0.386,VETO,,down,-0.7538
2026-07-20 14:52,SLV,SLV261016C00056000,0,0.267,VETO,,up,0.3155
2026-07-20 14:52,TER,TER260724P00290000,0,0.176,VETO,,down,-1.0934
2026-07-20 14:52,IWM,IWM260918P00260000,0,0.453,VETO,,vertical,0.0285
2026-07-20 14:52,SPY,SPY260722C00746000,0,0.453,VETO,,up,0.3231
2026-07-20 14:52,CMG,CMG260821C00035000,0,0.267,VETO,,down,-1.0265
2026-07-20 14:52,QQQ,QQQ260720P00695000,0,0.386,VETO,,up,0.4036
2026-07-20 14:52,GIS,GIS260918C00040000,0,0.21,VETO,,down,-0.624
2026-07-20 14:52,NVO,NVO260918P00047500,0,0.267,VETO,,up,0.2978
2026-07-20 14:52,IWM,IWM260729C00297000,0,0.453,VETO,,up,0.3279
2026-07-20 14:52,USO,USO260724C00130000,0,0.413,VETO,,up,0.2974
2026-07-20 14:52,NVDA,NVDA260724P00205000,0,0.453,VETO,,up,0.3013
2026-07-20 14:52,ELF,ELF260807P00069000,0,0.16,VETO,,down,-0.889
2026-07-20 14:52,CPRI,CPRI261120P00012500,0,0.073,VETO,,vertical,0.0071
2026-07-20 14:52,ARKG,ARKG260731P00039000,0,0.16,VETO,,down,-0.6258
2026-07-20 14:52,CPRT,CPRT260821C00027500,0,0.139,VETO,,down,-1.0455
2026-07-20 15:02,NVDL,NVDL260821C00032330,1,0.267,VETO,,down,-0.7326
2026-07-20 15:02,QQQ,QQQ260720P00698000,0,0.386,VETO,,down,-0.7109
2026-07-20 15:02,AMKR,AMKR260821P00049000,0,0.16,VETO,,down,-0.88
2026-07-20 15:02,SPY,SPY260724P00728000,0,0.453,VETO,,down,-0.561
2026-07-20 15:02,WULF,WULF260731P00018000,0,0.267,VETO,,down,-0.5485
2026-07-20 15:02,HIMS,HIMS260807C00042000,0,0.267,VETO,,down,-1.0923
2026-07-20 15:02,ERIC,ERIC270115C00012000,0,0.099,VETO,,down,-1.125
2026-07-20 15:02,SPY,SPY260803P00710000,0,0.453,VETO,,down,-0.5058
2026-07-20 15:02,SPY,SPY260722C00748000,0,0.453,VETO,,up,0.4063
2026-07-20 15:02,QQQ,QQQ260720P00696000,0,0.386,VETO,,down,-0.6808
2026-07-20 15:02,NVDA,NVDA270319P00125000,0,0.453,VETO,,vertical,-0.0657
2026-07-20 15:02,SPY,SPY260720P00746000,0,0.453,VETO,,down,-0.5423
2026-07-20 15:02,GOOGL,GOOGL260720C00355000,0,0.413,VETO,,down,-0.5837
2026-07-20 15:02,SLI,SLI260821P00002500,0,0.016,VETO,,down,-0.7667
2026-07-20 15:02,ARKK,ARKK260724P00074000,0,0.267,VETO,,down,-0.5463
2026-07-20 15:02,PINS,PINS260724P00023500,0,0.158,VETO,,down,-0.7472
2026-07-20 15:02,EXE,EXE261016C00095000,0,0.246,VETO,,up,0.5776
2026-07-20 15:02,CRCL,CRCL260731C00066000,0,0.453,VETO,,up,0.2905
2026-07-20 15:02,SBET,SBET261016P00005000,0,0.067,VETO,,vertical,-0.1635
2026-07-20 15:12,ONDS,ONDS260821C00007000,1,0.267,VETO,,up,0.2836
2026-07-20 15:12,CORZ,CORZ260731C00023000,0,0.297,VETO,,up,0.4028
2026-07-20 15:12,ON,ON260731P00075000,0,0.21,VETO,,down,-0.6569
2026-07-20 15:12,SLV,SLV261231C00065000,0,0.267,VETO,,up,0.2857
2026-07-20 15:12,LUV,LUV260918P00047500,0,0.118,VETO,,down,-0.54
2026-07-20 15:12,SLV,SLV260731C00052000,0,0.267,VETO,,up,0.4184
2026-07-20 15:12,NVDA,NVDA260722C00210000,0,0.453,VETO,,down,-0.5574
2026-07-20 15:12,QQQ,QQQ260821P00605000,0,0.386,VETO,,vertical,-0.0246
2026-07-20 15:12,SPCX,SPCX260807C00175000,0,0.453,VETO,,up,0.2958
2026-07-20 15:12,ONDS,ONDS270617C00008000,0,0.267,VETO,,up,0.342
2026-07-20 15:12,DINO,DINO260821P00082500,0,0.118,VETO,,down,-0.5604
2026-07-20 15:12,BX,BX260724C00128000,0,0.246,VETO,,down,-0.6285
2026-07-20 15:12,INTC,INTC260722P00091000,0,0.824,TAKE,p=0.60 [iv_term.iv_ratio- technical.atr+ macro.distance_to_sma20_pct+],down,-0.8247
2026-07-20 15:12,TIGO,TIGO260821P00090000,0,0.073,VETO,,down,-0.5733
2026-07-20 15:12,LEVI,LEVI270115C00027000,0,0.139,VETO,,down,-1.06
2026-07-20 15:12,TLT,TLT261218C00088000,0,0.16,VETO,,down,-0.8391
2026-07-20 15:12,IREN,IREN260821C00050000,0,0.267,VETO,,up,0.3696
2026-07-20 15:12,SOFI,SOFI260821P00016000,0,0.267,VETO,,vertical,0.1059
2026-07-20 15:21,ABT,ABT260821C00106000,1,0.21,VETO,,down,-0.6697
2026-07-20 15:21,ABT,ABT260731C00105000,0,0.267,VETO,,down,-0.7909
2026-07-20 15:21,ISRG,ISRG260731C00370000,0,0.386,VETO,,up,0.2914
2026-07-20 15:21,INTC,INTC260724C00107000,0,0.824,TAKE,p=0.60 [iv_term.iv_ratio- technical.atr+ macro.distance_to_sma20_pct+],up,0.4029
2026-07-20 15:21,AMAT,AMAT260724P00435000,0,0.267,VETO,,down,-1.0418
2026-07-20 15:21,SLB,SLB260821C00047500,0,0.453,VETO,,up,0.3333
2026-07-20 15:21,ZION,ZION261120C00075000,0,0.16,VETO,,down,-0.6205
2026-07-20 15:21,UBER,UBER260731C00075000,0,0.386,VETO,,down,-0.5583
2026-07-20 15:21,CCJ,CCJ260821P00075000,0,0.267,VETO,,down,-1.017
2026-07-20 15:21,SMMT,SMMT260724C00014500,0,0.099,VETO,,down,-0.6238
2026-07-20 15:21,XLI,XLI270115C00215000,0,0.267,VETO,,down,-0.724
2026-07-20 15:21,CVNA,CVNA260821C00088000,0,0.297,VETO,,down,-1.0702
2026-07-20 15:21,EMN,EMN260918C00080000,0,0.16,VETO,,down,-1.0789
2026-07-20 15:32,RIOT,RIOT260821P00019000,1,0.267,VETO,,down,-0.5869
2026-07-20 15:32,NOK,NOK260821C00010000,0,0.267,VETO,,up,0.2991
2026-07-20 15:32,QQQ,QQQ260720C00699000,0,0.386,VETO,,up,0.438
2026-07-20 15:32,SPY,SPY260722C00747000,0,0.453,VETO,,down,-0.5582
2026-07-20 15:32,AAL,AAL261218C00022000,0,0.267,VETO,,down,-0.9286
2026-07-20 15:32,ORCL,ORCL260724C00123000,0,0.413,VETO,,up,0.3213
2026-07-20 15:32,BMNR,BMNR260918C00018000,0,0.267,VETO,,up,0.3234
2026-07-20 15:32,PLTR,PLTR260724C00138000,0,0.453,VETO,,up,0.3743
2026-07-20 15:32,CXW,CXW260821C00032000,0,0.073,VETO,,down,-0.6217
2026-07-20 15:32,BABA,BABA260724C00126000,0,0.453,VETO,,up,0.302
2026-07-20 15:32,RIOT,RIOT260828P00014000,0,0.267,VETO,,down,-0.875
2026-07-20 15:41,CIFR,CIFR260821P00019500,1,0.386,VETO,,down,-0.6229
2026-07-20 15:41,NVDA,NVDA260722P00207500,0,0.453,VETO,,up,0.3694
2026-07-20 15:41,TLT,TLT260724C00084000,0,0.16,VETO,,down,-0.5857
2026-07-20 15:41,CIFR,CIFR260807P00015000,0,0.297,VETO,,down,-0.5909
2026-07-20 15:41,HPQ,HPQ260821P00021500,0,0.21,VETO,,down,-1.0455
2026-07-20 15:41,BABA,BABA260731C00125000,0,0.453,VETO,,down,-0.6981
2026-07-20 15:41,APLD,APLD260724C00028500,0,0.453,VETO,,up,0.4854
2026-07-20 15:41,GEHC,GEHC261016C00072500,0,0.16,VETO,,down,-0.9323
2026-07-20 15:41,CLSK,CLSK260807P00016000,0,0.21,VETO,,vertical,-0.2478
2026-07-20 15:41,YUM,YUM261016C00160000,0,0.16,VETO,,vertical,-0.1405
2026-07-20 15:51,FISV,FISV260821P00049500,1,0.21,VETO,,down,-0.7071
2026-07-20 15:51,AMZN,AMZN260724P00247500,0,0.413,VETO,,up,0.3226
2026-07-20 15:51,FISV,FISV260821P00050000,0,0.21,VETO,,vertical,-0.1963
2026-07-20 15:51,NVDA,NVDA260821P00190000,0,0.453,VETO,,vertical,-0.2304
2026-07-20 15:51,NEE,NEE260821C00087500,0,0.267,VETO,,vertical,0.0647
2026-07-20 15:51,IREN,IREN260724P00038000,0,0.267,VETO,,down,-0.5909
2026-07-20 15:51,SPCX,SPCX260724C00124000,0,0.453,VETO,,up,0.2872
2026-07-20 15:51,DIS,DIS260807C00102000,0,0.267,VETO,,down,-1.0376
2026-07-20 15:51,KWEB,KWEB261218P00024000,0,0.21,VETO,,down,-1.044
2026-07-20 15:51,ABBV,ABBV260724P00255000,0,0.267,VETO,,down,-0.5701
2026-07-20 15:51,VG,VG270115C00020000,0,0.267,VETO,,vertical,-0.1444
2026-07-20 15:51,TLT,TLT260918P00083000,0,0.16,VETO,,up,0.3073
2026-07-20 15:51,EXE,EXE260918P00080000,0,0.246,VETO,,down,-0.7
2026-07-20 15:51,SEI,SEI260821C00070000,0,0.267,VETO,,up,0.3694
2026-07-20 15:51,MSTR,MSTR260724P00097000,0,0.413,VETO,,down,-0.5839
2026-07-20 15:51,TLT,TLT261218C00083000,0,0.16,VETO,,vertical,-0.1278
2026-07-20 15:51,TLN,TLN260724C00355000,0,0.16,VETO,,down,-0.7233
2026-07-20 16:02,CSIQ,CSIQ260821C00015500,1,0.067,VETO,,down,-1.1097
2026-07-20 16:02,NVDA,NVDA260731P00200000,0,0.453,VETO,,up,0.3162
2026-07-20 16:02,KKR,KKR261218P00080000,0,0.21,VETO,,down,-1.0085
2026-07-20 16:02,MCD,MCD260724C00277500,0,0.246,VETO,,down,-0.6484
2026-07-20 16:02,CSIQ,CSIQ261120C00016000,0,0.067,VETO,,vertical,-0.381
2026-07-20 16:02,BMNR,BMNR260918C00020000,0,0.267,VETO,,vertical,-0.3386
2026-07-20 16:02,SLV,SLV261016C00054000,0,0.267,VETO,,up,0.3417
2026-07-20 16:02,LI,LI260918C00014000,0,0.099,VETO,,down,-0.5857
2026-07-20 16:02,APLD,APLD260821P00025000,0,0.453,VETO,,vertical,-0.0175
2026-07-20 16:02,CELH,CELH260821C00030000,0,0.16,VETO,,vertical,-0.4014
2026-07-20 16:02,SLV,SLV261016P00051000,0,0.267,VETO,,vertical,-0.1938
2026-07-20 16:02,SLV,SLV260821P00046000,0,0.267,VETO,,down,-0.5422
2026-07-20 16:12,POET,POET260821C00008000,1,0.21,VETO,,down,-0.5351
2026-07-20 16:12,QQQ,QQQ260821P00580000,0,0.386,VETO,,up,0.35
2026-07-20 16:12,TSLA,TSLA260720C00375000,0,0.453,VETO,,down,-0.6432
2026-07-20 16:12,IWM,IWM260730P00287000,0,0.453,VETO,,up,0.2941
2026-07-20 16:12,MU,MU260720C00910000,0,0.413,VETO,,down,-0.5642
2026-07-20 16:12,ADBE,ADBE260731C00255000,0,0.297,VETO,,down,-0.9238
2026-07-20 16:12,MRVL,MRVL260724P00185000,0,0.453,VETO,,up,0.3225
2026-07-20 16:12,PLTR,PLTR260724C00135000,0,0.453,VETO,,down,-0.6726
2026-07-20 16:12,POET,POET261120C00008000,0,0.176,VETO,,vertical,-0.2763
2026-07-20 16:12,TLT,TLT260814C00084000,0,0.16,VETO,,down,-0.9157
2026-07-20 16:12,MSTR,MSTR260724C00100000,0,0.413,VETO,,up,0.4459
2026-07-20 16:12,UPRO,UPRO260828C00155000,0,0.21,VETO,,down,-0.6714
2026-07-20 16:12,DIA,DIA260918P00480000,0,0.267,VETO,,vertical,-0.0466
2026-07-20 16:22,AMPG,AMPG260821C00006500,1,0.073,VETO,,down,-1.1048
2026-07-20 16:22,BABA,BABA260807C00130000,0,0.453,VETO,,down,-0.5143
2026-07-20 16:22,MGK,MGK260821P00087000,0,0.16,VETO,,down,-0.5947
2026-07-20 16:22,TE,TE260828C00007500,0,0.099,VETO,,down,-0.7429
2026-07-20 16:22,IWM,IWM260730P00284000,0,0.453,VETO,,up,0.3287
2026-07-20 16:22,AMD,AMD260724C00585000,0,0.413,VETO,,up,0.3203
2026-07-20 16:22,GM,GM260724C00078000,0,0.21,VETO,,up,0.288
2026-07-20 16:22,VG,VG260731C00012500,0,0.267,VETO,,up,0.3625
2026-07-20 16:22,MRVL,MRVL260821C00300000,0,0.453,VETO,,down,-0.5692
2026-07-20 16:22,NVS,NVS260821C00155000,0,0.21,VETO,,up,0.3744
2026-07-20 16:22,PLTR,PLTR260724C00140000,0,0.453,VETO,,down,-0.5912
2026-07-20 16:22,MARA,MARA260724C00012000,0,0.267,VETO,,up,0.3192
2026-07-20 16:22,CMPS,CMPS261120P00010000,0,0.099,VETO,,vertical,-0.2814
2026-07-20 16:22,AMPG,AMPG260724C00006000,0,0.073,VETO,,down,-0.6727
2026-07-20 16:22,SLV,SLV261016C00053000,0,0.267,VETO,,up,0.3013
2026-07-20 16:22,NKLR,NKLR261218C00005000,0,0.009,VETO,,down,-0.7242
2026-07-20 16:22,COIN,COIN260724C00170000,0,0.267,VETO,,up,0.6888
2026-07-20 16:22,AVAV,AVAV260731C00170000,0,0.21,VETO,,down,-0.7458
2026-07-20 16:31,ACHR,ACHR260821C00005500,1,0.21,VETO,,down,-0.5316
2026-07-20 16:31,QQQ,QQQ260720C00701000,0,0.386,VETO,,down,-0.5483
2026-07-20 16:31,SCHW,SCHW260821C00102000,0,0.267,VETO,,down,-0.5273
2026-07-20 16:31,SLV,SLV260722P00051500,0,0.267,VETO,,up,0.3359
2026-07-20 16:31,CLF,CLF260724C00009500,0,0.246,VETO,,down,-0.7381
2026-07-20 16:31,KWEB,KWEB260807C00029000,0,0.21,VETO,,down,-1.0581
2026-07-20 16:31,IBIT,IBIT270115P00031000,0,0.267,VETO,,vertical,-0.0273
2026-07-20 16:31,CXW,CXW260821P00031000,0,0.073,VETO,,down,-0.9529
2026-07-20 16:31,ACHR,ACHR280121C00007000,0,0.21,VETO,,vertical,-0.2259
2026-07-20 16:31,PRGO,PRGO260821C00010000,0,0.009,VETO,,down,-0.6367
2026-07-20 16:31,ES,ES260821P00075000,0,0.16,VETO,,down,-0.88
2026-07-20 16:31,HIMS,HIMS260821C00040000,0,0.267,VETO,,down,-0.5378
2026-07-20 16:31,JBL,JBL260724C00330000,0,0.21,VETO,,down,-0.7469
2026-07-20 16:31,DUOL,DUOL260724C00146000,0,0.16,VETO,,down,-1.024
2026-07-20 16:42,SQQQ,SQQQ260821C00043500,1,0.297,VETO,,vertical,-0.1924
2026-07-20 16:42,PG,PG260814C00152500,0,0.267,VETO,,down,-0.729
2026-07-20 16:42,IWM,IWM260731P00290000,0,0.453,VETO,,up,0.3492
2026-07-20 16:42,SPY,SPY260723P00741000,0,0.453,VETO,,up,0.4645
2026-07-20 16:42,RRC,RRC260821C00041000,0,0.118,VETO,,down,-0.71
2026-07-20 16:42,KWEB,KWEB261218C00028000,0,0.21,VETO,,down,-0.7414
2026-07-20 16:42,VSH,VSH260821C00045000,0,0.16,VETO,,vertical,-0.3164
2026-07-20 16:42,IWM,IWM260803P00280000,0,0.453,VETO,,up,0.3265
2026-07-20 16:42,QQQ,QQQ260731C00725000,0,0.386,VETO,,up,0.3032
2026-07-20 16:42,INFQ,INFQ270115C00015000,0,0.139,VETO,,down,-0.7129
2026-07-20 16:42,CCJ,CCJ260724C00085000,0,0.267,VETO,,up,0.5088
2026-07-20 16:42,RGTI,RGTI260724C00015000,0,0.386,VETO,,up,0.3889
2026-07-20 16:42,SQQQ,SQQQ260807C00050000,0,0.267,VETO,,up,0.303
2026-07-20 16:42,MXL,MXL260821C00095000,0,0.267,VETO,,up,0.3573
2026-07-20 16:51,BULL,BULL260821C00008000,1,0.16,VETO,,down,-0.6408
2026-07-20 16:51,SQQQ,SQQQ260724C00038000,0,0.267,VETO,,up,0.3653
2026-07-20 16:51,JPM,JPM260724P00335000,0,0.386,VETO,,up,0.273
2026-07-20 16:51,HPE,HPE260731P00040000,0,0.267,VETO,,down,-1.0303
2026-07-20 16:51,BABA,BABA260807C00145000,0,0.453,VETO,,down,-0.6875
2026-07-20 16:51,BULL,BULL260814C00008000,0,0.139,VETO,,down,-0.6154
2026-07-20 16:51,ENVX,ENVX260807C00005000,0,0.016,VETO,,down,-1.0143
2026-07-20 16:51,AROC,AROC261120C00040000,0,0.034,VETO,,vertical,-0.332
2026-07-20 16:51,SIRI,SIRI260918P00030000,0,0.267,VETO,,up,0.2718
2026-07-20 16:51,MDB,MDB260828P00270000,0,0.21,VETO,,down,-0.8134
2026-07-20 17:02,NKE,NKE260821C00045000,1,0.267,VETO,,down,-0.6955
2026-07-20 17:02,MMM,MMM260821C00170000,0,0.267,VETO,,up,1.2226
2026-07-20 17:02,SOXL,SOXL260821P00061000,0,0.267,VETO,,down,-0.6863
2026-07-20 17:02,AMZN,AMZN260720C00250000,0,0.413,VETO,,down,-0.7569
2026-07-20 17:02,KRE,KRE261016P00070000,0,0.246,VETO,,vertical,-0.0802
2026-07-20 17:02,TLT,TLT260918C00083000,0,0.16,VETO,,vertical,-0.2143
2026-07-20 17:02,SPY,SPY261016P00620000,0,0.453,VETO,,vertical,0.041
2026-07-20 17:02,QQQ,QQQ260720P00700000,0,0.386,VETO,,up,0.6396
2026-07-20 17:02,SNDK,SNDK260724P00770000,0,0.267,VETO,,down,-1.1292
2026-07-20 17:02,IGV,IGV260821P00090000,0,0.267,VETO,,up,0.3489
2026-07-20 17:02,NKE,NKE260731C00043500,0,0.267,VETO,,down,-1.024
2026-07-20 17:02,TLT,TLT260731P00083500,0,0.16,VETO,,up,0.3919
2026-07-20 17:02,UHS,UHS260918P00135000,0,0.139,VETO,,down,-0.68
2026-07-20 17:02,HAL,HAL260724C00036000,0,0.176,VETO,,down,-1.0
2026-07-20 17:02,MCHP,MCHP260918P00052500,0,0.267,VETO,,vertical,-0.5043
2026-07-20 17:02,BILI,BILI260807P00020000,0,0.21,VETO,,up,0.2821
2026-07-20 17:12,GSK,GSK260821C00052000,1,0.16,VETO,,down,-0.6377
2026-07-20 17:12,CCL,CCL261120P00024000,0,0.21,VETO,,vertical,-0.1455
2026-07-20 17:12,KO,KO260731P00082000,0,0.267,VETO,,down,-0.8989
2026-07-20 17:12,SMH,SMH260722C00590000,0,0.267,VETO,,down,-0.5935
2026-07-20 17:12,SPY,SPY260720C00743000,0,0.453,VETO,,down,-0.6257
2026-07-20 17:12,CRCL,CRCL260821P00055000,0,0.453,VETO,,down,-1.0067
2026-07-20 17:12,SPY,SPY260724P00721000,0,0.453,VETO,,down,-0.5351
2026-07-20 17:12,CCL,CCL261120P00025000,0,0.21,VETO,,vertical,-0.1175
2026-07-20 17:12,MSFT,MSFT260724C00425000,0,0.453,VETO,,down,-0.6682
2026-07-20 17:12,SOFI,SOFI260821P00015000,0,0.267,VETO,,vertical,0.1327
2026-07-20 17:12,ACHR,ACHR270115C00007000,0,0.21,VETO,,down,-1.0227
2026-07-20 17:12,CRM,CRM260814C00195000,0,0.386,VETO,,down,-0.584
2026-07-20 17:12,HPE,HPE260731P00041000,0,0.267,VETO,,down,-1.0278
2026-07-20 17:12,CBRL,CBRL260821P00052500,0,0.099,VETO,,down,-0.7267
2026-07-20 17:12,QCOM,QCOM260821C00210000,0,0.267,VETO,,up,0.2947
2026-07-20 17:12,CLF,CLF260731C00009000,0,0.246,VETO,,down,-1.0357
2026-07-20 17:12,SOLS,SOLS260821P00050000,0,0.16,VETO,,down,-0.8033
2026-07-20 17:12,GME,GME260807C00022000,0,0.139,VETO,,down,-1.0385
2026-07-20 17:12,TLT,TLT260918C00087000,0,0.16,VETO,,vertical,-0.2727
2026-07-20 17:12,AWK,AWK260918C00135000,0,0.16,VETO,,vertical,0.1231
2026-07-20 17:22,NN,NN270115C00025000,0,0.139,VETO,,down,-0.9475
2026-07-20 17:22,ADBE,ADBE260724C00245000,0,0.297,VETO,,down,-0.9807
2026-07-20 17:22,VTRS,VTRS260821P00016000,0,0.061,VETO,,vertical,-0.5444
2026-07-20 17:22,AS,AS260821P00037500,0,0.099,VETO,,down,-0.579
2026-07-20 17:22,ANET,ANET260731P00145000,0,0.267,VETO,,down,-0.7933
2026-07-20 17:22,VTRS,VTRS260821P00017000,0,0.061,VETO,,down,-0.7562
2026-07-20 17:22,GM,GM260821P00070000,0,0.21,VETO,,down,-0.6884
2026-07-20 17:22,PLTR,PLTR260918C00220000,0,0.453,VETO,,down,-0.7615
2026-07-20 17:22,LOGI,LOGI260821C00115000,0,0.118,VETO,,down,-0.6375
2026-07-20 17:22,NBIS,NBIS260814P00090000,0,0.267,VETO,,down,-0.6104
2026-07-20 17:22,CRCL,CRCL260731P00050000,0,0.453,VETO,,down,-0.8947
2026-07-20 17:22,IREN,IREN260821P00030000,0,0.267,VETO,,vertical,-0.007
2026-07-20 17:32,ZETA,ZETA260821C00022500,1,0.21,VETO,,down,-0.5391
2026-07-20 17:32,SGHC,SGHC261016C00014000,0,0.057,VETO,,down,-0.8865
2026-07-20 17:32,SPY,SPY260724P00740000,0,0.453,VETO,,down,-0.5508
2026-07-20 17:32,UBER,UBER260724P00076000,0,0.386,VETO,,up,0.3205
2026-07-20 17:32,CLSK,CLSK260821C00014500,0,0.21,VETO,,vertical,-0.293
2026-07-20 17:32,IBIT,IBIT280121C00057000,0,0.267,VETO,,vertical,-0.1557
2026-07-20 17:32,CAT,CAT260724P00785000,0,0.21,VETO,,down,-1.1308
2026-07-20 17:32,INTC,INTC260722P00090000,0,0.824,TAKE,p=0.60 [iv_term.iv_ratio- technical.atr+ macro.distance_to_sma20_pct+],up,0.3016
2026-07-20 17:32,ZETA,ZETA260918C00022500,0,0.21,VETO,,down,-0.5565
2026-07-20 17:32,TWLO,TWLO260731C00230000,0,0.21,VETO,,down,-0.7067
2026-07-20 17:32,NFLX,NFLX260724C00070000,0,0.386,VETO,,down,-0.5222
2026-07-20 17:32,CRWV,CRWV260724P00062000,0,0.403,VETO,,down,-1.0303
2026-07-20 17:32,GPN,GPN260821C00095000,0,0.21,VETO,,down,-0.68
2026-07-20 17:42,WMT,WMT260821C00117000,1,0.267,VETO,,down,-0.5734
2026-07-20 17:42,NVDA,NVDA260727P00195000,0,0.453,VETO,,down,-0.6066
2026-07-20 17:42,HOOD,HOOD260724P00101000,0,0.386,VETO,,down,-0.6044
2026-07-20 17:42,MSFT,MSFT260722C00405000,0,0.453,VETO,,down,-0.6206
2026-07-20 17:42,HOOD,HOOD260918C00130000,0,0.386,VETO,,up,0.4558
2026-07-20 17:42,NVDA,NVDA260720C00202500,0,0.453,VETO,,down,-0.527
2026-07-20 17:42,ASTS,ASTS260821C00070000,0,0.453,VETO,,up,0.3063
2026-07-20 17:42,AAL,AAL270917C00020000,0,0.267,VETO,,down,-0.9709
2026-07-20 17:42,WMT,WMT261218C00140000,0,0.267,VETO,,down,-0.5654
2026-07-20 17:42,VG,VG260814C00017000,0,0.267,VETO,,vertical,-0.5364
2026-07-20 17:42,WBD,WBD260821C00027000,0,0.16,VETO,,down,-0.7151
2026-07-20 17:42,NEE,NEE260918C00087500,0,0.267,VETO,,up,0.2813
2026-07-20 17:42,IBIT,IBIT260724P00036500,0,0.267,VETO,,down,-0.6806
2026-07-20 17:51,NU,NU260821C00014500,1,0.16,VETO,,down,-1.036
2026-07-20 17:51,IREN,IREN260724P00039000,0,0.267,VETO,,down,-0.5686
2026-07-20 17:51,OKLO,OKLO260731C00040500,0,0.453,VETO,,up,0.3047
2026-07-20 17:51,AVGO,AVGO260731P00317500,0,0.386,VETO,,down,-0.8136
2026-07-20 17:51,TXN,TXN261016C00440000,0,0.267,VETO,,down,-0.7973
2026-07-20 17:51,AMAT,AMAT260807P00360000,0,0.267,VETO,,down,-0.8892
2026-07-20 17:51,NU,NU260821C00013000,0,0.16,VETO,,vertical,-0.098
2026-07-20 17:51,VG,VG260821C00015000,0,0.267,VETO,,vertical,-0.2731
2026-07-20 17:51,GLD,GLD260729C00376000,0,0.386,VETO,,up,0.4947
2026-07-20 17:51,ARKG,ARKG261016C00045000,0,0.16,VETO,,vertical,-0.4475
2026-07-20 17:51,DECK,DECK260724C00120000,0,0.139,VETO,,down,-1.0059
2026-07-20 17:51,U,U260731P00031500,0,0.267,VETO,,up,0.2743
2026-07-20 17:51,SMCI,SMCI260724P00024000,0,0.267,VETO,,down,-0.5116
2026-07-20 17:51,KRC,KRC261120C00042500,0,0.016,VETO,,down,-0.8
2026-07-20 17:51,IREN,IREN260724P00039500,0,0.267,VETO,,down,-0.625
2026-07-20 17:51,XLF,XLF260821C00058000,0,0.21,VETO,,down,-0.7143
2026-07-20 18:01,PAAS,PAAS260821C00044000,1,0.267,VETO,,up,0.3525
2026-07-20 18:01,AMZN,AMZN260724P00245000,0,0.413,VETO,,up,0.3155
2026-07-20 18:01,NU,NU260918C00014000,0,0.16,VETO,,vertical,-0.1043
2026-07-20 18:01,PAAS,PAAS260821C00042500,0,0.267,VETO,,up,0.3614
2026-07-20 18:01,WDC,WDC260724P00390000,0,0.21,VETO,,down,-1.0393
2026-07-20 18:01,RGTI,RGTI260724C00014500,0,0.386,VETO,,up,0.3629
2026-07-20 18:01,WDAY,WDAY260918C00195000,0,0.176,VETO,,down,-0.6121
2026-07-20 18:01,RSP,RSP260724C00215000,0,0.267,VETO,,down,-1.1364
2026-07-20 18:01,SCHW,SCHW260724P00099000,0,0.267,VETO,,down,-1.055
2026-07-20 18:01,TTD,TTD260724P00019000,0,0.267,VETO,,up,0.2603
2026-07-20 18:01,JOBY,JOBY280121C00008000,0,0.16,VETO,,vertical,-0.1571
2026-07-20 18:01,REPL,REPL260731C00011000,0,0.067,VETO,,down,-0.771
2026-07-20 18:01,UNM,UNM260821C00092500,0,0.099,VETO,,down,-0.7902
2026-07-20 18:01,RKLB,RKLB260724P00060000,0,0.403,VETO,,down,-0.6667
2026-07-20 18:12,CMG,CMG260821C00034500,1,0.267,VETO,,down,-0.5325
2026-07-20 18:12,AMZN,AMZN260722C00250000,0,0.413,VETO,,down,-0.6125
2026-07-20 18:12,NU,NU261120C00014000,0,0.16,VETO,,vertical,-0.0734
2026-07-20 18:12,GPN,GPN260821C00090000,0,0.21,VETO,,down,-0.5491
2026-07-20 18:12,ORCL,ORCL260821P00100000,0,0.413,VETO,,up,0.3439
2026-07-20 18:12,FLNC,FLNC260821C00021000,0,0.16,VETO,,down,-1.0667
2026-07-20 18:12,NBIS,NBIS260821P00040000,0,0.267,VETO,,down,-0.6023
2026-07-20 18:12,DHR,DHR260724C00212500,0,0.267,VETO,,down,-1.14
2026-07-20 18:12,CMCSA,CMCSA261218C00030000,0,0.267,VETO,,down,-0.7414
2026-07-20 18:12,CEG,CEG260724C00260000,0,0.267,VETO,,up,0.5568
2026-07-20 18:12,RKLB,RKLB260724C00072000,0,0.403,VETO,,down,-0.7949
2026-07-20 18:12,RKLB,RKLB260724C00070000,0,0.403,VETO,,up,0.3237
2026-07-20 18:12,IYR,IYR260814P00103000,0,0.16,VETO,,down,-0.6889
2026-07-20 18:12,AWK,AWK260821C00135000,0,0.16,VETO,,down,-0.631
2026-07-20 18:21,RIVN,RIVN260821C00018000,1,0.267,VETO,,down,-0.5161
2026-07-20 18:21,CRCL,CRCL260724C00067000,0,0.453,VETO,,up,0.6103
2026-07-20 18:21,SPY,SPY260728C00752000,0,0.453,VETO,,up,0.3089
2026-07-20 18:21,SPCX,SPCX260724P00121000,0,0.453,VETO,,up,0.4667
2026-07-20 18:21,SPY,SPY260720C00742000,0,0.453,VETO,,down,-0.5903
2026-07-20 18:21,SPY,SPY260724P00744000,0,0.453,VETO,,up,0.3822
2026-07-20 18:21,ADBE,ADBE260814P00205000,0,0.297,VETO,,up,0.2545
2026-07-20 18:21,CMG,CMG260807P00035000,0,0.267,VETO,,down,-1.0122
2026-07-20 18:21,RIVN,RIVN260918C00020000,0,0.267,VETO,,down,-0.5212
2026-07-20 18:21,GPC,GPC260821C00130000,0,0.21,VETO,,down,-1.0605
2026-07-20 18:21,IOT,IOT260918C00050000,0,0.21,VETO,,down,-0.6281
2026-07-20 18:21,CRNC,CRNC260821C00010000,0,0.016,VETO,,down,-0.925
2026-07-20 18:21,PSKY,PSKY260918C00010000,0,0.16,VETO,,vertical,-0.6023
2026-07-20 18:21,SLV,SLV260821C00060000,0,0.267,VETO,,up,0.4333
2026-07-20 18:21,TQQQ,TQQQ260821P00050000,0,0.453,VETO,,up,0.3125
2026-07-20 18:21,TQQQ,TQQQ260724C00068500,0,0.453,VETO,,up,0.3339
2026-07-20 18:21,KEEL,KEEL261120P00003000,0,0.21,VETO,,down,-0.6087
2026-07-20 18:32,DVN,DVN260821C00046000,1,0.267,VETO,,vertical,-0.3579
2026-07-20 18:32,SPY,SPY260724P00735000,0,0.453,VETO,,up,0.3277
2026-07-20 18:32,USO,USO260722C00125000,0,0.413,VETO,,up,0.3483
2026-07-20 18:32,DHR,DHR260724P00195000,0,0.267,VETO,,up,4.479
2026-07-20 18:32,TSLA,TSLA260724C00400000,0,0.453,VETO,,up,0.3147
2026-07-20 18:32,NVO,NVO260918P00050000,0,0.267,VETO,,vertical,0.0972
2026-07-20 18:32,CIFR,CIFR260821C00021500,0,0.297,VETO,,up,0.5
2026-07-20 18:32,INTC,INTC260731C00150000,0,0.824,TAKE,p=0.60 [iv_term.iv_ratio- technical.atr+ macro.distance_to_sma20_pct+],up,0.2763
2026-07-20 18:32,BNO,BNO260724C00050000,0,0.453,VETO,,up,0.3482
2026-07-20 18:32,GDXJ,GDXJ260724P00092500,0,0.21,VETO,,down,-0.7399
2026-07-20 18:32,DVN,DVN260724C00044500,0,0.267,VETO,,down,-1.0217
2026-07-20 18:32,ERAS,ERAS260821P00017500,0,0.118,VETO,,down,-0.6281
2026-07-20 18:32,CCJ,CCJ260828P00075000,0,0.267,VETO,,down,-1.0642
2026-07-20 18:32,SOFI,SOFI261120C00017000,0,0.267,VETO,,vertical,-0.2218
2026-07-20 18:32,MSFT,MSFT270617C00530000,0,0.453,VETO,,vertical,-0.3454
2026-07-20 18:42,IREN,IREN260918P00030000,0,0.267,VETO,,vertical,0.0549
2026-07-20 18:42,NVDA,NVDA260807P00185000,0,0.453,VETO,,down,-0.5429
2026-07-20 18:42,JNJ,JNJ260821C00260000,0,0.403,VETO,,up,0.339
2026-07-20 18:42,C,C260731P00130000,0,0.267,VETO,,down,-0.5508
2026-07-20 18:42,NOW,NOW260724C00115000,0,0.297,VETO,,down,-0.6136
2026-07-20 18:42,LVS,LVS260918P00047500,0,0.21,VETO,,down,-1.0195
2026-07-20 18:42,UPST,UPST260821P00029000,0,0.176,VETO,,vertical,0.0938
2026-07-20 18:42,UNH,UNH260821C00490000,0,0.297,VETO,,up,0.2453
2026-07-20 18:42,IREN,IREN260821P00018000,0,0.267,VETO,,down,-0.9375
2026-07-20 18:42,AVTR,AVTR260918C00012000,0,0.073,VETO,,down,-0.84
2026-07-20 18:42,ABCL,ABCL270115C00010000,0,0.061,VETO,,down,-0.66
2026-07-20 18:42,GEHC,GEHC261218C00080000,0,0.16,VETO,,down,-1.0031
2026-07-20 18:42,UCO,UCO260821C00048000,0,0.267,VETO,,up,0.3258
2026-07-20 18:42,AOSL,AOSL260821P00025000,0,0.16,VETO,,down,-1.0136
2026-07-20 18:51,SPY,SPY260807P00720000,0,0.453,VETO,,up,0.2987
2026-07-20 18:51,IREN,IREN260821P00032000,0,0.267,VETO,,vertical,-0.0054
2026-07-20 18:51,XLE,XLE260731C00059500,0,0.267,VETO,,down,-0.6269
2026-07-20 18:51,SPY,SPY260720P00742000,0,0.453,VETO,,up,0.6518
2026-07-20 18:51,META,META260731C00810000,0,0.413,VETO,,down,-0.5564
2026-07-20 18:51,BAC,BAC270115C00062500,0,0.21,VETO,,vertical,0.1208
2026-07-20 18:51,LVS,LVS260918P00045000,0,0.21,VETO,,down,-1.0213
2026-07-20 18:51,BULL,BULL270115C00010000,0,0.139,VETO,,vertical,-0.1154
2026-07-20 18:51,SGHC,SGHC261218C00016750,0,0.057,VETO,,down,-0.8757
2026-07-20 18:51,MCHP,MCHP260821P00070000,0,0.267,VETO,,down,-0.7733
2026-07-20 18:51,CFG,CFG260821P00072500,0,0.16,VETO,,down,-0.5655
2026-07-20 19:01,F,F260821P00013500,1,0.118,VETO,,down,-0.6189
2026-07-20 19:01,F,F260731P00014000,0,0.139,VETO,,down,-0.5769
2026-07-20 19:01,USAR,USAR260918P00014000,0,0.21,VETO,,vertical,0.0369
2026-07-20 19:01,BBY,BBY260821C00087500,0,0.16,VETO,,down,-0.6098
2026-07-20 19:01,COIN,COIN260731C00210000,0,0.267,VETO,,down,-0.9551
2026-07-20 19:01,ALLE,ALLE260821C00150000,0,0.099,VETO,,down,-0.7172
2026-07-20 19:01,TLT,TLT280616P00080000,0,0.16,VETO,,vertical,-0.0197
2026-07-20 19:01,FHN,FHN261120C00027000,0,0.061,VETO,,down,-1.0455
2026-07-20 19:01,AEVA,AEVA260821P00012500,0,0.061,VETO,,down,-0.7571
2026-07-20 19:11,USB,USB260821P00061000,1,0.21,VETO,,down,-0.6622
2026-07-20 19:11,SPCX,SPCX260821C00170000,0,0.453,VETO,,up,0.302
2026-07-20 19:11,OKLO,OKLO260724C00041500,0,0.453,VETO,,up,0.4368
2026-07-20 19:11,OKLO,OKLO261120C00090000,0,0.453,VETO,,up,0.2612
2026-07-20 19:11,IGV,IGV260821C00095000,0,0.267,VETO,,down,-0.5353
2026-07-20 19:11,USB,USB270617P00057500,0,0.21,VETO,,vertical,-0.1329
2026-07-20 19:11,FE,FE260821C00049000,0,0.16,VETO,,down,-1.1
2026-07-20 19:11,WDAY,WDAY260731C00165000,0,0.176,VETO,,down,-1.1026
2026-07-20 19:11,CIFR,CIFR260724P00019000,0,0.297,VETO,,down,-1.0417
2026-07-20 19:11,BXP,BXP260821P00065000,0,0.139,VETO,,down,-0.6697
2026-07-20 19:11,XLE,XLE260918C00060000,0,0.267,VETO,,up,0.4346
2026-07-20 19:11,IREN,IREN260821C00070000,0,0.267,VETO,,down,-0.6923
2026-07-20 19:21,DIS,DIS260821C00100000,1,0.267,VETO,,down,-0.5661
2026-07-20 19:21,AAPL,AAPL260724C00330000,0,0.267,VETO,,down,-0.5973
2026-07-20 19:21,AAPL,AAPL261120C00400000,0,0.267,VETO,,vertical,0.0789
2026-07-20 19:21,IWM,IWM260821P00265000,0,0.453,VETO,,vertical,-0.0946
2026-07-20 19:21,DIS,DIS260918C00100000,0,0.267,VETO,,down,-0.6333
2026-07-20 19:21,NEE,NEE260918C00092500,0,0.267,VETO,,up,0.303
2026-07-20 19:21,MO,MO260821C00075000,0,0.267,VETO,,down,-0.5369
2026-07-20 19:21,GM,GM260724C00080000,0,0.21,VETO,,up,0.2622
2026-07-20 19:21,PENG,PENG260821P00035000,0,0.176,VETO,,down,-0.6
2026-07-20 19:21,KR,KR260821C00061000,0,0.16,VETO,,down,-0.5952
2026-07-20 19:21,FLNC,FLNC260821C00019000,0,0.16,VETO,,down,-1.0238
2026-07-20 19:21,MU,MU260803P00800000,0,0.413,VETO,,down,-0.5423
2026-07-20 19:21,HUT,HUT260821P00090000,0,0.21,VETO,,down,-0.6967
2026-07-20 19:21,VRTX,VRTX261016P00490000,0,0.176,VETO,,vertical,-0.1995
2026-07-20 19:21,SNDK,SNDK260821C01430000,0,0.267,VETO,,up,0.3372
2026-07-20 19:31,IOT,IOT260821C00040000,1,0.16,VETO,,down,-0.5907
2026-07-20 19:31,SQQQ,SQQQ260724C00043500,0,0.267,VETO,,down,-0.873
2026-07-20 19:31,SQQQ,SQQQ260724C00043000,0,0.267,VETO,,down,-0.8094
2026-07-20 19:31,AAPL,AAPL260720P00332500,0,0.267,VETO,,vertical,0.4294
2026-07-20 19:31,PLTR,PLTR260918P00100000,0,0.453,VETO,,up,0.2895
2026-07-20 19:31,TLT,TLT280121C00089000,0,0.16,VETO,,vertical,-0.1135
2026-07-20 19:31,NFLX,NFLX260807C00070000,0,0.386,VETO,,up,0.4016
2026-07-20 19:31,QQQ,QQQ260720C00695000,0,0.386,VETO,,vertical,-0.708
2026-07-20 19:31,WMT,WMT260731P00113000,0,0.267,VETO,,up,0.2808
2026-07-20 19:31,CRDO,CRDO260731P00155000,0,0.16,VETO,,down,-0.9478
2026-07-20 19:31,DDOG,DDOG260731P00232500,0,0.267,VETO,,up,0.25
2026-07-20 19:31,APA,APA260821P00034500,0,0.176,VETO,,down,-0.5194
2026-07-20 19:31,BIRK,BIRK260821C00045000,0,0.099,VETO,,down,-0.658
2026-07-20 19:31,JD,JD270115C00040000,0,0.267,VETO,,vertical,-0.3318
2026-07-20 19:41,OSCR,OSCR260821P00028500,1,0.16,VETO,,down,-0.7052
2026-07-20 19:41,NOK,NOK260807C00010000,0,0.267,VETO,,down,-0.6045
2026-07-20 19:41,OSCR,OSCR271217P00017000,0,0.16,VETO,,down,-0.7265
2026-07-20 19:41,SPXS,SPXS261016P00025000,0,0.158,VETO,,down,-0.5909
2026-07-20 19:41,QQQ,QQQ260724P00680000,0,0.386,VETO,,down,-0.5842
2026-07-20 19:41,IREN,IREN260724P00040000,0,0.267,VETO,,down,-0.5132
2026-07-20 19:41,AMAT,AMAT260724P00440000,0,0.267,VETO,,down,-0.9758
2026-07-20 19:41,KHC,KHC260821C00028000,0,0.267,VETO,,down,-0.5658
2026-07-20 19:41,QCOM,QCOM260724P00165000,0,0.267,VETO,,down,-0.5794
2026-07-20 19:52,SMR,SMR260821P00007500,1,0.099,VETO,,down,-0.5658
2026-07-20 19:52,GEHC,GEHC260821P00062500,0,0.16,VETO,,down,-0.6527
2026-07-20 19:52,SPY,SPY260721P00743000,0,0.453,VETO,,down,-0.776
2026-07-20 19:52,DRI,DRI261016C00220000,0,0.21,VETO,,down,-0.5925
2026-07-20 19:52,RBLX,RBLX260724C00054000,0,0.231,VETO,,down,-0.516
2026-07-20 19:52,IREN,IREN260724P00035000,0,0.267,VETO,,down,-0.6164
2026-07-20 19:52,WIX,WIX260821C00070000,0,0.158,VETO,,down,-1.016
2026-07-20 19:52,CCL,CCL260821C00027000,0,0.21,VETO,,down,-0.5204
2026-07-20 19:52,BRBR,BRBR260821C00012500,0,0.016,VETO,,vertical,-0.0207
2026-07-20 19:52,CSTM,CSTM261120C00033000,0,0.118,VETO,,down,-0.6286
2026-07-20 19:52,CTSH,CTSH260821P00040000,0,0.21,VETO,,vertical,-0.3714
2026-07-20 19:52,SMR,SMR260918P00006000,0,0.118,VETO,,down,-0.814
2026-07-21 13:32,SPCX,SPCX260724P00122000,0,0.413,VETO,,down,-0.5447
2026-07-21 13:32,SPY,SPY260722C00745000,0,0.453,VETO,,up,0.377
2026-07-21 13:32,VRNS,VRNS270115C00060000,0,0.139,VETO,,down,-0.9111
2026-07-21 13:32,IBIT,IBIT260821C00040000,0,0.267,VETO,,down,-0.5694
2026-07-21 13:32,HOOD,HOOD260724C00106000,0,0.413,VETO,,up,0.2819
2026-07-21 13:32,CRCL,CRCL260724C00072000,0,0.267,VETO,,down,-0.7854
2026-07-21 13:32,SLV,SLV260722C00052500,0,0.297,VETO,,up,0.4438
2026-07-21 13:42,SPY,SPY260821P00708000,0,0.453,VETO,,up,0.3187
2026-07-21 13:42,AAPL,AAPL260724P00325000,0,0.403,VETO,,down,-0.5795
2026-07-21 13:42,NVO,NVO260918C00050000,0,0.267,VETO,,vertical,-0.1472
2026-07-21 13:42,BA,BA260724P00207500,0,0.386,VETO,,down,-0.5951
2026-07-21 13:42,WFC,WFC270115C00097500,0,0.21,VETO,,vertical,-0.1459
2026-07-21 13:42,SPY,SPY260722P00742000,0,0.453,VETO,,down,-0.5211
2026-07-21 13:42,SPY,SPY260721P00746000,0,0.453,VETO,,down,-0.7962
2026-07-21 13:42,SPY,SPY260721P00745000,0,0.453,VETO,,down,-0.8608
2026-07-21 13:42,QQQ,QQQ260721P00705000,0,0.267,VETO,,down,-0.779
2026-07-21 13:42,SW,SW270115C00050000,0,0.453,VETO,,up,0.3214
2026-07-21 13:42,ARKG,ARKG260724P00040000,0,0.21,VETO,,down,-0.5475
2026-07-21 13:42,TSCO,TSCO270115C00038000,0,0.16,VETO,,vertical,-0.0048
2026-07-21 13:42,SQQQ,SQQQ260724C00041500,0,0.386,VETO,,down,-0.5519
2026-07-21 13:42,MARA,MARA261218P00012000,0,0.21,VETO,,vertical,-0.1148
2026-07-21 13:42,TLT,TLT261120C00088000,0,0.16,VETO,,down,-0.7167
2026-07-21 13:42,MU,MU260731C01000000,0,0.386,VETO,,up,0.295
2026-07-21 13:42,TSM,TSM270219C00400000,0,0.413,VETO,,vertical,-0.181
2026-07-21 13:52,XLV,XLV260821C00165000,1,0.267,VETO,,down,-0.75
2026-07-21 13:52,SPY,SPY260723P00746000,0,0.453,VETO,,down,-0.5102
2026-07-21 13:52,SPY,SPY260723P00727000,0,0.453,VETO,,down,-0.5625
2026-07-21 13:52,SPCX,SPCX260814C00162500,0,0.413,VETO,,down,-0.5375
2026-07-21 13:52,NVDA,NVDA260722C00205000,0,0.413,VETO,,up,0.6487
2026-07-21 13:52,NVDA,NVDA260918C00250000,0,0.413,VETO,,up,0.5225
2026-07-21 13:52,QQQ,QQQ260723C00721000,0,0.267,VETO,,up,0.4062
2026-07-21 13:52,CEVA,CEVA260821C00045000,0,0.139,VETO,,down,-0.7588
2026-07-21 13:52,IBIT,IBIT260724C00037500,0,0.267,VETO,,down,-0.5522
2026-07-21 13:52,CPRT,CPRT260918C00030000,0,0.139,VETO,,down,-1.1471
2026-07-21 13:52,MSTR,MSTR260724P00100000,0,0.413,VETO,,up,0.3248
2026-07-21 13:52,TLT,TLT281215C00090000,0,0.16,VETO,,vertical,-0.0397
2026-07-21 13:52,SLV,SLV270115C00065000,0,0.297,VETO,,vertical,-0.0954
2026-07-21 13:52,XLV,XLV270319C00180000,0,0.386,VETO,,up,0.3696
2026-07-21 13:52,ONDS,ONDS260918C00008000,0,0.246,VETO,,up,0.2921
2026-07-21 14:02,HOOD,HOOD260724P00105000,0,0.413,VETO,,up,0.3726
2026-07-21 14:02,SPY,SPY260721C00744000,0,0.453,VETO,,up,0.6735
2026-07-21 14:02,SPY,SPY260831C00775000,0,0.453,VETO,,down,-0.519
2026-07-21 14:02,MARA,MARA260731P00011000,0,0.21,VETO,,down,-0.5588
2026-07-21 14:02,F,F260731P00014000,0,0.118,VETO,,down,-0.7386
2026-07-21 14:02,BULL,BULL270115C00007500,0,0.16,VETO,,vertical,-0.2189
2026-07-21 14:02,APP,APP260724C00465000,0,0.246,VETO,,down,-0.7373
2026-07-21 14:02,SFM,SFM260821C00090000,0,0.16,VETO,,down,-1.0043
2026-07-21 14:02,COPX,COPX260807C00081500,0,0.267,VETO,,up,0.404
2026-07-21 14:02,LULU,LULU260731C00128000,0,0.267,VETO,,down,-1.1686
2026-07-21 14:02,IOT,IOT260821C00040000,0,0.267,VETO,,down,-0.56
2026-07-21 14:02,NBIS,NBIS261218C00195000,0,0.386,VETO,,vertical,-0.154
2026-07-21 14:02,NBIS,NBIS260821P00182500,0,0.386,VETO,,vertical,-0.0767
2026-07-21 14:11,JD,JD260821P00029500,1,0.267,VETO,,down,-0.5999
2026-07-21 14:11,WFC,WFC260918C00087500,0,0.21,VETO,,vertical,-0.1986
2026-07-21 14:11,AAPL,AAPL261120C00400000,0,0.403,VETO,,up,0.2852
2026-07-21 14:11,CORZ,CORZ260821C00032000,0,0.267,VETO,,down,-0.7667
2026-07-21 14:11,RIOT,RIOT260821P00015000,0,0.267,VETO,,down,-0.8438
2026-07-21 14:11,SPCX,SPCX260821P00090000,0,0.413,VETO,,up,0.2843
2026-07-21 14:11,QQQ,QQQ260721P00699000,0,0.267,VETO,,down,-0.8762
2026-07-21 14:11,JD,JD260724P00030500,0,0.267,VETO,,down,-0.9737
2026-07-21 14:11,HOOD,HOOD260724P00107000,0,0.413,VETO,,up,0.4925
2026-07-21 14:11,BNO,BNO260731C00055000,0,0.386,VETO,,up,0.3652
2026-07-21 14:11,ASTS,ASTS260724C00060000,0,0.453,VETO,,up,0.5014
2026-07-21 14:11,MSTR,MSTR260724P00093000,0,0.413,VETO,,up,0.3182
2026-07-21 14:21,PSKY,PSKY260821C00009000,1,0.16,VETO,,down,-0.5603
2026-07-21 14:21,LBRT,LBRT260821C00025000,0,0.139,VETO,,down,-0.7263
2026-07-21 14:21,QQQ,QQQ260722P00690000,0,0.267,VETO,,down,-0.5534
2026-07-21 14:21,BABA,BABA260724C00120000,0,0.413,VETO,,down,-0.5552
2026-07-21 14:21,SPY,SPY260821P00710000,0,0.453,VETO,,up,0.3654
2026-07-21 14:21,AVGO,AVGO260724C00400000,0,0.403,VETO,,down,-0.6446
2026-07-21 14:21,SPY,SPY260721C00745000,0,0.453,VETO,,up,0.5515
2026-07-21 14:21,AVGO,AVGO260722C00390000,0,0.403,VETO,,down,-0.7397
2026-07-21 14:21,SPY,SPY260722C00748000,0,0.453,VETO,,up,0.3758
2026-07-21 14:21,RDDT,RDDT260821C00280000,0,0.267,VETO,,down,-0.7657
2026-07-21 14:21,PSKY,PSKY260821C00009500,0,0.16,VETO,,up,0.2667
2026-07-21 14:21,BMNR,BMNR260821C00015000,0,0.267,VETO,,vertical,-0.4092
2026-07-21 14:32,INTC,INTC260722C00103000,0,0.453,VETO,,up,0.2955
2026-07-21 14:32,SPY,SPY260918P00650000,0,0.453,VETO,,up,0.4122
2026-07-21 14:32,SPY,SPY260723P00730000,0,0.453,VETO,,down,-0.5233
2026-07-21 14:32,QQQ,QQQ260722C00711000,0,0.267,VETO,,up,0.3301
2026-07-21 14:32,OSCR,OSCR260731P00030500,0,0.21,VETO,,down,-1.0063
2026-07-21 14:32,RKLB,RKLB261218C00175000,0,0.413,VETO,,vertical,-0.7566
2026-07-21 14:32,PLTR,PLTR260724C00134000,0,0.453,VETO,,down,-0.5696
2026-07-21 14:32,SOXS,SOXS260724C00053000,0,0.267,VETO,,down,-0.5639
2026-07-21 14:32,CF,CF260918P00105000,0,0.176,VETO,,down,-1.0205
2026-07-21 14:32,CLX,CLX260918C00090000,0,0.16,VETO,,vertical,-0.0634
2026-07-21 14:42,NVTS,NVTS260821P00012000,1,0.246,VETO,,down,-0.8362
2026-07-21 14:42,SPCX,SPCX260731C00150000,0,0.413,VETO,,down,-0.5444
2026-07-21 14:42,SPY,SPY260722C00746000,0,0.453,VETO,,up,0.3582
2026-07-21 14:42,NVDA,NVDA260724C00205000,0,0.413,VETO,,up,0.5027
2026-07-21 14:42,CRWV,CRWV260724P00070000,0,0.413,VETO,,down,-0.63
2026-07-21 14:42,WOLF,WOLF260731C00033000,0,0.139,VETO,,down,-0.5922
2026-07-21 14:42,IBIT,IBIT260918C00040000,0,0.267,VETO,,down,-0.5099
2026-07-21 14:42,BMNR,BMNR260821P00014500,0,0.267,VETO,,down,-1.0
2026-07-21 14:42,ORCL,ORCL260724C00127000,0,0.413,VETO,,up,0.2945
2026-07-21 14:42,GE,GE260731P00310000,0,0.21,VETO,,down,-1.13
2026-07-21 14:42,SLV,SLV260828C00056000,0,0.297,VETO,,up,0.3892
2026-07-21 14:42,MSTR,MSTR260821P00075000,0,0.413,VETO,,up,0.3301
2026-07-21 14:42,NVTS,NVTS260724P00013000,0,0.267,VETO,,down,-0.9019
2026-07-21 14:42,TSCO,TSCO260918C00035000,0,0.16,VETO,,down,-0.6167
2026-07-21 14:51,LQD,LQD260821C00111000,1,0.118,VETO,,down,-2.0
2026-07-21 14:51,LQD,LQD261218C00106000,0,0.118,VETO,,vertical,-0.2279
2026-07-21 14:51,BE,BE260724P00185000,0,0.297,VETO,,down,-0.6983
2026-07-21 14:51,META,META260724C00725000,0,0.413,VETO,,down,-0.6735
2026-07-21 14:51,SPY,SPY260731C00758000,0,0.453,VETO,,down,-0.6422
2026-07-21 14:51,MARA,MARA260918P00013000,0,0.21,VETO,,vertical,-0.0267
2026-07-21 14:51,TSLA,TSLA260724C00420000,0,0.413,VETO,,down,-0.5977
2026-07-21 14:51,NVTS,NVTS260821C00015000,0,0.267,VETO,,up,0.302
2026-07-21 14:51,ASTS,ASTS260814C00080000,0,0.453,VETO,,down,-0.5951
2026-07-21 14:51,RKLB,RKLB260724P00062000,0,0.413,VETO,,down,-0.5441
2026-07-21 14:51,BMNR,BMNR260918P00017000,0,0.267,VETO,,down,-0.6359
2026-07-21 14:51,CSIQ,CSIQ280121C00035000,0,0.067,VETO,,down,-0.605
2026-07-21 14:51,CRCL,CRCL260724C00069000,0,0.267,VETO,,down,-0.5786
2026-07-21 14:51,BMNR,BMNR260918P00016000,0,0.267,VETO,,down,-0.8163
2026-07-21 15:03,MAGS,MAGS260821C00069500,1,0.16,VETO,,down,-1.0154
2026-07-21 15:03,SOXX,SOXX260821P00380000,0,0.267,VETO,,down,-0.9436
2026-07-21 15:03,SPY,SPY260723C00748000,0,0.453,VETO,,up,0.3435
2026-07-21 15:03,NVDA,NVDA260722C00207500,0,0.413,VETO,,up,0.6085
2026-07-21 15:03,BIDU,BIDU260724P00108000,0,0.21,VETO,,down,-0.6783
2026-07-21 15:03,ARM,ARM260724P00242500,0,0.267,VETO,,down,-0.6262
2026-07-21 15:03,APLD,APLD260821P00028500,0,0.453,VETO,,up,0.2797
2026-07-21 15:03,SNDK,SNDK260724P01000000,0,0.267,VETO,,down,-0.6656
2026-07-21 15:03,CAVA,CAVA260807P00064000,0,0.176,VETO,,down,-0.6936
2026-07-21 15:03,DRAM,DRAM260724P00053000,0,0.386,VETO,,down,-0.544
2026-07-21 15:03,MAGS,MAGS260731C00068500,0,0.16,VETO,,down,-0.6933
2026-07-21 15:03,KHC,KHC261016C00030000,0,0.21,VETO,,down,-0.6719
2026-07-21 15:03,SGHC,SGHC261218C00016750,0,0.016,VETO,,down,-0.8606
2026-07-21 15:03,ASTS,ASTS260724C00062000,0,0.453,VETO,,down,-0.8493
2026-07-21 15:03,BLDR,BLDR270219P00045000,0,0.118,VETO,,down,-1.128
2026-07-21 15:12,AAPL,AAPL260722C00325000,0,0.403,VETO,,up,0.4288
2026-07-21 15:12,QQQ,QQQ260721C00708000,0,0.267,VETO,,vertical,-0.6867
2026-07-21 15:12,CVX,CVX260821C00200000,0,0.386,VETO,,up,0.4968
2026-07-21 15:12,QQQ,QQQ260721C00706000,0,0.267,VETO,,vertical,-0.1507
2026-07-21 15:12,MRK,MRK260821C00131000,0,0.297,VETO,,up,0.3259
2026-07-21 15:12,DHR,DHR260821C00190000,0,0.386,VETO,,up,0.5257
2026-07-21 15:12,INTC,INTC261120C00210000,0,0.453,VETO,,down,-0.575
2026-07-21 15:12,IBM,IBM260731P00185000,0,0.453,VETO,,down,-1.0
2026-07-21 15:12,TQQQ,TQQQ260731C00080000,0,0.267,VETO,,down,-0.7941
2026-07-21 15:12,GDX,GDX260724P00072000,0,0.386,VETO,,down,-0.5733
2026-07-21 15:12,TQQQ,TQQQ260724C00070000,0,0.267,VETO,,down,-0.8509
2026-07-21 15:12,CAVA,CAVA260731C00065000,0,0.176,VETO,,down,-0.7632
2026-07-21 15:12,CRCL,CRCL270115P00045000,0,0.267,VETO,,vertical,0.1745
2026-07-21 15:21,FLY,FLY260821C00022000,1,0.16,VETO,,down,-1.0242
2026-07-21 15:21,AMZN,AMZN260731C00265000,0,0.403,VETO,,down,-0.6987
2026-07-21 15:21,AMZN,AMZN260731C00280000,0,0.403,VETO,,down,-0.7054
2026-07-21 15:21,SMH,SMH260731C00650000,0,0.267,VETO,,down,-0.6282
2026-07-21 15:21,QQQ,QQQ260722P00707000,0,0.267,VETO,,down,-0.6676
2026-07-21 15:21,IWM,IWM260731P00286000,0,0.267,VETO,,up,0.6942
2026-07-21 15:21,FLY,FLY270115C00060000,0,0.16,VETO,,down,-0.6
2026-07-21 15:21,QQQ,QQQ260722P00706000,0,0.267,VETO,,down,-0.5073
2026-07-21 15:21,ACN,ACN260731C00152500,0,0.267,VETO,,down,-0.7026
2026-07-21 15:21,COIN,COIN260918P00120000,0,0.267,VETO,,up,0.267
2026-07-21 15:21,FISV,FISV260821C00055000,0,0.21,VETO,,vertical,-0.2462
2026-07-21 15:21,TCOM,TCOM260821P00040000,0,0.139,VETO,,down,-0.6043
2026-07-21 15:21,AFRM,AFRM260724P00073000,0,0.16,VETO,,down,-1.1076
2026-07-21 15:21,LABU,LABU280121C00490000,0,0.139,VETO,,vertical,-0.2358
2026-07-21 15:33,KORU,KORU260821C00040000,0,0.267,VETO,,down,-0.9033
2026-07-21 15:33,SPCX,SPCX260724C00135000,0,0.413,VETO,,down,-0.6528
2026-07-21 15:33,TLT,TLT261016C00083000,0,0.16,VETO,,down,-0.5294
2026-07-21 15:33,SLV,SLV261120C00080000,0,0.297,VETO,,vertical,-0.0786
2026-07-21 15:33,SPCX,SPCX260724C00134000,0,0.413,VETO,,down,-0.6373
2026-07-21 15:33,REPL,REPL260814P00008000,0,0.061,VETO,,vertical,-0.0926
2026-07-21 15:33,PBF,PBF260918C00080000,0,0.118,VETO,,down,-0.6333
2026-07-21 15:33,NVDA,NVDA260731C00212500,0,0.413,VETO,,up,0.9328
2026-07-21 15:33,RSI,RSI260821P00035000,0,0.176,VETO,,up,0.2485
2026-07-21 15:33,UPST,UPST270115P00017500,0,0.267,VETO,,vertical,-0.1575
2026-07-21 15:33,BX,BX260731C00127000,0,0.21,VETO,,down,-0.8225
2026-07-21 15:33,CORZ,CORZ260731C00025000,0,0.267,VETO,,down,-0.7292
2026-07-21 15:33,OSCR,OSCR261120P00024000,0,0.21,VETO,,down,-1.0327
2026-07-21 15:33,NIO,NIO270115C00005000,0,0.118,VETO,,vertical,-0.3444
2026-07-21 15:33,XLE,XLE260918P00057500,0,0.267,VETO,,vertical,-0.2755
2026-07-21 15:33,CFG,CFG260821P00070000,0,0.21,VETO,,down,-0.7088
2026-07-21 15:33,ASTS,ASTS260724P00058000,0,0.453,VETO,,down,-0.5942
2026-07-21 15:33,IOT,IOT260731P00037500,0,0.267,VETO,,up,0.2744
2026-07-21 15:33,FIG,FIG260821C00025000,0,0.267,VETO,,down,-1.0231
2026-07-21 15:33,SWKS,SWKS260821C00070000,0,0.16,VETO,,down,-0.8842
2026-07-21 15:33,USO,USO260821C00120000,0,0.386,VETO,,up,0.4172
2026-07-21 15:41,JETS,JETS260821P00029500,1,0.118,VETO,,down,-0.6268
2026-07-21 15:41,JETS,JETS260731P00030500,0,0.139,VETO,,up,0.443
2026-07-21 15:41,AVGO,AVGO260722P00380000,0,0.403,VETO,,down,-0.7528
2026-07-21 15:41,ASX,ASX260821P00035000,0,0.176,VETO,,down,-0.6721
2026-07-21 15:41,SLV,SLV260731C00054000,0,0.297,VETO,,up,0.4148
2026-07-21 15:41,AG,AG260821P00016000,0,0.267,VETO,,vertical,0.0663
2026-07-21 15:41,EOSE,EOSE280121C00010000,0,0.16,VETO,,vertical,-0.365
2026-07-21 15:41,DVN,DVN261016C00050000,0,0.267,VETO,,down,-0.75
2026-07-21 15:41,SOFI,SOFI260724C00017000,0,0.386,VETO,,down,-0.5385
2026-07-21 15:41,FSLR,FSLR260918C00300000,0,0.267,VETO,,vertical,-0.3693
2026-07-21 15:41,NBIS,NBIS260731P00135000,0,0.386,VETO,,down,-0.5803
2026-07-21 15:41,SOFI,SOFI261218C00028000,0,0.386,VETO,,vertical,-0.3731
2026-07-21 15:41,MXL,MXL260821C00085000,0,0.246,VETO,,down,-0.5968
2026-07-21 15:51,ETHA,ETHA260821C00015000,1,0.16,VETO,,down,-0.6127
2026-07-21 15:51,NFLX,NFLX261016C00075000,0,0.386,VETO,,up,0.3435
2026-07-21 15:51,QQQ,QQQ260724C00715000,0,0.267,VETO,,down,-0.5381
2026-07-21 15:51,ETHA,ETHA260918C00016000,0,0.16,VETO,,vertical,-0.306
2026-07-21 15:51,IOVA,IOVA270115C00005000,0,0.099,VETO,,down,-0.76
2026-07-21 15:51,PLTR,PLTR260724P00133000,0,0.453,VETO,,up,1.1853
2026-07-21 15:51,TLT,TLT261218C00086000,0,0.16,VETO,,vertical,-0.0754
2026-07-21 15:51,TJX,TJX260821P00145000,0,0.267,VETO,,down,-0.5585
2026-07-21 15:51,ORCL,ORCL260724C00126000,0,0.413,VETO,,up,0.275
2026-07-21 15:51,TLT,TLT280121C00087000,0,0.16,VETO,,down,-0.5251
2026-07-21 15:51,KHC,KHC260918C00027500,0,0.21,VETO,,vertical,-0.3966
2026-07-21 15:51,IREN,IREN260821C00050000,0,0.297,VETO,,down,-0.5162
2026-07-21 16:01,SLS,SLS260821P00012000,1,0.16,VETO,,vertical,0.0958
2026-07-21 16:01,SLS,SLS261016P00006000,0,0.16,VETO,,vertical,-0.1936
2026-07-21 16:01,FISV,FISV260821P00052000,0,0.21,VETO,,vertical,-0.1949
2026-07-21 16:01,ADBE,ADBE260724P00222500,0,0.267,VETO,,up,0.5165
2026-07-21 16:01,CSCO,CSCO260731P00110000,0,0.386,VETO,,down,-0.9283
2026-07-21 16:01,EEM,EEM261218P00058000,0,0.16,VETO,,down,-0.7063
2026-07-21 16:01,SLV,SLV260821C00058000,0,0.297,VETO,,up,0.3211
2026-07-21 16:01,CMG,CMG260821P00031500,0,0.246,VETO,,down,-0.6602
2026-07-21 16:01,OSS,OSS260918C00015000,0,0.073,VETO,,down,-1.0694
2026-07-21 16:01,EEM,EEM261218P00055000,0,0.16,VETO,,down,-1.0517
2026-07-21 16:01,CBRL,CBRL260918C00065000,0,0.16,VETO,,down,-0.7633
2026-07-21 16:01,CTSH,CTSH261016C00050000,0,0.21,VETO,,down,-0.7939
2026-07-21 16:01,ONON,ONON260918C00040000,0,0.16,VETO,,down,-0.8333
2026-07-21 16:01,OSS,OSS260821C00015000,0,0.073,VETO,,down,-0.6409
2026-07-21 16:01,REPL,REPL260821C00013000,0,0.061,VETO,,down,-0.6973
2026-07-21 16:11,KLAR,KLAR260821C00020000,1,0.16,VETO,,down,-0.9349
2026-07-21 16:11,NFLX,NFLX260807C00067000,0,0.386,VETO,,up,0.2982
2026-07-21 16:11,JPM,JPM260807C00355000,0,0.267,VETO,,down,-1.052
2026-07-21 16:11,ABCL,ABCL260821C00006000,0,0.016,VETO,,down,-0.6813
2026-07-21 16:11,GOOG,GOOG260724P00330000,0,0.386,VETO,,up,0.3224
2026-07-21 16:11,QQQ,QQQ260721C00709000,0,0.267,VETO,,down,-0.5664
2026-07-21 16:11,KLAR,KLAR270115C00020000,0,0.139,VETO,,down,-1.0139
2026-07-21 16:11,IBIT,IBIT261016P00036000,0,0.267,VETO,,vertical,0.1825
2026-07-21 16:11,AG,AG260821C00017000,0,0.267,VETO,,up,0.376
2026-07-21 16:11,DIS,DIS261120C00115000,0,0.267,VETO,,down,-1.0099
2026-07-21 16:11,GLXY,GLXY260821P00017500,0,0.176,VETO,,down,-0.7623
2026-07-21 16:11,SLS,SLS260821C00015000,0,0.16,VETO,,down,-0.9827
2026-07-21 16:21,XLF,XLF260828C00058500,1,0.21,VETO,,down,-0.8143
2026-07-21 16:21,XLF,XLF260930C00057000,0,0.21,VETO,,vertical,-0.1296
2026-07-21 16:21,AAPL,AAPL260724C00330000,0,0.403,VETO,,down,-0.54
2026-07-21 16:21,SPY,SPY260722C00750000,0,0.453,VETO,,down,-0.6197
2026-07-21 16:21,NFLX,NFLX271217C00120000,0,0.386,VETO,,down,-0.7703
2026-07-21 16:21,QQQ,QQQ260721P00710000,0,0.267,VETO,,down,-0.5799
2026-07-21 16:21,AMZN,AMZN260724P00245000,0,0.403,VETO,,up,0.4176
2026-07-21 16:21,PLTR,PLTR260918C00210000,0,0.453,VETO,,down,-0.575
2026-07-21 16:21,FCX,FCX260918C00070000,0,0.453,VETO,,up,0.2962
2026-07-21 16:21,CRCL,CRCL270115P00040000,0,0.267,VETO,,vertical,0.0543
2026-07-21 16:21,SLV,SLV261231C00120000,0,0.297,VETO,,vertical,-0.0333
2026-07-21 16:21,EIX,EIX260821C00077500,0,0.267,VETO,,up,0.2719
2026-07-21 16:21,EFX,EFX260918C00200000,0,0.21,VETO,,down,-1.3164
2026-07-21 16:21,DRAM,DRAM260731C00060000,0,0.386,VETO,,down,-0.5937
2026-07-21 16:32,NVDA,NVDA260724P00205000,0,0.413,VETO,,down,-0.6234
2026-07-21 16:32,UBER,UBER261120C00082500,0,0.267,VETO,,down,-0.607
2026-07-21 16:32,SPY,SPY260723P00748000,0,0.453,VETO,,up,2.0194
2026-07-21 16:32,AMD,AMD260722C00560000,0,0.413,VETO,,up,0.3889
2026-07-21 16:32,CNC,CNC260731P00068000,0,0.267,VETO,,up,0.3658
2026-07-21 16:32,GFS,GFS260821C00065000,0,0.16,VETO,,down,-0.77
2026-07-21 16:32,CNC,CNC260731P00061000,0,0.267,VETO,,up,0.5144
2026-07-21 16:32,DHR,DHR260918C00200000,0,0.386,VETO,,up,0.2811
2026-07-21 16:32,AROC,AROC261120C00040000,0,0.034,VETO,,down,-0.5982
2026-07-21 16:32,LOW,LOW260807C00210000,0,0.267,VETO,,down,-0.7561
2026-07-21 16:32,EWY,EWY280121P00045000,0,0.267,VETO,,down,-0.5547
2026-07-21 16:32,IBIT,IBIT270115C00040000,0,0.267,VETO,,vertical,-0.2312
2026-07-21 16:32,ANGX,ANGX260821C00005000,0,0.016,VETO,,down,-0.9556
2026-07-21 16:32,EW,EW260821C00085000,0,0.267,VETO,,up,0.2875
2026-07-21 16:32,INFQ,INFQ260821C00011000,0,0.16,VETO,,up,0.4267
2026-07-21 16:32,BIDU,BIDU260724C00109000,0,0.21,VETO,,down,-0.5833
2026-07-21 16:32,IREN,IREN260821P00030000,0,0.297,VETO,,vertical,0.1532
2026-07-21 16:32,CRCL,CRCL260724C00071000,0,0.267,VETO,,down,-0.6891
2026-07-21 16:32,MARA,MARA260821C00016500,0,0.21,VETO,,down,-0.9605
2026-07-21 16:41,SCHW,SCHW260821P00098000,1,0.267,VETO,,down,-0.7063
2026-07-21 16:41,QQQ,QQQ260728P00679000,0,0.267,VETO,,up,0.7461
2026-07-21 16:41,NOW,NOW260724C00112000,0,0.386,VETO,,down,-0.5151
2026-07-21 16:41,RDW,RDW270115C00009000,0,0.118,VETO,,down,-1.0403
2026-07-21 16:41,SCHW,SCHW260731P00103000,0,0.267,VETO,,up,0.4397
2026-07-21 16:41,ORCL,ORCL260724C00137000,0,0.413,VETO,,down,-0.5547
2026-07-21 16:41,CTSH,CTSH261016C00047500,0,0.21,VETO,,down,-0.6469
2026-07-21 16:41,KRE,KRE260918C00075000,0,0.267,VETO,,vertical,-0.0565
2026-07-21 16:41,TTD,TTD260724C00018000,0,0.139,VETO,,down,-0.6545
2026-07-21 16:41,KRE,KRE260821P00076000,0,0.267,VETO,,vertical,-0.2593
2026-07-21 16:41,HAL,HAL260731C00033000,0,0.21,VETO,,down,-1.0222
2026-07-21 16:52,AG,AG260821C00017500,1,0.267,VETO,,down,-0.6167
2026-07-21 16:52,SMH,SMH260731P00500000,0,0.267,VETO,,vertical,-0.12
2026-07-21 16:52,QQQ,QQQ260918P00580000,0,0.267,VETO,,up,0.3349
2026-07-21 16:52,GOOGL,GOOGL260724C00375000,0,0.413,VETO,,down,-1.0288
2026-07-21 16:52,SPY,SPY260723C00752000,0,0.453,VETO,,down,-0.6079
2026-07-21 16:52,GLW,GLW260821C00290000,0,0.297,VETO,,down,-0.8676
2026-07-21 16:52,CLSK,CLSK260918C00019000,0,0.21,VETO,,vertical,-0.4056
2026-07-21 16:52,DIA,DIA260724P00520000,0,0.403,VETO,,up,2.2569
2026-07-21 16:52,KMB,KMB260821P00106000,0,0.139,VETO,,down,-0.7441
2026-07-21 16:52,RYAM,RYAM260918C00010000,0,0.016,VETO,,down,-0.6583
2026-07-21 16:52,SOXL,SOXL260731P00080000,0,0.267,VETO,,down,-0.5333
2026-07-21 16:52,AG,AG260821C00018500,0,0.267,VETO,,up,0.3462
2026-07-21 16:52,FIGR,FIGR261120C00055000,0,0.139,VETO,,down,-0.575
2026-07-21 16:52,SMH,SMH260731P00537500,0,0.267,VETO,,vertical,0.0616
2026-07-21 17:00,NUAI,NUAI260821C00006000,1,0.099,VETO,,down,-0.7605
2026-07-21 17:00,AAPL,AAPL260722P00327500,0,0.403,VETO,,up,0.4086
2026-07-21 17:00,SPY,SPY260728P00745000,0,0.453,VETO,,up,1.2667
2026-07-21 17:00,MU,MU260722P00890000,0,0.386,VETO,,down,-0.8121
2026-07-21 17:00,QQQ,QQQ260803P00665000,0,0.267,VETO,,up,0.5765
2026-07-21 17:00,XLE,XLE270115C00065000,0,0.267,VETO,,up,0.2947
2026-07-21 17:00,NVO,NVO260814C00050000,0,0.267,VETO,,down,-0.7623
2026-07-21 17:00,TFC,TFC260918C00050000,0,0.176,VETO,,vertical,0.0596
2026-07-21 17:00,INTC,INTC260722C00110000,0,0.453,VETO,,down,-0.8487
2026-07-21 17:00,WDAY,WDAY260724C00147000,0,0.21,VETO,,down,-0.6826
2026-07-21 17:00,NUAI,NUAI270115C00005000,0,0.073,VETO,,vertical,-0.3778
2026-07-21 17:00,TXG,TXG260821C00050000,0,0.073,VETO,,vertical,-0.4431
2026-07-21 17:00,LQD,LQD260731P00107000,0,0.118,VETO,,down,-0.8542
2026-07-21 17:00,REPL,REPL260821C00020000,0,0.061,VETO,,down,-1.0536
2026-07-21 17:00,CFR,CFR270115C00185000,0,0.073,VETO,,down,-0.9271
2026-07-21 17:00,EXEL,EXEL261120C00070000,0,0.099,VETO,,down,-0.7056
2026-07-21 17:11,CART,CART260821C00047500,1,0.118,VETO,,down,-0.6379
2026-07-21 17:11,IGV,IGV260821P00090000,0,0.267,VETO,,up,0.3
2026-07-21 17:11,SPY,SPY260728P00728000,0,0.453,VETO,,up,1.4187
2026-07-21 17:11,IBIT,IBIT260821C00038000,0,0.267,VETO,,down,-0.5131
2026-07-21 17:11,CART,CART270115C00065000,0,0.118,VETO,,down,-1.0833
2026-07-21 17:11,NBIS,NBIS260807P00105000,0,0.386,VETO,,down,-0.5951
2026-07-21 17:11,SLV,SLV260731C00050000,0,0.297,VETO,,up,0.2933
2026-07-21 17:11,HAL,HAL260731C00032500,0,0.21,VETO,,down,-1.0263
2026-07-21 17:11,BROS,BROS260731C00067000,0,0.158,VETO,,down,-1.0564
2026-07-21 17:11,CART,CART260918P00046000,0,0.118,VETO,,down,-1.0054
2026-07-21 17:22,B,B260821C00038000,1,0.267,VETO,,vertical,-0.3299
2026-07-21 17:22,IWM,IWM260731P00285000,0,0.267,VETO,,up,0.8081
2026-07-21 17:22,SPY,SPY260731P00695000,0,0.453,VETO,,up,0.7568
2026-07-21 17:22,PLTR,PLTR260724C00133000,0,0.453,VETO,,down,-0.6672
2026-07-21 17:22,SPCX,SPCX260724C00130000,0,0.413,VETO,,down,-0.578
2026-07-21 17:22,NBIS,NBIS260814P00110000,0,0.386,VETO,,down,-0.6
2026-07-21 17:22,TSLA,TSLA260828P00310000,0,0.413,VETO,,up,1.036
2026-07-21 17:22,SPY,SPY260731P00715000,0,0.453,VETO,,up,1.0106
2026-07-21 17:22,QQQ,QQQ260723P00695000,0,0.267,VETO,,up,1.0168
2026-07-21 17:22,CAVA,CAVA260731P00064000,0,0.176,VETO,,down,-0.6362
2026-07-21 17:22,FCX,FCX260814C00062000,0,0.453,VETO,,up,0.2873
2026-07-21 17:22,MAGS,MAGS260918C00070000,0,0.16,VETO,,down,-0.8258
2026-07-21 17:22,B,B260918C00040000,0,0.267,VETO,,up,0.2836
2026-07-21 17:22,DRAM,DRAM260724C00060000,0,0.386,VETO,,down,-0.6321
2026-07-21 17:22,MARA,MARA271015C00020000,0,0.21,VETO,,down,-0.8348
2026-07-21 17:31,SO,SO260821C00097500,1,0.21,VETO,,down,-0.8589
2026-07-21 17:31,MU,MU260722P00900000,0,0.386,VETO,,down,-0.7675
2026-07-21 17:31,SPY,SPY260722P00744000,0,0.453,VETO,,down,-0.5957
2026-07-21 17:31,SO,SO260731C00096000,0,0.21,VETO,,down,-0.645
2026-07-21 17:31,BMNR,BMNR261120P00013000,0,0.267,VETO,,vertical,0.05
2026-07-21 17:31,DT,DT260821C00045000,0,0.16,VETO,,down,-0.6065
2026-07-21 17:31,CRCL,CRCL260807P00058000,0,0.267,VETO,,down,-1.0625
2026-07-21 17:31,XYZ,XYZ260731P00082000,0,0.386,VETO,,up,0.3368
2026-07-21 17:31,SMH,SMH260729P00500000,0,0.267,VETO,,down,-0.6151
2026-07-21 17:31,NOW,NOW260724C00120000,0,0.386,VETO,,down,-0.5968
2026-07-21 17:31,SCHW,SCHW260731C00102000,0,0.267,VETO,,down,-0.552
2026-07-21 17:31,IOVA,IOVA260814C00005000,0,0.099,VETO,,down,-0.7579
2026-07-21 17:31,SMWB,SMWB270115C00007500,0,0.009,VETO,,down,-0.729
2026-07-21 17:31,GDX,GDX260918P00065000,0,0.386,VETO,,vertical,-0.325
2026-07-21 17:31,CPRI,CPRI260821C00015000,0,0.073,VETO,,vertical,-0.2152
2026-07-21 17:31,TQQQ,TQQQ260821P00056000,0,0.267,VETO,,up,0.3797
2026-07-21 17:31,SMCI,SMCI260724C00025000,0,0.267,VETO,,up,3.0333
2026-07-21 17:41,KWEB,KWEB260821P00026000,1,0.21,VETO,,down,-0.5861
2026-07-21 17:41,SPY,SPY260728P00735000,0,0.453,VETO,,up,1.4049
2026-07-21 17:41,QQQ,QQQ260721P00709000,0,0.267,VETO,,down,-0.7708
2026-07-21 17:41,TSLA,TSLA260828P00315000,0,0.413,VETO,,up,0.9843
2026-07-21 17:41,QQQ,QQQ260731P00640000,0,0.267,VETO,,up,0.5056
2026-07-21 17:41,AAOX,AAOX260821C00040000,0,0.16,VETO,,down,-0.5763
2026-07-21 17:41,IBIT,IBIT260724P00038000,0,0.267,VETO,,up,0.2899
2026-07-21 17:41,ORCL,ORCL270115C00250000,0,0.413,VETO,,vertical,-0.2908
2026-07-21 17:41,SOFI,SOFI280616C00030000,0,0.386,VETO,,vertical,-0.159
2026-07-21 17:41,KORU,KORU260724C00022000,0,0.267,VETO,,down,-0.985
2026-07-21 17:41,RIOT,RIOT260918C00023000,0,0.267,VETO,,up,0.3144
2026-07-21 17:41,DIA,DIA260814P00508000,0,0.403,VETO,,up,0.5509
2026-07-21 17:41,KWEB,KWEB260918C00030000,0,0.21,VETO,,down,-0.5667
2026-07-21 17:41,KWEB,KWEB260821P00027000,0,0.21,VETO,,up,0.2525
2026-07-21 17:52,SPY,SPY260728P00740000,0,0.453,VETO,,up,1.4484
2026-07-21 17:52,GM,GM260821C00080000,0,0.267,VETO,,up,0.5559
2026-07-21 17:52,IBM,IBM260821P00185000,0,0.453,VETO,,up,0.3523
2026-07-21 17:52,QQQ,QQQ260721C00710000,0,0.267,VETO,,down,-0.8286
2026-07-21 17:52,IBIT,IBIT261120P00036000,0,0.267,VETO,,vertical,0.0648
2026-07-21 17:52,BULL,BULL260918C00007500,0,0.16,VETO,,down,-1.0149
2026-07-21 17:52,HELP,HELP261218C00007500,0,0.016,VETO,,down,-0.8
2026-07-21 17:52,MARA,MARA260821C00012000,0,0.21,VETO,,vertical,-0.2151
2026-07-21 17:52,GM,GM260814P00081000,0,0.267,VETO,,down,-0.5931
2026-07-21 17:52,PRU,PRU260918C00125000,0,0.21,VETO,,down,-0.7405
2026-07-21 18:01,TLT,TLT260821C00087000,1,0.139,VETO,,down,-0.9488
2026-07-21 18:01,NU,NU260821C00013000,0,0.16,VETO,,vertical,-0.1697
2026-07-21 18:01,IWM,IWM260918P00275000,0,0.267,VETO,,up,0.3826
2026-07-21 18:01,XLF,XLF261218P00050000,0,0.21,VETO,,vertical,-0.0775
2026-07-21 18:01,WHR,WHR260821C00040000,0,0.118,VETO,,vertical,0.0026
2026-07-21 18:01,MRK,MRK261016C00135000,0,0.297,VETO,,up,0.3025
2026-07-21 18:01,WULF,WULF260821C00025000,0,0.267,VETO,,down,-0.5294
2026-07-21 18:01,AOS,AOS260918P00060000,0,0.158,VETO,,down,-0.5805
2026-07-21 18:01,OKLO,OKLO260724P00042000,0,0.413,VETO,,down,-0.8133
2026-07-21 18:11,SOFI,SOFI260821C00018000,1,0.267,VETO,,down,-0.5314
2026-07-21 18:11,IWM,IWM260821P00282000,0,0.267,VETO,,up,0.4404
2026-07-21 18:11,SPY,SPY260728P00744000,0,0.453,VETO,,up,0.9678
2026-07-21 18:11,AAPL,AAPL260722C00330000,0,0.403,VETO,,down,-0.6565
2026-07-21 18:11,PLTR,PLTR260807P00113000,0,0.453,VETO,,up,0.2893
2026-07-21 18:11,SCHW,SCHW260807P00101000,0,0.267,VETO,,vertical,-0.4513
2026-07-21 18:11,GM,GM260724P00080000,0,0.267,VETO,,down,-0.6645
2026-07-21 18:11,XYZ,XYZ260731P00080000,0,0.386,VETO,,up,0.339
2026-07-21 18:11,C,C260724C00132000,0,0.267,VETO,,down,-0.5911
2026-07-21 18:11,WES,WES270115C00045000,0,0.16,VETO,,vertical,-0.1973
2026-07-21 18:11,TENX,TENX260821P00005000,0,0.016,VETO,,down,-1.2174
2026-07-21 18:11,LULU,LULU260918P00085000,0,0.267,VETO,,vertical,-0.4461
2026-07-21 18:11,CVNA,CVNA260731C00070000,0,0.413,VETO,,down,-0.585
2026-07-21 18:21,PTON,PTON260821P00006000,1,0.139,VETO,,down,-0.8708
2026-07-21 18:21,CSCO,CSCO260724C00111000,0,0.386,VETO,,up,0.2836
2026-07-21 18:21,ALKS,ALKS260821C00055000,0,0.118,VETO,,down,-0.7133
2026-07-21 18:21,SPCX,SPCX260814C00280000,0,0.413,VETO,,down,-0.6933
2026-07-21 18:21,QQQ,QQQ260722P00698000,0,0.267,VETO,,down,-0.6225
2026-07-21 18:21,CVX,CVX260821C00205000,0,0.386,VETO,,up,0.3626
2026-07-21 18:21,IOT,IOT260724P00038000,0,0.267,VETO,,up,0.4171
2026-07-21 18:21,CRWV,CRWV260724C00079000,0,0.413,VETO,,up,0.5824
2026-07-21 18:21,CLSK,CLSK260918P00014000,0,0.21,VETO,,vertical,0.0718
2026-07-21 18:21,MAT,MAT260821C00014000,0,0.067,VETO,,vertical,-0.3808
2026-07-21 18:21,VOYA,VOYA260821C00105000,0,0.073,VETO,,down,-0.5984
2026-07-21 18:21,PTON,PTON260814P00007000,0,0.139,VETO,,down,-0.7582
2026-07-21 18:21,IREN,IREN260821C00070000,0,0.297,VETO,,down,-0.6923
2026-07-21 18:21,AAL,AAL270115P00015000,0,0.267,VETO,,up,0.2965
2026-07-21 18:24,GDX,GDX260918C00080000,0,0.386,VETO,,up,0.3688
2026-07-21 18:24,CVX,CVX260724P00187500,0,0.386,VETO,,down,-1.0631
2026-07-21 18:24,SPY,SPY260721P00749000,0,0.453,VETO,,vertical,-0.3627
2026-07-21 18:24,KWEB,KWEB261120C00029000,0,0.21,VETO,,down,-1.0156
2026-07-21 18:32,IBRX,IBRX260821C00008500,1,0.067,VETO,,down,-1.2443
2026-07-21 18:32,T,T260724C00022500,0,0.386,VETO,,up,0.6932
2026-07-21 18:32,MSFT,MSFT260722C00400000,0,0.386,VETO,,down,-0.831
2026-07-21 18:32,MARA,MARA260731C00012000,0,0.21,VETO,,down,-0.8515
2026-07-21 18:32,IBRX,IBRX280121C00022000,0,0.067,VETO,,vertical,-0.5027
2026-07-21 18:32,KRE,KRE261016P00075000,0,0.267,VETO,,vertical,-0.0377
2026-07-21 18:32,GLD,GLD260722C00377000,0,0.386,VETO,,up,2.1467
2026-07-21 18:32,IREN,IREN260731P00034000,0,0.297,VETO,,down,-0.5292
2026-07-21 18:32,MS,MS260724P00217500,0,0.21,VETO,,down,-0.6213
2026-07-21 18:32,CIFR,CIFR260918C00030000,0,0.267,VETO,,down,-0.7314
2026-07-21 18:32,IBKR,IBKR260918P00075000,0,0.21,VETO,,vertical,-0.3591
2026-07-21 18:32,IREN,IREN260724P00042000,0,0.297,VETO,,down,-0.5305
2026-07-21 18:32,CLF,CLF261016C00012000,0,0.267,VETO,,up,0.8304
2026-07-21 18:42,XLP,XLP260821P00080500,1,0.176,VETO,,down,-0.8876
2026-07-21 18:42,OSCR,OSCR261120P00028000,0,0.21,VETO,,vertical,0.0457
2026-07-21 18:42,AAPL,AAPL260724C00332500,0,0.403,VETO,,down,-0.5552
2026-07-21 18:42,NOK,NOK260821C00010000,0,0.267,VETO,,down,-0.5401
2026-07-21 18:42,QQQ,QQQ260722P00697000,0,0.267,VETO,,down,-0.5928
2026-07-21 18:42,FE,FE260918C00050000,0,0.21,VETO,,up,0.2278
2026-07-21 18:42,SPY,SPY270630C00950000,0,0.453,VETO,,vertical,-0.2648
2026-07-21 18:42,IREN,IREN260731P00035000,0,0.297,VETO,,down,-0.56
2026-07-21 18:42,PHM,PHM260724P00118000,0,0.21,VETO,,down,-1.0261
2026-07-21 18:42,Q,Q260821C00180000,0,0.139,VETO,,down,-0.8382
2026-07-21 18:42,IBIT,IBIT270617P00034000,0,0.267,VETO,,vertical,0.0012
2026-07-21 18:42,GFS,GFS260821C00070000,0,0.16,VETO,,down,-0.5845
2026-07-21 18:42,NOK,NOK260821P00010500,0,0.267,VETO,,up,0.2979
2026-07-21 18:42,RDDT,RDDT260731C00235000,0,0.267,VETO,,down,-0.7414
2026-07-21 18:42,XLP,XLP261218P00082000,0,0.16,VETO,,vertical,-0.0558
2026-07-21 18:51,BMNR,BMNR260821P00016000,1,0.267,VETO,,down,-0.518
2026-07-21 18:51,SPY,SPY260723C00751000,0,0.453,VETO,,down,-0.5029
2026-07-21 18:51,MDB,MDB260918C00520000,0,0.21,VETO,,down,-0.6412
2026-07-21 18:51,BMNR,BMNR261120P00015000,0,0.267,VETO,,vertical,0.0657
2026-07-21 18:51,NBIS,NBIS260724P00165000,0,0.386,VETO,,down,-0.5642
2026-07-21 18:51,SOFI,SOFI260724P00017500,0,0.386,VETO,,up,0.2979
2026-07-21 18:51,BX,BX260918C00150000,0,0.21,VETO,,down,-0.8205
2026-07-21 18:51,NBIS,NBIS260724P00172500,0,0.386,VETO,,down,-0.5809
2026-07-21 18:51,NBIS,NBIS260724P00167500,0,0.386,VETO,,down,-0.6055
2026-07-21 18:51,ACHC,ACHC260918C00040000,0,0.073,VETO,,down,-0.8308
2026-07-21 18:51,BABA,BABA260731C00125000,0,0.413,VETO,,down,-0.5567
2026-07-21 19:02,NVDA,NVDA260807P00200000,0,0.413,VETO,,vertical,-0.105
2026-07-21 19:02,SPY,SPY261231C00850000,0,0.453,VETO,,vertical,-0.3769
2026-07-21 19:02,VRNS,VRNS260821P00040000,0,0.139,VETO,,down,-1.4057
2026-07-21 19:02,IBIT,IBIT260918P00037000,0,0.267,VETO,,vertical,0.1667
2026-07-21 19:02,IBIT,IBIT260831C00037000,0,0.267,VETO,,vertical,-0.3761
2026-07-21 19:02,KRE,KRE261016P00070000,0,0.267,VETO,,vertical,0.0033
2026-07-21 19:02,NBIS,NBIS260731P00110000,0,0.386,VETO,,down,-0.5784
2026-07-21 19:02,BULL,BULL260918C00010000,0,0.16,VETO,,down,-0.5375
2026-07-21 19:02,NBIS,NBIS260731P00140000,0,0.386,VETO,,down,-0.5731
2026-07-21 19:02,GDX,GDX260724C00072500,0,0.386,VETO,,up,0.5747
2026-07-21 19:11,QQQ,QQQ260728P00690000,0,0.267,VETO,,up,0.8404
2026-07-21 19:11,BA,BA261016C00240000,0,0.386,VETO,,down,-0.61
2026-07-21 19:11,TFC,TFC261120C00057500,0,0.176,VETO,,down,-0.68
2026-07-21 19:11,SMH,SMH260722P00555000,0,0.267,VETO,,down,-0.9065
2026-07-21 19:11,VRT,VRT260807P00230000,0,0.267,VETO,,down,-0.7113
2026-07-21 19:11,ASTS,ASTS260724C00064000,0,0.453,VETO,,down,-0.8922
2026-07-21 19:11,ONDS,ONDS260731P00007500,0,0.246,VETO,,down,-0.686
2026-07-21 19:11,ALOY,ALOY260821C00010000,0,0.057,VETO,,down,-1.0056
2026-07-21 19:11,IRM,IRM260724P00128000,0,0.118,VETO,,down,-0.6444
2026-07-21 19:11,VRT,VRT260828C00265000,0,0.267,VETO,,vertical,-0.276
2026-07-21 19:21,HYG,HYG260821P00076500,1,0.099,VETO,,down,-1.1512
2026-07-21 19:21,KORU,KORU260821C00030000,0,0.267,VETO,,down,-1.0859
2026-07-21 19:21,HYG,HYG260918P00078000,0,0.099,VETO,,down,-0.9167
2026-07-21 19:21,SMH,SMH260731P00507500,0,0.267,VETO,,vertical,-0.1333
2026-07-21 19:21,AAPL,AAPL260722P00330000,0,0.403,VETO,,up,0.4132
2026-07-21 19:21,GILD,GILD260814C00135000,0,0.246,VETO,,down,-0.5813
2026-07-21 19:21,CCL,CCL271217C00035000,0,0.21,VETO,,vertical,-0.109
2026-07-21 19:21,REPL,REPL260821C00011000,0,0.061,VETO,,down,-0.5977
2026-07-21 19:21,USO,USO260724P00128000,0,0.386,VETO,,down,-0.7035
2026-07-21 19:21,EQT,EQT260724C00049500,0,0.413,VETO,,up,0.8
2026-07-21 19:21,CCL,CCL271217C00032000,0,0.21,VETO,,vertical,-0.2482
2026-07-21 19:21,TSCO,TSCO260724P00029500,0,0.16,VETO,,down,-0.9333
2026-07-21 19:21,CECO,CECO260821P00070000,0,0.034,VETO,,down,-1.0796
2026-07-21 19:21,LUV,LUV260918C00057500,0,0.21,VETO,,down,-1.0435
2026-07-21 19:32,SILJ,SILJ260821C00026000,1,0.267,VETO,,down,-0.5946
2026-07-21 19:32,IREN,IREN260724P00038000,0,0.297,VETO,,down,-0.6553
2026-07-21 19:32,AS,AS260821C00035000,0,0.118,VETO,,down,-0.8745
2026-07-21 19:32,GLD,GLD260731C00378000,0,0.386,VETO,,up,0.3525
2026-07-21 19:32,FIG,FIG261016C00035000,0,0.267,VETO,,down,-1.0451
2026-07-21 19:32,CRWV,CRWV260918C00130000,0,0.413,VETO,,up,0.3681
2026-07-21 19:32,SILJ,SILJ260724C00024500,0,0.267,VETO,,up,0.3493
2026-07-21 19:41,HAL,HAL260821P00032000,1,0.16,VETO,,down,-0.6771
2026-07-21 19:41,NVDA,NVDA260727C00212500,0,0.413,VETO,,up,1.4472
2026-07-21 19:41,AVGO,AVGO260724P00372500,0,0.403,VETO,,down,-0.5701
2026-07-21 19:41,SPY,SPY260729C00758000,0,0.453,VETO,,down,-0.8378
2026-07-21 19:41,NBIS,NBIS260731P00130000,0,0.386,VETO,,down,-0.5377
2026-07-21 19:41,CRWV,CRWV260724P00078000,0,0.413,VETO,,down,-0.5435
2026-07-21 19:41,CRWD,CRWD260731C00210000,0,0.267,VETO,,down,-0.5464
2026-07-21 19:41,DVN,DVN261016P00042500,0,0.267,VETO,,vertical,-0.2088
2026-07-21 19:41,HAL,HAL260731P00033000,0,0.21,VETO,,down,-1.0145
2026-07-21 19:41,ZM,ZM260724C00091000,0,0.139,VETO,,down,-0.7736
2026-07-21 19:41,CRM,CRM260724P00170000,0,0.267,VETO,,up,0.3747
2026-07-21 19:52,VG,VG260821P00013500,1,0.21,VETO,,down,-0.8326
2026-07-21 19:52,SQQQ,SQQQ260724C00040500,0,0.386,VETO,,up,1.3762
2026-07-21 19:52,SPY,SPY260724P00748000,0,0.453,VETO,,up,1.6567
2026-07-21 19:52,PLTR,PLTR260731P00126000,0,0.453,VETO,,up,0.5434
2026-07-21 19:52,AMD,AMD260821C00820000,0,0.413,VETO,,down,-0.5583
2026-07-21 19:52,INFY,INFY260821P00011000,0,0.073,VETO,,down,-0.7833
2026-07-21 19:52,TSLA,TSLA260724C00400000,0,0.413,VETO,,down,-0.9949
2026-07-21 19:52,GIS,GIS260821P00037500,0,0.21,VETO,,down,-0.7548
2026-07-21 19:52,INTC,INTC261218P00060000,0,0.453,VETO,,vertical,0.0842
2026-07-21 19:52,KTOS,KTOS260828C00058000,0,0.21,VETO,,down,-0.8051
2026-07-21 19:52,TQQQ,TQQQ260731C00073000,0,0.267,VETO,,down,-0.7535
2026-07-21 19:52,MO,MO270115P00062500,0,0.267,VETO,,vertical,-0.3594
2026-07-21 19:52,RKLB,RKLB260821C00090000,0,0.413,VETO,,up,0.3235
2026-07-21 19:52,ENPH,ENPH260731C00046000,0,0.21,VETO,,down,-0.7
2026-07-21 19:52,SMCI,SMCI260724C00026000,0,0.267,VETO,,up,3.6691
2026-07-21 19:52,AG,AG260821C00018000,0,0.267,VETO,,up,0.3594
2026-07-21 19:52,BABA,BABA260724C00118000,0,0.413,VETO,,down,-0.5214
2026-07-21 19:52,GDXJ,GDXJ260724P00096000,0,0.176,VETO,,down,-0.9269
2026-07-21 19:52,VG,VG260821P00014500,0,0.21,VETO,,down,-0.9187
2026-07-22 13:32,SOFI,SOFI280616P00015000,0,0.21,VETO,,vertical,-0.0916
2026-07-22 13:32,SMCI,SMCI260724C00027000,0,0.386,VETO,,up,0.414
2026-07-22 13:32,MSFT,MSFT260722C00400000,0,0.453,VETO,,down,-0.8534
2026-07-22 13:32,PLTR,PLTR260724P00130000,0,0.413,VETO,,up,0.3157
2026-07-22 13:32,NFLX,NFLX260724C00069000,0,0.386,VETO,,down,-0.5714
2026-07-22 13:32,SNXX,SNXX260821C00023000,0,0.267,VETO,,up,0.2943
2026-07-22 13:32,SMCI,SMCI260724C00028500,0,0.386,VETO,,up,0.4286
2026-07-22 13:32,GLD,GLD260729C00383000,0,0.413,VETO,,down,-0.7102
2026-07-22 13:32,GLD,GLD260731C00385000,0,0.413,VETO,,up,0.2755
2026-07-22 13:32,GLD,GLD260727C00380000,0,0.413,VETO,,up,0.2383
2026-07-22 13:32,SMCI,SMCI260724C00029000,0,0.386,VETO,,up,1.2865
2026-07-22 13:32,SLV,SLV260918C00055000,0,0.21,VETO,,vertical,-0.2318
2026-07-22 13:41,SMH,SMH260727P00540000,0,0.267,VETO,,down,-0.6074
2026-07-22 13:41,SPY,SPY260724P00730000,0,0.453,VETO,,down,-0.5132
2026-07-22 13:41,IWM,IWM260918P00275000,0,0.267,VETO,,up,0.3079
2026-07-22 13:41,QQQ,QQQ260722P00700000,0,0.297,VETO,,down,-0.55
2026-07-22 13:41,PLTR,PLTR260918P00100000,0,0.413,VETO,,up,0.3071
2026-07-22 13:41,APP,APP260724C00455000,0,0.21,VETO,,down,-0.8905
2026-07-22 13:41,T,T260724C00022500,0,0.21,VETO,,down,-0.6124
2026-07-22 13:41,SMCI,SMCI261120C00040000,0,0.386,VETO,,vertical,-0.1507
2026-07-22 13:52,NFLX,NFLX260821C00070000,0,0.386,VETO,,down,-0.5266
2026-07-22 13:52,QQQ,QQQ260724P00700000,0,0.297,VETO,,up,1.0214
2026-07-22 13:52,SPCX,SPCX260731C00130000,0,0.413,VETO,,down,-0.5575
2026-07-22 13:52,MU,MU260722C00985000,0,0.267,VETO,,up,0.9545
2026-07-22 13:52,IWM,IWM260731P00283000,0,0.267,VETO,,up,0.7273
2026-07-22 13:52,MO,MO260731C00078000,0,0.21,VETO,,down,-1.1127
2026-07-22 13:52,NFLX,NFLX270115C00090000,0,0.386,VETO,,vertical,-0.1673
2026-07-22 13:52,CAT,CAT260724P00835000,0,0.21,VETO,,down,-0.6625
2026-07-22 13:52,AFRM,AFRM260821C00095000,0,0.176,VETO,,down,-0.7833
2026-07-22 13:52,HUT,HUT260731C00129000,0,0.21,VETO,,down,-0.7384
2026-07-22 13:52,FUTU,FUTU260731C00115000,0,0.176,VETO,,down,-1.0042
2026-07-22 13:52,BMNR,BMNR270115C00020000,0,0.267,VETO,,vertical,-0.375
2026-07-22 13:52,SMCI,SMCI260918C00035000,0,0.386,VETO,,vertical,-0.2722
2026-07-22 13:52,BABA,BABA260731C00117000,0,0.386,VETO,,down,-0.5457
2026-07-22 13:52,NCLH,NCLH270115P00020000,0,0.16,VETO,,vertical,-0.1939
2026-07-22 13:52,FUTU,FUTU260724C00109000,0,0.176,VETO,,down,-0.7775
2026-07-22 14:03,HOOD,HOOD260918P00080000,0,0.453,VETO,,up,0.4536
2026-07-22 14:03,AMZN,AMZN260722C00247500,0,0.453,VETO,,down,-0.8212
2026-07-22 14:03,SPY,SPY260724C00750000,0,0.453,VETO,,down,-0.9071
2026-07-22 14:03,MCHP,MCHP260724P00085000,0,0.267,VETO,,up,0.281
2026-07-22 14:03,XLE,XLE260731P00057500,0,0.267,VETO,,down,-0.975
2026-07-22 14:03,SPY,SPY260724P00749000,0,0.453,VETO,,up,0.3052
2026-07-22 14:03,NOW,NOW260821C00135000,0,0.386,VETO,,down,-0.8952
2026-07-22 14:03,YINN,YINN261016C00028000,0,0.099,VETO,,vertical,-0.2408
2026-07-22 14:03,RIOT,RIOT260918C00025000,0,0.267,VETO,,up,0.3791
2026-07-22 14:03,QQQ,QQQ260723P00685000,0,0.297,VETO,,up,0.2925
2026-07-22 14:03,IGV,IGV260724C00091000,0,0.267,VETO,,down,-0.6091
2026-07-22 14:03,GDX,GDX260821C00079000,0,0.267,VETO,,vertical,-0.4585
2026-07-22 14:03,PYPL,PYPL260731P00051000,0,0.267,VETO,,down,-0.5784
2026-07-22 14:03,TLT,TLT280121C00089000,0,0.16,VETO,,vertical,-0.1023
2026-07-22 14:03,XLE,XLE260821P00058500,0,0.267,VETO,,vertical,-0.1747
2026-07-22 14:03,SMCI,SMCI260724P00032000,0,0.386,VETO,,down,-0.5605
2026-07-22 14:03,MSTR,MSTR260821C00100000,0,0.386,VETO,,down,-0.5729
2026-07-22 14:12,SPY,SPY270319P00400000,0,0.453,VETO,,vertical,0.0974
2026-07-22 14:12,NOW,NOW260724C00110000,0,0.386,VETO,,down,-0.9937
2026-07-22 14:12,MARA,MARA260724C00012000,0,0.267,VETO,,down,-0.753
2026-07-22 14:12,QQQ,QQQ260722P00703000,0,0.297,VETO,,down,-0.605
2026-07-22 14:12,SPY,SPY260730P00726000,0,0.453,VETO,,up,1.4187
2026-07-22 14:12,NFLX,NFLX261016C00075000,0,0.386,VETO,,down,-0.8306
2026-07-22 14:12,IWM,IWM260821P00265000,0,0.267,VETO,,up,0.5548
2026-07-22 14:12,SPY,SPY261218P00570000,0,0.453,VETO,,vertical,0.1347
2026-07-22 14:12,SPY,SPY260722C00747000,0,0.453,VETO,,vertical,-0.5366
2026-07-22 14:12,NBIS,NBIS260807P00125000,0,0.267,VETO,,vertical,-0.2414
2026-07-22 14:12,SLV,SLV261016C00060000,0,0.21,VETO,,vertical,-0.3279
2026-07-22 14:12,TEL,TEL260918C00240000,0,0.21,VETO,,vertical,0.0348
2026-07-22 14:12,EQT,EQT260731C00054000,0,0.267,VETO,,up,0.2422
2026-07-22 14:12,UUUU,UUUU260821C00013000,0,0.246,VETO,,down,-0.6466
2026-07-22 14:12,WRBY,WRBY260821C00024500,0,0.16,VETO,,down,-0.939
2026-07-22 14:12,RIOT,RIOT260821C00024000,0,0.267,VETO,,up,0.6014
2026-07-22 14:21,BUD,BUD260807C00084000,0,0.21,VETO,,down,-0.9105
2026-07-22 14:21,SPY,SPY260730P00727000,0,0.453,VETO,,up,1.3566
2026-07-22 14:21,QQQ,QQQ260722C00707000,0,0.297,VETO,,up,0.3957
2026-07-22 14:21,SOFI,SOFI280616C00045000,0,0.21,VETO,,vertical,-0.2222
2026-07-22 14:21,IREN,IREN260821P00033000,0,0.386,VETO,,up,0.3222
2026-07-22 14:21,IBIT,IBIT260918C00045000,0,0.246,VETO,,down,-0.5455
2026-07-22 14:21,SOXL,SOXL260724C00180000,0,0.267,VETO,,down,-0.7113
2026-07-22 14:21,SOXL,SOXL260724C00181000,0,0.267,VETO,,down,-0.9641
2026-07-22 14:21,HAPN,HAPN260821C00019000,0,0.067,VETO,,down,-1.0806
2026-07-22 14:32,SPY,SPY260918P00665000,0,0.453,VETO,,up,0.3297
2026-07-22 14:32,XLE,XLE260807C00059500,0,0.267,VETO,,vertical,-0.1954
2026-07-22 14:32,NOK,NOK260821C00011000,0,0.267,VETO,,down,-0.5714
2026-07-22 14:32,NOK,NOK260821C00010000,0,0.267,VETO,,down,-0.6792
2026-07-22 14:32,ASTS,ASTS260918C00090000,0,0.403,VETO,,down,-0.5259
2026-07-22 14:32,SLV,SLV260731C00055000,0,0.21,VETO,,down,-0.7007
2026-07-22 14:32,SMCI,SMCI260821C00040000,0,0.386,VETO,,vertical,-0.4874
2026-07-22 14:32,SPY,SPY260723C00747000,0,0.453,VETO,,up,0.3142
2026-07-22 14:32,PLTR,PLTR260918C00180000,0,0.413,VETO,,vertical,-0.3889
2026-07-22 14:32,REPL,REPL260731C00009500,0,0.067,VETO,,down,-0.7738
2026-07-22 14:32,DIS,DIS270115C00110000,0,0.267,VETO,,down,-0.6225
2026-07-22 14:32,DRAM,DRAM260724P00052000,0,0.413,VETO,,down,-0.7065
2026-07-22 14:32,CBRG,CBRG260821C00008000,0,0.067,VETO,,down,-1.1
2026-07-22 14:32,GDDY,GDDY260724C00090000,0,0.139,VETO,,down,-1.0487
2026-07-22 14:32,RKLB,RKLB260724C00072000,0,0.413,VETO,,down,-0.52
2026-07-22 14:42,SPY,SPY260724C00748000,0,0.453,VETO,,up,0.3133
2026-07-22 14:42,GLD,GLD260918P00320000,0,0.413,VETO,,up,0.3333
2026-07-22 14:42,NVDA,NVDA260724C00207500,0,0.413,VETO,,up,0.3737
2026-07-22 14:42,IHI,IHI270115C00055000,0,0.118,VETO,,down,-1.0281
2026-07-22 14:42,IGV,IGV260724C00090500,0,0.267,VETO,,down,-0.6476
2026-07-22 14:42,IREN,IREN260807P00035000,0,0.386,VETO,,up,0.2754
2026-07-22 14:42,UPST,UPST260731P00028000,0,0.21,VETO,,up,0.2787
2026-07-22 14:42,XP,XP280121C00020000,0,0.099,VETO,,down,-0.825
2026-07-22 14:42,BNO,BNO261016C00070000,0,0.267,VETO,,vertical,-0.0462
2026-07-22 14:42,GTLB,GTLB260821P00030000,0,0.16,VETO,,down,-0.8853
2026-07-22 14:42,CORZ,CORZ260724C00024000,0,0.267,VETO,,down,-0.5588
2026-07-22 14:42,WEAT,WEAT270115C00025000,0,0.073,VETO,,vertical,-0.2111
2026-07-22 14:52,SPY,SPY260731P00730000,0,0.453,VETO,,up,0.9909
2026-07-22 14:52,TLT,TLT260821C00083500,0,0.16,VETO,,down,-0.6569
2026-07-22 14:52,HOOD,HOOD260724P00105000,0,0.453,VETO,,up,0.4305
2026-07-22 14:52,TLT,TLT260821P00083500,0,0.16,VETO,,up,0.285
2026-07-22 14:52,AES,AES261120P00015000,0,0.057,VETO,,down,-1.1833
2026-07-22 14:52,AAPL,AAPL260724C00330000,0,0.297,VETO,,down,-0.6333
2026-07-22 14:52,RIOT,RIOT260918C00029000,0,0.267,VETO,,up,0.4018
2026-07-22 14:52,IWM,IWM260821P00279000,0,0.267,VETO,,up,0.3363
2026-07-22 14:52,BB,BB270319C00015000,0,0.176,VETO,,vertical,-0.3972
2026-07-22 14:52,WFC,WFC261016P00082500,0,0.267,VETO,,vertical,-0.0819
2026-07-22 14:52,CVS,CVS260821P00100000,0,0.386,VETO,,up,0.2621
2026-07-22 14:52,SMCI,SMCI260724C00033500,0,0.386,VETO,,down,-0.5556
2026-07-22 14:52,SMCI,SMCI260731P00030000,0,0.386,VETO,,up,0.3307
2026-07-22 14:52,CARR,CARR260731P00065000,0,0.176,VETO,,down,-0.8071
2026-07-22 14:52,HAL,HAL260918P00031000,0,0.158,VETO,,vertical,-0.1474
2026-07-22 14:52,XLV,XLV261218C00170000,0,0.267,VETO,,vertical,0.1775
2026-07-22 14:52,CME,CME260731P00247500,0,0.21,VETO,,down,-0.6403
2026-07-22 14:52,TQQQ,TQQQ260807C00077000,0,0.403,VETO,,down,-0.8179
2026-07-22 14:52,CDNS,CDNS260918P00370000,0,0.21,VETO,,vertical,0.088
2026-07-22 15:03,GLD,GLD260918P00340000,0,0.413,VETO,,up,0.3668
2026-07-22 15:03,AAPL,AAPL260724C00327500,0,0.297,VETO,,down,-0.6846
2026-07-22 15:03,UBS,UBS261120C00057500,0,0.118,VETO,,vertical,-0.3051
2026-07-22 15:03,POET,POET260731C00007500,0,0.118,VETO,,down,-0.7678
2026-07-22 15:03,IWM,IWM260731P00285000,0,0.267,VETO,,up,0.6171
2026-07-22 15:03,AMD,AMD260722C00560000,0,0.386,VETO,,up,0.5925
2026-07-22 15:03,XLE,XLE270617C00065000,0,0.267,VETO,,vertical,-0.1886
2026-07-22 15:03,DRAM,DRAM260731C00060000,0,0.413,VETO,,down,-0.5206
2026-07-22 15:03,ASTS,ASTS260724P00060000,0,0.403,VETO,,up,0.2759
2026-07-22 15:03,IGV,IGV261120P00080000,0,0.267,VETO,,vertical,-0.1436
2026-07-22 15:03,SOXS,SOXS260731P00036000,0,0.267,VETO,,down,-0.617
2026-07-22 15:03,IBIT,IBIT260821C00038000,0,0.246,VETO,,vertical,-0.4192
2026-07-22 15:03,ONDS,ONDS260731P00008500,0,0.267,VETO,,up,0.4275
2026-07-22 15:03,NVO,NVO260814P00048000,0,0.267,VETO,,down,-0.6584
2026-07-22 15:03,SNXX,SNXX260918P00013130,0,0.267,VETO,,vertical,-0.516
2026-07-22 15:03,EL,EL260821C00087000,0,0.16,VETO,,down,-1.0263
2026-07-22 15:03,GME,GME261016P00022000,0,0.118,VETO,,vertical,-0.3407
2026-07-22 15:03,AVTR,AVTR261120P00011000,0,0.034,VETO,,down,-0.5935
2026-07-22 15:11,INFQ,INFQ261016C00010000,0,0.16,VETO,,down,-0.8577
2026-07-22 15:11,NVDA,NVDA260722P00212500,0,0.413,VETO,,down,-0.635
2026-07-22 15:11,CIA,CIA261120P00005000,0,0.009,VETO,,vertical,-0.0889
2026-07-22 15:11,BWXT,BWXT260821C00200000,0,0.118,VETO,,down,-0.8567
2026-07-22 15:11,CIA,CIA260821P00005000,0,0.009,VETO,,down,-1.1176
2026-07-22 15:11,MSTR,MSTR260724C00099000,0,0.386,VETO,,down,-0.5933
2026-07-22 15:11,ASTS,ASTS260918C00100000,0,0.403,VETO,,down,-0.5503
2026-07-22 15:22,XLE,XLE260807C00059000,0,0.267,VETO,,vertical,-0.1243
2026-07-22 15:22,NVDA,NVDA260722C00210000,0,0.413,VETO,,vertical,-0.3548
2026-07-22 15:22,RIOT,RIOT260918C00026000,0,0.267,VETO,,up,0.3541
2026-07-22 15:22,MRVL,MRVL260821C00330000,0,0.413,VETO,,down,-0.598
2026-07-22 15:22,APPN,APPN261120P00022500,0,0.061,VETO,,vertical,-0.2162
2026-07-22 15:22,WEN,WEN260918C00008000,0,0.067,VETO,,down,-1.04
2026-07-22 15:22,PANW,PANW260821C00460000,0,0.267,VETO,,down,-0.9263
2026-07-22 15:22,IBM,IBM260724P00190000,0,0.413,VETO,,up,0.3864
2026-07-22 15:22,KLAC,KLAC260821C00320000,0,0.267,VETO,,down,-0.7712
2026-07-22 15:22,MRK,MRK260821C00140000,0,0.267,VETO,,vertical,0.062
2026-07-22 15:22,W,W260724P00083000,0,0.16,VETO,,down,-0.649
2026-07-22 15:22,OSCR,OSCR261120P00025000,0,0.21,VETO,,down,-0.5679
2026-07-22 15:22,OKLO,OKLO261218C00090000,0,0.267,VETO,,vertical,-0.4522
2026-07-22 15:22,OSCR,OSCR260821C00032000,0,0.21,VETO,,down,-0.8409
2026-07-22 15:32,FSLR,FSLR260821P00165000,0,0.267,VETO,,vertical,-0.4709
2026-07-22 15:32,SPY,SPY260724P00735000,0,0.453,VETO,,up,3.1744
2026-07-22 15:32,PLTR,PLTR260918C00170000,0,0.413,VETO,,vertical,-0.3628
2026-07-22 15:32,SMH,SMH260722P00585000,0,0.267,VETO,,down,-0.5645
2026-07-22 15:32,WMT,WMT261120P00100000,0,0.267,VETO,,vertical,-0.1471
2026-07-22 15:32,SMCI,SMCI260724C00032000,0,0.386,VETO,,down,-0.565
2026-07-22 15:32,BA,BA260731P00200000,0,0.386,VETO,,down,-0.9886
2026-07-22 15:32,NEE,NEE260731P00090000,0,0.267,VETO,,down,-0.7654
2026-07-22 15:32,EEM,EEM260918C00065500,0,0.21,VETO,,down,-1.0072
2026-07-22 15:32,SMCI,SMCI260807C00036000,0,0.386,VETO,,down,-0.7923
2026-07-22 15:32,OKLO,OKLO260724C00043000,0,0.267,VETO,,down,-0.5806
2026-07-22 15:32,SLV,SLV270115C00125000,0,0.21,VETO,,vertical,-0.2203
2026-07-22 15:32,AA,AA260724C00045000,0,0.267,VETO,,down,-0.5844
2026-07-22 15:32,SMCI,SMCI260821P00028000,0,0.386,VETO,,vertical,-0.0513
2026-07-22 15:32,CDE,CDE260821C00017000,0,0.21,VETO,,down,-0.9957
2026-07-22 15:32,ASTS,ASTS260724P00065000,0,0.403,VETO,,up,0.3027
2026-07-22 15:32,RGTI,RGTI260731C00016500,0,0.267,VETO,,down,-0.9
2026-07-22 15:42,SPCX,SPCX260724C00125000,0,0.413,VETO,,down,-0.5629
2026-07-22 15:42,QQQ,QQQ260722C00710000,0,0.297,VETO,,up,0.3131
2026-07-22 15:42,SPY,SPY260729P00730000,0,0.453,VETO,,up,1.692
2026-07-22 15:42,EWZ,EWZ260821C00037000,0,0.21,VETO,,up,0.2975
2026-07-22 15:42,BNO,BNO260821P00051000,0,0.267,VETO,,vertical,-0.2289
2026-07-22 15:42,OKTA,OKTA260724C00143000,0,0.21,VETO,,down,-0.6036
2026-07-22 15:42,CCJ,CCJ260814P00086000,0,0.267,VETO,,up,0.3503
2026-07-22 15:42,GDX,GDX260807C00082000,0,0.267,VETO,,down,-0.7731
2026-07-22 15:42,SOXX,SOXX260724P00500000,0,0.267,VETO,,down,-0.7
2026-07-22 15:42,CSX,CSX260724C00051000,0,0.267,VETO,,up,0.675
2026-07-22 15:42,PLTR,PLTR260724C00127000,0,0.413,VETO,,down,-0.512
2026-07-22 15:42,CDE,CDE260918C00017500,0,0.21,VETO,,down,-1.0333
2026-07-22 15:42,TTMI,TTMI260821P00100000,0,0.16,VETO,,down,-0.6434
2026-07-22 15:42,EQT,EQT260918P00050000,0,0.267,VETO,,down,-1.0254
2026-07-22 15:42,FHN,FHN270219C00029000,0,0.118,VETO,,down,-1.0952
2026-07-22 15:42,RIOT,RIOT260821C00023000,0,0.267,VETO,,up,0.3083
2026-07-22 15:53,TLN,TLN260918P00250000,0,0.139,VETO,,down,-0.8136
2026-07-22 15:53,IGV,IGV260724P00092500,0,0.267,VETO,,up,0.4939
2026-07-22 15:53,HIMS,HIMS260731P00032500,0,0.267,VETO,,down,-1.0135
2026-07-22 15:53,NVDA,NVDA260918P00180000,0,0.413,VETO,,vertical,0.1784
2026-07-22 15:53,SPY,SPY260723P00749000,0,0.453,VETO,,up,0.3858
2026-07-22 15:53,EWJ,EWJ260821P00088000,0,0.176,VETO,,vertical,-0.296
2026-07-22 15:53,SILJ,SILJ260918C00028000,0,0.21,VETO,,down,-0.5643
2026-07-22 15:53,IONQ,IONQ260918C00045000,0,0.267,VETO,,vertical,-0.4411
2026-07-22 15:53,WDAY,WDAY260724C00141000,0,0.176,VETO,,down,-0.8892
2026-07-22 15:53,KRE,KRE261120P00072000,0,0.267,VETO,,vertical,-0.2045
2026-07-22 15:53,RUN,RUN260821P00012000,0,0.267,VETO,,up,0.2975
2026-07-22 15:53,LQDA,LQDA260731C00090000,0,0.099,VETO,,down,-1.0183
2026-07-22 15:53,XLE,XLE260821P00056000,0,0.267,VETO,,down,-0.5714
2026-07-22 15:53,AMPX,AMPX270115C00015000,0,0.099,VETO,,down,-1.0263
2026-07-22 15:53,VKTX,VKTX260731P00038000,0,0.267,VETO,,down,-0.7639
2026-07-22 16:03,NBIS,NBIS260807P00135000,0,0.267,VETO,,down,-1.1049
2026-07-22 16:03,NVDA,NVDA260731C00225000,0,0.413,VETO,,down,-0.5556
2026-07-22 16:03,SOFI,SOFI261120C00025000,0,0.21,VETO,,vertical,-0.3831
2026-07-22 16:03,TSLA,TSLA260724C00400000,0,0.386,VETO,,down,-0.9946
2026-07-22 16:03,CSCO,CSCO260918C00135000,0,0.267,VETO,,vertical,-0.1092
2026-07-22 16:03,SMR,SMR261120P00009000,0,0.16,VETO,,vertical,0.1095
2026-07-22 16:03,CVX,CVX260724C00192500,0,0.267,VETO,,up,0.9806
2026-07-22 16:03,BKU,BKU261120P00045000,0,0.099,VETO,,down,-0.7371
2026-07-22 16:03,SMG,SMG260918C00075000,0,0.139,VETO,,down,-0.6678
2026-07-22 16:03,MDLZ,MDLZ260821C00063000,0,0.16,VETO,,down,-1.0042
2026-07-22 16:03,RIOT,RIOT260821C00023500,0,0.267,VETO,,up,0.3893
2026-07-22 16:03,CELH,CELH261016P00022500,0,0.176,VETO,,vertical,-0.0972
2026-07-22 16:03,CAPR,CAPR260821P00011000,0,0.016,VETO,,vertical,-0.425
2026-07-22 16:03,AG,AG260821C00017000,0,0.16,VETO,,vertical,-0.4553
2026-07-22 16:03,PATH,PATH260814C00011500,0,0.21,VETO,,down,-1.0476
2026-07-22 16:03,MDB,MDB260821P00320000,0,0.176,VETO,,vertical,-0.0931
2026-07-22 16:12,ONDS,ONDS260731C00008500,0,0.267,VETO,,down,-0.5167
2026-07-22 16:12,SPY,SPY260729P00735000,0,0.453,VETO,,up,1.8682
2026-07-22 16:12,NVDA,NVDA260722P00215000,0,0.413,VETO,,vertical,0.1948
2026-07-22 16:12,EQT,EQT260918P00052500,0,0.267,VETO,,down,-1.0143
2026-07-22 16:12,BTI,BTI260821C00065000,0,0.118,VETO,,down,-0.57
2026-07-22 16:12,CRCL,CRCL260821C00085000,0,0.267,VETO,,down,-0.5289
2026-07-22 16:12,RIOT,RIOT260821P00023000,0,0.267,VETO,,vertical,-0.0629
2026-07-22 16:12,MSTR,MSTR260807C00115000,0,0.386,VETO,,down,-0.5332
2026-07-22 16:12,ON,ON260731C00104000,0,0.21,VETO,,down,-0.8667
2026-07-22 16:12,PM,PM260814C00200000,0,0.267,VETO,,down,-0.6674
2026-07-22 16:12,BETA,BETA260821C00022500,0,0.099,VETO,,down,-0.8278
2026-07-22 16:12,USO,USO260724C00136000,0,0.267,VETO,,up,1.3142
2026-07-22 16:12,AAPU,AAPU270115C00055000,0,0.073,VETO,,down,-0.7963
2026-07-22 16:12,IEF,IEF260821P00093000,0,0.099,VETO,,down,-0.7273
2026-07-22 16:22,SPCX,SPCX260821C00165000,0,0.413,VETO,,vertical,-0.1351
2026-07-22 16:22,SPCX,SPCX260724P00120000,0,0.413,VETO,,up,0.3449
2026-07-22 16:22,NVDA,NVDA260821P00195000,0,0.413,VETO,,up,0.3136
2026-07-22 16:22,SPY,SPY260722C00750000,0,0.453,VETO,,down,-0.5762
2026-07-22 16:22,QQQ,QQQ260723P00691000,0,0.297,VETO,,up,1.8819
2026-07-22 16:22,GEV,GEV260724P00925000,0,0.267,VETO,,down,-1.025
2026-07-22 16:22,KWEB,KWEB261218C00035000,0,0.21,VETO,,down,-1.02
2026-07-22 16:22,HAL,HAL261016C00032000,0,0.158,VETO,,down,-1.0073
2026-07-22 16:22,CRWV,CRWV261016P00050000,0,0.386,VETO,,vertical,0.2835
2026-07-22 16:22,RF,RF280121P00020000,0,0.139,VETO,,down,-1.125
2026-07-22 16:22,TLT,TLT260731C00083500,0,0.16,VETO,,down,-0.9091
2026-07-22 16:22,HIG,HIG261218C00160000,0,0.16,VETO,,down,-0.6897
2026-07-22 16:22,SMCI,SMCI260724C00035000,0,0.386,VETO,,down,-0.6143
2026-07-22 16:22,GEHC,GEHC261016C00062500,0,0.21,VETO,,down,-0.9605
2026-07-22 16:22,USO,USO260807C00140000,0,0.267,VETO,,up,0.2579
2026-07-22 16:33,SPY,SPY260729P00740000,0,0.453,VETO,,up,1.7386
2026-07-22 16:33,RIVN,RIVN261016C00015000,0,0.267,VETO,,vertical,-0.4128
2026-07-22 16:33,NVTS,NVTS260807C00014000,0,0.21,VETO,,down,-0.6944
2026-07-22 16:33,TSLA,TSLA260918P00300000,0,0.386,VETO,,up,0.9114
2026-07-22 16:33,TECK,TECK260724P00056000,0,0.16,VETO,,down,-1.1
2026-07-22 16:33,RKLB,RKLB260724P00070000,0,0.413,VETO,,up,0.3803
2026-07-22 16:33,GLW,GLW260724C00162500,0,0.267,VETO,,down,-0.6349
2026-07-22 16:33,CRWD,CRWD260807P00163750,0,0.386,VETO,,vertical,-0.3386
2026-07-22 16:33,MSTR,MSTR260724C00098000,0,0.386,VETO,,down,-0.6547
2026-07-22 16:33,DXYZ,DXYZ260821P00025000,0,0.118,VETO,,down,-0.8833
2026-07-22 16:33,SM,SM261120C00042500,0,0.118,VETO,,down,-0.8839
2026-07-22 16:33,SOUN,SOUN280121C00010000,0,0.099,VETO,,vertical,-0.0995
2026-07-22 16:33,XLK,XLK260918P00162500,0,0.267,VETO,,vertical,-0.0431
2026-07-22 16:33,WDAY,WDAY260918C00195000,0,0.176,VETO,,down,-0.6333
2026-07-22 16:33,LOPE,LOPE260821C00145000,0,0.16,VETO,,down,-0.7444
2026-07-22 16:42,TMO,TMO260724P00485000,0,0.21,VETO,,down,-0.8787
2026-07-22 16:42,SPY,SPY260722P00748000,0,0.453,VETO,,up,0.57
2026-07-22 16:42,OKLO,OKLO260724C00046000,0,0.267,VETO,,down,-0.5989
2026-07-22 16:42,QQQ,QQQ260730C00730000,0,0.297,VETO,,down,-0.7838
2026-07-22 16:42,SMCI,SMCI260731C00032000,0,0.386,VETO,,down,-0.6079
2026-07-22 16:42,UNH,UNH260724P00430000,0,0.267,VETO,,up,0.3346
2026-07-22 16:42,TEAM,TEAM260821P00060000,0,0.176,VETO,,down,-0.6412
2026-07-22 16:42,SLS,SLS261016P00004000,0,0.16,VETO,,vertical,-0.156
2026-07-22 16:42,IBIT,IBIT261016P00038000,0,0.246,VETO,,vertical,0.1339
2026-07-22 16:42,XLU,XLU280121C00050000,0,0.21,VETO,,vertical,-0.0714
2026-07-22 16:42,RCAT,RCAT270115C00012000,0,0.099,VETO,,vertical,-0.2211
2026-07-22 16:42,SOLS,SOLS261120C00085000,0,0.16,VETO,,down,-0.6185
2026-07-22 16:42,SMCI,SMCI260821C00035000,0,0.386,VETO,,vertical,-0.3864
2026-07-22 16:42,APLD,APLD260731C00035000,0,0.386,VETO,,down,-0.689
2026-07-22 16:42,BABA,BABA260724P00116000,0,0.386,VETO,,up,0.2928
2026-07-22 16:42,SILJ,SILJ270219P00025000,0,0.21,VETO,,vertical,-0.1181
2026-07-22 16:42,XLC,XLC260918C00111000,0,0.21,VETO,,down,-0.9136
2026-07-22 16:51,QQQ,QQQ260730C00735000,0,0.297,VETO,,down,-0.85
2026-07-22 16:51,BABA,BABA260807C00125000,0,0.386,VETO,,down,-0.5747
2026-07-22 16:51,COF,COF260807P00195000,0,0.267,VETO,,down,-0.7136
2026-07-22 16:51,SMCI,SMCI260724P00031500,0,0.386,VETO,,up,0.301
2026-07-22 16:51,FRO,FRO260918P00037000,0,0.21,VETO,,down,-0.8619
2026-07-22 16:51,YPF,YPF260918P00050000,0,0.16,VETO,,down,-0.842
2026-07-22 16:51,IREN,IREN260724C00043000,0,0.386,VETO,,down,-0.737
2026-07-22 16:51,MCHP,MCHP261016P00060000,0,0.267,VETO,,vertical,0.0412
2026-07-22 16:51,TLT,TLT270115C00085000,0,0.16,VETO,,vertical,-0.0676
2026-07-22 17:01,TSLA,TSLA260724P00360000,0,0.386,VETO,,up,0.2909
2026-07-22 17:01,SOXL,SOXL260821P00052000,0,0.267,VETO,,vertical,-0.3285
2026-07-22 17:01,SPY,SPY260723P00750000,0,0.453,VETO,,up,0.356
2026-07-22 17:01,LRCX,LRCX260731P00225000,0,0.413,VETO,,down,-0.673
2026-07-22 17:01,SPY,SPY260723C00749000,0,0.453,VETO,,down,-0.9835
2026-07-22 17:01,HYG,HYG261016P00079000,0,0.118,VETO,,vertical,0.0278
2026-07-22 17:01,NOK,NOK260918C00010000,0,0.267,VETO,,down,-0.5241
2026-07-22 17:01,EQT,EQT260807P00052000,0,0.267,VETO,,down,-1.0357
2026-07-22 17:01,TTD,TTD261016C00022500,0,0.21,VETO,,vertical,-0.1971
2026-07-22 17:01,KKR,KKR260724C00095000,0,0.16,VETO,,down,-0.9525
2026-07-22 17:01,C,C260918P00120000,0,0.267,VETO,,vertical,0.0332
2026-07-22 17:01,ZS,ZS260814P00132000,0,0.16,VETO,,vertical,-0.2608
2026-07-22 17:01,PCT,PCT260821C00006000,0,0.091,VETO,,vertical,-0.405
2026-07-22 17:01,SMCI,SMCI260724C00033000,0,0.386,VETO,,down,-0.5439
2026-07-22 17:01,XYZ,XYZ260724C00078000,0,0.267,VETO,,down,-0.6589
2026-07-22 17:12,NVDA,NVDA260724C00212500,0,0.413,VETO,,down,-0.7114
2026-07-22 17:12,ORCL,ORCL260821C00150000,0,0.386,VETO,,down,-0.5253
2026-07-22 17:12,FCX,FCX260731P00063000,0,0.413,VETO,,down,-0.6618
2026-07-22 17:12,NVDA,NVDA260727C00217500,0,0.413,VETO,,down,-0.7156
2026-07-22 17:12,WMT,WMT261016C00120000,0,0.267,VETO,,vertical,-0.0633
2026-07-22 17:12,TWLO,TWLO260821C00240000,0,0.16,VETO,,down,-0.6405
2026-07-22 17:12,PTON,PTON270115P00006000,0,0.118,VETO,,vertical,-0.0891
2026-07-22 17:12,SOFI,SOFI270617C00020000,0,0.21,VETO,,vertical,-0.1808
2026-07-22 17:12,CRCL,CRCL260724C00068000,0,0.267,VETO,,down,-1.0117
2026-07-22 17:12,XRAY,XRAY270115C00020000,0,0.073,VETO,,down,-1.0364
2026-07-22 17:12,DRAM,DRAM260731C00063000,0,0.413,VETO,,down,-0.6878
2026-07-22 17:12,BL,BL260918C00027500,0,0.067,VETO,,down,-0.7378
2026-07-22 17:12,SPMO,SPMO260821P00142000,0,0.158,VETO,,vertical,0.1712
2026-07-22 17:23,SPCX,SPCX260724C00135000,0,0.413,VETO,,down,-0.69
2026-07-22 17:23,TSLA,TSLA260731C00435000,0,0.386,VETO,,down,-0.9636
2026-07-22 17:23,AAPL,AAPL260918P00285000,0,0.297,VETO,,vertical,-0.3508
2026-07-22 17:23,NAIL,NAIL260821P00037000,0,0.16,VETO,,down,-0.78
2026-07-22 17:23,BAH,BAH261120C00080000,0,0.16,VETO,,down,-1.1276
2026-07-22 17:23,ZM,ZM260918C00130000,0,0.16,VETO,,down,-1.1452
2026-07-22 17:23,IBIT,IBIT270617P00027000,0,0.246,VETO,,vertical,-0.0134
2026-07-22 17:23,COIN,COIN260821P00135000,0,0.267,VETO,,up,0.2967
2026-07-22 17:23,TLT,TLT260731P00084500,0,0.16,VETO,,up,0.2902
2026-07-22 17:23,UNH,UNH261016P00320000,0,0.267,VETO,,vertical,0.0353
2026-07-22 17:23,IBIT,IBIT260814P00037000,0,0.246,VETO,,up,0.3026
2026-07-22 17:23,TTD,TTD260918P00017500,0,0.21,VETO,,vertical,0.0729
2026-07-22 17:23,EWZ,EWZ260821C00036500,0,0.21,VETO,,vertical,-0.375
2026-07-22 17:23,CMG,CMG260918C00035000,0,0.267,VETO,,down,-1.0084
2026-07-22 17:23,LUNR,LUNR260821P00014500,0,0.16,VETO,,vertical,0.2475
2026-07-22 17:23,RUN,RUN260918P00012000,0,0.267,VETO,,up,0.3308
2026-07-22 17:23,GLNG,GLNG260821C00055000,0,0.16,VETO,,down,-0.6889
2026-07-22 17:32,XLE,XLE260821C00060000,0,0.267,VETO,,up,0.3406
2026-07-22 17:32,FRO,FRO260821C00040000,0,0.21,VETO,,up,0.336
2026-07-22 17:32,SPCX,SPCX260731C00139000,0,0.413,VETO,,down,-0.6083
2026-07-22 17:32,LVS,LVS260918P00045000,0,0.099,VETO,,down,-1.0268
2026-07-22 17:32,MTCH,MTCH260821C00037500,0,0.139,VETO,,down,-0.6196
2026-07-22 17:32,SPCX,SPCX260724C00140000,0,0.413,VETO,,down,-0.5857
2026-07-22 17:32,KWEB,KWEB260918C00030000,0,0.21,VETO,,vertical,-0.3404
2026-07-22 17:32,SQQQ,SQQQ260724C00040000,0,0.297,VETO,,up,1.4099
2026-07-22 17:32,MSTR,MSTR260724P00100000,0,0.386,VETO,,up,0.3252
2026-07-22 17:32,PLTR,PLTR260724P00125000,0,0.413,VETO,,up,0.3988
2026-07-22 17:32,KHC,KHC261016C00027500,0,0.267,VETO,,down,-0.7012
2026-07-22 17:32,CRWV,CRWV261120C00200000,0,0.386,VETO,,down,-0.5333
2026-07-22 17:32,IREN,IREN260724P00042000,0,0.386,VETO,,up,0.6568
2026-07-22 17:32,IGV,IGV260731C00095000,0,0.267,VETO,,down,-1.1111
2026-07-22 17:32,COIN,COIN260724P00165000,0,0.267,VETO,,up,0.3426
2026-07-22 17:43,NVDA,NVDA260727C00215000,0,0.413,VETO,,down,-0.6969
2026-07-22 17:43,SPY,SPY260722P00749000,0,0.453,VETO,,up,0.3571
2026-07-22 17:43,SPCX,SPCX261016P00080000,0,0.413,VETO,,up,0.2659
2026-07-22 17:43,IREN,IREN280121P00010000,0,0.386,VETO,,down,-0.8341
2026-07-22 17:43,SPY,SPY260724P00745000,0,0.453,VETO,,up,0.3474
2026-07-22 17:43,IGV,IGV260821P00087500,0,0.267,VETO,,vertical,-0.0351
2026-07-22 17:43,VICI,VICI260918C00027500,0,0.073,VETO,,down,-0.6167
2026-07-22 17:43,FCX,FCX260821P00060000,0,0.413,VETO,,up,0.296
2026-07-22 17:43,NVO,NVO260918P00047500,0,0.267,VETO,,vertical,-0.1186
2026-07-22 17:43,SPY,SPY260727C00754000,0,0.453,VETO,,down,-0.8916
2026-07-22 17:43,DVN,DVN260814P00043000,0,0.246,VETO,,down,-1.0046
2026-07-22 17:43,MRVL,MRVL261016C00460000,0,0.413,VETO,,down,-0.5609
2026-07-22 17:43,CLF,CLF260731C00009000,0,0.267,VETO,,up,1.1685
2026-07-22 17:43,IGV,IGV260918C00100000,0,0.267,VETO,,down,-1.0273
2026-07-22 17:43,ADI,ADI260724P00365000,0,0.267,VETO,,down,-0.7628
2026-07-22 17:43,EXE,EXE260821C00095000,0,0.139,VETO,,vertical,-0.308
2026-07-22 17:43,SOXS,SOXS260724C00044000,0,0.267,VETO,,up,0.2439
2026-07-22 17:43,DOCU,DOCU260814C00047000,0,0.099,VETO,,down,-0.7228
2026-07-22 17:43,COIN,COIN261016P00110000,0,0.267,VETO,,vertical,0.0565
2026-07-22 17:51,EWY,EWY260731P00145000,0,0.21,VETO,,down,-0.5559
2026-07-22 17:51,IBIT,IBIT260731P00037000,0,0.246,VETO,,up,0.3413
2026-07-22 17:51,BABA,BABA260918C00140000,0,0.386,VETO,,vertical,-0.4426
2026-07-22 17:51,CNC,CNC260724P00065000,0,0.267,VETO,,up,0.3111
2026-07-22 17:51,KORU,KORU261218P00010000,0,0.267,VETO,,vertical,-0.0831
2026-07-22 17:51,SNDK,SNDK260724C01450000,0,0.267,VETO,,down,-0.5159
2026-07-22 17:51,VLO,VLO260731C00320000,0,0.21,VETO,,down,-0.6594
2026-07-22 18:02,SPY,SPY260821P00710000,0,0.453,VETO,,up,0.6216
2026-07-22 18:02,STM,STM261016P00050000,0,0.386,VETO,,up,0.5016
2026-07-22 18:02,SPCX,SPCX260731C00165000,0,0.413,VETO,,down,-0.9692
2026-07-22 18:02,SPY,SPY260729P00742000,0,0.453,VETO,,up,1.2178
2026-07-22 18:02,SPY,SPY260724C00749000,0,0.453,VETO,,down,-0.8929
2026-07-22 18:02,BA,BA261120C00260000,0,0.386,VETO,,down,-0.7875
2026-07-22 18:02,KO,KO260828C00084000,0,0.267,VETO,,down,-1.019
2026-07-22 18:02,IREN,IREN260731P00034000,0,0.386,VETO,,vertical,0.1892
2026-07-22 18:02,TQQQ,TQQQ261218P00030000,0,0.403,VETO,,vertical,0.0404
2026-07-22 18:02,PEP,PEP261016P00130000,0,0.297,VETO,,vertical,-0.0848
2026-07-22 18:02,PSKY,PSKY260807C00009000,0,0.073,VETO,,down,-1.0341
2026-07-22 18:02,IGV,IGV260724C00090000,0,0.267,VETO,,down,-0.64
2026-07-22 18:02,KR,KR260821P00055000,0,0.176,VETO,,down,-0.5747
2026-07-22 18:12,XLE,XLE260918C00065000,0,0.267,VETO,,up,0.4038
2026-07-22 18:12,DUK,DUK260918C00130000,0,0.267,VETO,,up,0.3365
2026-07-22 18:12,C,C260814P00127000,0,0.267,VETO,,vertical,-0.125
2026-07-22 18:12,SPY,SPY260723P00748000,0,0.453,VETO,,up,2.9378
2026-07-22 18:12,UNH,UNH261120C00560000,0,0.267,VETO,,vertical,-0.4342
2026-07-22 18:12,EWZ,EWZ260821C00038500,0,0.21,VETO,,down,-0.7222
2026-07-22 18:12,ACI,ACI270115C00015000,0,0.061,VETO,,down,-0.7357
2026-07-22 18:12,ETHA,ETHA270115C00025000,0,0.16,VETO,,vertical,-0.475
2026-07-22 18:12,IREN,IREN260918P00029000,0,0.386,VETO,,vertical,0.1522
2026-07-22 18:12,DHI,DHI260731P00143000,0,0.21,VETO,,down,-0.9541
2026-07-22 18:12,SQQQ,SQQQ260731C00044000,0,0.297,VETO,,up,0.5306
2026-07-22 18:12,AR,AR270115C00040000,0,0.118,VETO,,down,-0.6609
2026-07-22 18:12,CNMD,CNMD260918P00040000,0,0.118,VETO,,down,-1.087
2026-07-22 18:12,SNDK,SNDK260731P01390000,0,0.267,VETO,,vertical,-0.0271
2026-07-22 18:20,NOK,NOK270617C00015000,0,0.267,VETO,,vertical,-0.4091
2026-07-22 18:20,CSCO,CSCO260814C00121000,0,0.267,VETO,,down,-0.7031
2026-07-22 18:20,NOW,NOW260724P00090000,0,0.386,VETO,,down,-0.9227
2026-07-22 18:20,PLTR,PLTR260724P00126000,0,0.413,VETO,,up,0.3104
2026-07-22 18:20,BX,BX260724P00125000,0,0.246,VETO,,down,-0.7045
2026-07-22 18:20,BIDU,BIDU260918C00125000,0,0.21,VETO,,vertical,-0.363
2026-07-22 18:20,VST,VST260918P00130000,0,0.267,VETO,,vertical,-0.2405
2026-07-22 18:20,QQQI,QQQI260821C00056000,0,0.099,VETO,,down,-0.825
2026-07-22 18:20,VTRS,VTRS260821P00017000,0,0.118,VETO,,down,-0.7067
2026-07-22 18:20,WEAT,WEAT260821C00025000,0,0.073,VETO,,down,-0.6182
2026-07-22 18:20,GLD,GLD260724P00382000,0,0.413,VETO,,up,1.4486
2026-07-22 18:20,BTDR,BTDR260918C00015000,0,0.21,VETO,,vertical,-0.4121
2026-07-22 18:20,BABA,BABA260807P00112000,0,0.386,VETO,,up,0.2887
2026-07-22 18:20,IGV,IGV260724P00089000,0,0.267,VETO,,down,-0.8741
2026-07-22 18:20,KWEB,KWEB261218C00029000,0,0.21,VETO,,down,-0.9177
2026-07-22 18:20,HIMS,HIMS260724P00035000,0,0.267,VETO,,down,-1.0132
2026-07-22 18:32,SPY,SPY260722C00748000,0,0.453,VETO,,vertical,-0.4806
2026-07-22 18:32,QQQ,QQQ260722P00707000,0,0.297,VETO,,vertical,0.5861
2026-07-22 18:32,NBIS,NBIS260731P00140000,0,0.267,VETO,,down,-0.6167
2026-07-22 18:32,IWM,IWM260918C00315000,0,0.267,VETO,,vertical,-0.3387
2026-07-22 18:32,SPCX,SPCX260814C00200000,0,0.413,VETO,,vertical,-0.0346
2026-07-22 18:32,ET,ET261016C00021000,0,0.099,VETO,,down,-1.07
2026-07-22 18:32,WULF,WULF260724C00020000,0,0.267,VETO,,down,-0.5794
2026-07-22 18:32,EQT,EQT260724C00052000,0,0.267,VETO,,down,-0.7727
2026-07-22 18:32,KRE,KRE261016P00070000,0,0.267,VETO,,vertical,-0.0481
2026-07-22 18:32,FCX,FCX260724C00068000,0,0.413,VETO,,down,-0.8729
2026-07-22 18:32,CHYM,CHYM260821C00022500,0,0.139,VETO,,down,-0.603
2026-07-22 18:32,COIN,COIN260821C00250000,0,0.267,VETO,,down,-0.8571
2026-07-22 18:42,QQQ,QQQ260723P00700000,0,0.297,VETO,,up,2.1777
2026-07-22 18:42,SPY,SPY260723C00748000,0,0.453,VETO,,down,-0.9535
2026-07-22 18:42,AI,AI260821C00008000,0,0.016,VETO,,down,-1.0379
2026-07-22 18:42,SPY,SPY260724P00740000,0,0.453,VETO,,up,3.0172
2026-07-22 18:42,SPY,SPY260723P00744000,0,0.453,VETO,,up,4.5753
2026-07-22 18:42,NFLX,NFLX270617C00100000,0,0.386,VETO,,vertical,-0.0333
2026-07-22 18:42,CLF,CLF260821C00010500,0,0.267,VETO,,up,1.0185
2026-07-22 18:42,IGV,IGV260724C00089000,0,0.267,VETO,,down,-0.9087
2026-07-22 18:42,MS,MS260918C00240000,0,0.246,VETO,,vertical,-0.356
2026-07-22 18:42,RKLB,RKLB260724P00068000,0,0.413,VETO,,up,0.6707
2026-07-22 18:42,GDX,GDX260821P00070000,0,0.267,VETO,,up,0.3492
2026-07-22 18:42,VG,VG270115C00022500,0,0.267,VETO,,vertical,-0.3217
2026-07-22 18:42,BABA,BABA260821C00125000,0,0.386,VETO,,vertical,-0.491
2026-07-22 18:42,ENPH,ENPH260821C00045000,0,0.21,VETO,,down,-0.6589
2026-07-22 18:42,ACHR,ACHR270115C00006000,0,0.16,VETO,,down,-0.5291
2026-07-22 18:42,EVER,EVER260821P00022500,0,0.016,VETO,,down,-0.8828
2026-07-22 18:52,LCID,LCID270115P00008000,0,0.099,VETO,,vertical,-0.1863
2026-07-22 18:52,BABA,BABA261016C00140000,0,0.386,VETO,,vertical,-0.4203
2026-07-22 18:52,PLTR,PLTR260724C00125000,0,0.413,VETO,,up,0.3663
2026-07-22 18:52,NUAI,NUAI260918C00007500,0,0.099,VETO,,down,-0.7217
2026-07-22 18:52,NBIS,NBIS260731P00100000,0,0.267,VETO,,up,0.2612
2026-07-22 18:52,ZM,ZM260814P00084000,0,0.16,VETO,,vertical,-0.4041
2026-07-22 18:52,EWY,EWY260724P00168000,0,0.21,VETO,,down,-0.7
2026-07-22 18:52,CNC,CNC260814C00070000,0,0.267,VETO,,down,-0.8469
2026-07-22 19:03,ANGX,ANGX261016C00005000,0,0.009,VETO,,down,-0.74
2026-07-22 19:03,SPCX,SPCX260807C00152500,0,0.413,VETO,,vertical,0.1231
2026-07-22 19:03,SOXL,SOXL260821P00070000,0,0.267,VETO,,vertical,0.1657
2026-07-22 19:03,QQQ,QQQ260728P00670000,0,0.297,VETO,,up,1.191
2026-07-22 19:03,GOOGL,GOOGL260724P00330000,0,0.267,VETO,,up,0.3129
2026-07-22 19:03,AAPL,AAPL260724C00325000,0,0.297,VETO,,up,0.3377
2026-07-22 19:03,SPY,SPY260722C00749000,0,0.453,VETO,,vertical,-0.538
2026-07-22 19:03,UNP,UNP260724P00285000,0,0.21,VETO,,down,-1.0625
2026-07-22 19:03,GLD,GLD260729C00395000,0,0.413,VETO,,down,-0.8361
2026-07-22 19:03,CSCO,CSCO260821C00120000,0,0.267,VETO,,vertical,0.0513
2026-07-22 19:03,CORZ,CORZ270115P00012000,0,0.267,VETO,,vertical,-0.2308
2026-07-22 19:03,SMH,SMH260722C00595000,0,0.267,VETO,,down,-0.5988
2026-07-22 19:03,ZS,ZS260821P00125000,0,0.16,VETO,,vertical,-0.3687
2026-07-22 19:03,TLT,TLT260805P00085000,0,0.16,VETO,,vertical,0.0707
2026-07-22 19:03,TLT,TLT270115P00084000,0,0.16,VETO,,vertical,0.0584
2026-07-22 19:03,TLT,TLT270115C00084000,0,0.16,VETO,,vertical,-0.0633
2026-07-22 19:03,ROL,ROL260821C00045000,0,0.118,VETO,,down,-1.0391
2026-07-22 19:03,DOW,DOW260724P00030500,0,0.21,VETO,,down,-0.6908
2026-07-22 19:12,SPCX,SPCX260724P00116000,0,0.413,VETO,,up,0.2932
2026-07-22 19:12,QQQ,QQQ260730P00660000,0,0.297,VETO,,up,0.8413
2026-07-22 19:12,PPC,PPC261218P00030000,0,0.061,VETO,,vertical,-0.1368
2026-07-22 19:12,NFLX,NFLX260821C00080000,0,0.386,VETO,,vertical,-0.0
2026-07-22 19:12,EQT,EQT260821C00054000,0,0.267,VETO,,down,-1.0198
2026-07-22 19:12,AMC,AMC260821C00002000,0,0.21,VETO,,vertical,-0.0568
2026-07-22 19:12,XPEV,XPEV260814P00012000,0,0.099,VETO,,down,-0.9111
2026-07-22 19:12,AMAT,AMAT270115P00410000,0,0.267,VETO,,vertical,-0.0562
2026-07-22 19:22,SPY,SPY260724P00746000,0,0.453,VETO,,up,2.3651
2026-07-22 19:22,GOOGL,GOOGL260724C00370000,0,0.267,VETO,,down,-0.9957
2026-07-22 19:22,AAL,AAL260821C00015500,0,0.21,VETO,,down,-0.9219
2026-07-22 19:22,HIMS,HIMS260807P00030000,0,0.267,VETO,,down,-1.0288
2026-07-22 19:22,CEG,CEG260724P00270000,0,0.246,VETO,,down,-0.8769
2026-07-22 19:22,BMNR,BMNR260918C00020000,0,0.267,VETO,,down,-0.5497
2026-07-22 19:22,PR,PR270115C00024000,0,0.073,VETO,,down,-1.0346
2026-07-22 19:22,VST,VST260724P00165000,0,0.267,VETO,,down,-0.5822
2026-07-22 19:22,TLT,TLT280121C00100000,0,0.16,VETO,,vertical,0.0053
2026-07-22 19:22,WULF,WULF270115C00032000,0,0.267,VETO,,vertical,-0.2385
2026-07-22 19:22,DFTX,DFTX260821C00050000,0,0.139,VETO,,down,-0.5575
2026-07-22 19:22,GDX,GDX270115C00110000,0,0.267,VETO,,vertical,-0.2691
2026-07-22 19:22,UAL,UAL260821C00135000,0,0.21,VETO,,down,-0.7057
2026-07-22 19:22,META,META260731C00662500,0,0.297,VETO,,down,-0.5242
2026-07-22 19:32,ESTC,ESTC260821C00060000,0,0.099,VETO,,vertical,-0.2139
2026-07-22 19:32,QQQ,QQQ260722C00705000,0,0.297,VETO,,vertical,-0.4509
2026-07-22 19:32,XLV,XLV260821C00165000,0,0.267,VETO,,up,0.3785
2026-07-22 19:32,BNO,BNO260821P00051500,0,0.267,VETO,,down,-0.559
2026-07-22 19:32,ARM,ARM260724P00257500,0,0.267,VETO,,down,-0.5592
2026-07-22 19:32,XYZ,XYZ260724P00078000,0,0.267,VETO,,down,-0.6909
2026-07-22 19:32,ASTS,ASTS260724P00059000,0,0.403,VETO,,up,0.6392
2026-07-22 19:32,LYFT,LYFT260821P00015000,0,0.267,VETO,,up,0.3028
2026-07-22 19:32,XYZ,XYZ260724C00077000,0,0.267,VETO,,down,-0.7387
2026-07-22 19:32,EVER,EVER260821P00025000,0,0.016,VETO,,down,-0.6683
2026-07-22 19:32,VG,VG260724C00014000,0,0.267,VETO,,up,0.2571
2026-07-22 19:32,CRWV,CRWV260724P00080000,0,0.386,VETO,,down,-0.6031
2026-07-22 19:43,MRVL,MRVL260724C00220000,0,0.413,VETO,,down,-0.5821
2026-07-22 19:43,SMCI,SMCI260807C00032000,0,0.386,VETO,,vertical,-0.4073
2026-07-22 19:43,NVDA,NVDA260724C00217500,0,0.413,VETO,,down,-0.617
2026-07-22 19:43,DRAM,DRAM260731P00050000,0,0.413,VETO,,vertical,0.2169
2026-07-22 19:43,AMD,AMD260722C00555000,0,0.386,VETO,,vertical,-0.7722
2026-07-22 19:43,SPCX,SPCX260821C00155000,0,0.413,VETO,,vertical,0.0921
2026-07-22 19:43,MSFT,MSFT260724C00397500,0,0.453,VETO,,down,-0.5797
2026-07-22 19:43,IBM,IBM260724P00192500,0,0.413,VETO,,down,-1.035
2026-07-22 19:43,ORCL,ORCL260724C00132000,0,0.386,VETO,,down,-0.7196
2026-07-22 19:43,MO,MO260918P00070000,0,0.21,VETO,,vertical,-0.2112
2026-07-22 19:43,OXY,OXY270617C00080000,0,0.21,VETO,,vertical,-0.2319
2026-07-22 19:43,STUB,STUB260807C00009000,0,0.118,VETO,,down,-0.7182
2026-07-22 19:43,OPEN,OPEN260814P00005000,0,0.453,VETO,,up,0.4438
2026-07-22 19:43,SPXS,SPXS260821P00028000,0,0.118,VETO,,down,-0.6437
2026-07-22 19:43,MSTR,MSTR260731C00110000,0,0.386,VETO,,down,-0.5925
2026-07-22 19:52,GOOG,GOOG260724P00330000,0,0.297,VETO,,up,1.4637
2026-07-22 19:52,SPCX,SPCX260731P00110000,0,0.413,VETO,,up,0.3125
2026-07-22 19:52,NVDA,NVDA260918P00175000,0,0.413,VETO,,vertical,0.176
2026-07-22 19:52,NVDA,NVDA260821P00190000,0,0.413,VETO,,up,0.3896
2026-07-22 19:52,XPEV,XPEV260918C00014000,0,0.099,VETO,,vertical,-0.4072
2026-07-22 19:52,PLTR,PLTR260821P00110000,0,0.413,VETO,,vertical,-0.0716
2026-07-22 19:52,SPY,SPY260724P00747000,0,0.453,VETO,,up,2.182
2026-07-22 19:52,HD,HD260724C00332500,0,0.21,VETO,,down,-1.0385
2026-07-22 19:52,HPE,HPE260828C00055000,0,0.267,VETO,,down,-1.0581
2026-07-22 19:52,TQQQ,TQQQ260807P00068000,0,0.403,VETO,,up,0.2197
2026-07-22 19:52,TMUS,TMUS270115C00250000,0,0.176,VETO,,down,-1.073
2026-07-22 19:52,BUG,BUG270115C00040000,0,0.16,VETO,,vertical,-0.2308
2026-07-22 19:52,BABA,BABA260724C00120000,0,0.386,VETO,,down,-0.709
2026-07-22 19:52,FTAI,FTAI260918C00400000,0,0.16,VETO,,down,-1.15
2026-07-22 19:52,AOS,AOS260918P00060000,0,0.139,VETO,,down,-0.57
2026-07-22 19:52,CRDO,CRDO260724C00245000,0,0.16,VETO,,down,-0.7433
2026-07-22 19:52,CSTM,CSTM261120C00038000,0,0.118,VETO,,down,-0.95
2026-07-22 19:52,MSTR,MSTR260724C00100000,0,0.386,VETO,,down,-0.6494
2026-07-22 19:52,CEG,CEG260918C00330000,0,0.246,VETO,,vertical,-0.2016
2026-07-22 19:56,QQQ,QQQ260724P00690000,0,0.297,VETO,,up,1.2664
2026-07-22 19:56,NVDA,NVDA260724P00210000,0,0.413,VETO,,up,0.4075
2026-07-22 19:56,AAPL,AAPL260722P00330000,0,0.297,VETO,,vertical,0.0928
2026-07-22 19:56,IBM,IBM260724C00215000,0,0.413,VETO,,down,-0.9329
2026-07-22 19:56,SPY,SPY260722P00747000,0,0.453,VETO,,vertical,0.2164
2026-07-22 19:56,STUB,STUB260821C00008500,0,0.118,VETO,,vertical,-0.4364
2026-07-22 19:56,CLF,CLF260731C00009500,0,0.267,VETO,,up,1.3692
2026-07-23 13:32,XLP,XLP260821P00080000,1,0.176,VETO,,down,-1.2509
2026-07-23 13:32,SPY,SPY260724P00740000,0,0.267,VETO,,up,0.3485
2026-07-23 13:32,SPY,SPY260918P00650000,0,0.267,VETO,,vertical,-0.1311
2026-07-23 13:32,SPY,SPY260728P00720000,0,0.267,VETO,,up,0.4
2026-07-23 13:32,SPY,SPY260723P00740000,0,0.267,VETO,,down,-0.575
2026-07-23 13:32,TQQQ,TQQQ260731C00068500,0,0.21,VETO,,down,-0.6515
2026-07-23 13:32,NOW,NOW260724C00100000,0,0.21,VETO,,down,-0.7114
2026-07-23 13:32,NBIS,NBIS260724P00180000,0,0.267,VETO,,down,-0.7227
2026-07-23 13:32,XLE,XLE260918C00065000,0,0.176,VETO,,vertical,-0.1857
2026-07-23 13:32,MSTR,MSTR260724C00096000,0,0.21,VETO,,down,-0.6615
2026-07-23 13:32,GLD,GLD260731C00380000,0,0.21,VETO,,vertical,-0.514
2026-07-23 13:32,XLP,XLP260731P00083000,0,0.21,VETO,,down,-0.975
2026-07-23 13:32,GOOG,GOOG260724P00330000,0,0.267,VETO,,up,0.3955
2026-07-23 13:43,IWM,IWM260821P00280000,0,0.21,VETO,,vertical,-0.0187
2026-07-23 13:43,GOOGL,GOOGL260731C00335000,0,0.267,VETO,,down,-0.5267
2026-07-23 13:43,AAPL,AAPL260724C00322500,0,0.267,VETO,,down,-0.5551
2026-07-23 13:43,IWM,IWM260731P00286000,0,0.21,VETO,,up,0.3676
2026-07-23 13:43,QQQ,QQQ260731P00670000,0,0.267,VETO,,up,0.299
2026-07-23 13:43,SPY,SPY260724C00744000,0,0.267,VETO,,down,-0.5097
2026-07-23 13:43,HUT,HUT260731C00141000,0,0.16,VETO,,down,-1.283
2026-07-23 13:43,TXN,TXN260821C00350000,0,0.246,VETO,,down,-0.7035
2026-07-23 13:43,DRAM,DRAM260731P00056000,0,0.21,VETO,,up,0.3483
2026-07-23 13:43,AFRM,AFRM260821C00095000,0,0.16,VETO,,down,-0.625
2026-07-23 13:43,FRO,FRO260918C00040000,0,0.16,VETO,,vertical,0.0844
2026-07-23 13:43,WULF,WULF260821C00030000,0,0.16,VETO,,down,-0.5294
2026-07-23 13:43,MSTR,MSTR260724C00100000,0,0.21,VETO,,down,-0.6471
2026-07-23 13:51,NVDA,NVDA260821C00225000,0,0.267,VETO,,vertical,-0.2362
2026-07-23 13:51,IWM,IWM260805C00296000,0,0.21,VETO,,vertical,-0.3483
2026-07-23 13:51,QQQ,QQQ260723P00695000,0,0.267,VETO,,up,0.353
2026-07-23 13:51,EWY,EWY260821C00210000,0,0.176,VETO,,down,-0.6233
2026-07-23 13:51,SPY,SPY260723P00741000,0,0.267,VETO,,up,0.3292
2026-07-23 13:51,BE,BE260731C00370000,0,0.267,VETO,,down,-0.7778
2026-07-23 13:51,TLT,TLT261016C00085000,0,0.118,VETO,,vertical,-0.0
2026-07-23 14:02,SMCI,SMCI260821P00031000,1,0.246,VETO,,vertical,-0.1296
2026-07-23 14:02,QQQ,QQQ260723P00696000,0,0.267,VETO,,up,0.4125
2026-07-23 14:02,NOK,NOK260918P00011000,0,0.21,VETO,,up,0.3065
2026-07-23 14:02,BA,BA260821C00230000,0,0.267,VETO,,vertical,-0.2
2026-07-23 14:02,PLTR,PLTR261120C00230000,0,0.267,VETO,,vertical,-0.3375
2026-07-23 14:02,MARA,MARA260731P00014500,0,0.139,VETO,,vertical,-0.2038
2026-07-23 14:02,GLW,GLW260731P00135000,0,0.267,VETO,,up,0.2433
2026-07-23 14:02,SMCI,SMCI260724P00033000,0,0.267,VETO,,up,0.2857
2026-07-23 14:02,CSX,CSX260821P00050000,0,0.099,VETO,,vertical,-0.6077
2026-07-23 14:02,SMCI,SMCI260807C00035000,0,0.267,VETO,,down,-0.77
2026-07-23 14:02,SPY,SPY260723C00741000,0,0.267,VETO,,down,-0.5714
2026-07-23 14:02,APP,APP260731C00495000,0,0.16,VETO,,down,-0.9972
2026-07-23 14:02,ETHA,ETHA270115P00014000,0,0.099,VETO,,vertical,-0.1275
2026-07-23 14:02,RBRK,RBRK260821C00100000,0,0.16,VETO,,down,-0.7769
2026-07-23 14:02,ZIM,ZIM260821C00026000,0,0.073,VETO,,down,-0.6951
2026-07-23 14:02,SLV,SLV260821C00057000,0,0.16,VETO,,vertical,-0.1147
2026-07-23 14:02,UTI,UTI260821C00042500,0,0.246,VETO,,up,0.22
2026-07-23 14:02,XLE,XLE261218C00062500,0,0.176,VETO,,vertical,-0.1185
2026-07-23 14:02,NEXT,NEXT260821C00008000,0,0.061,VETO,,down,-1.1429
2026-07-23 14:02,GLD,GLD260821C00390000,0,0.21,VETO,,vertical,-0.1379
2026-07-23 14:11,NOK,NOK260821C00010500,1,0.21,VETO,,down,-0.6441
2026-07-23 14:11,XLE,XLE260731C00058000,0,0.176,VETO,,vertical,-0.2656
2026-07-23 14:11,SPY,SPY260727P00720000,0,0.267,VETO,,up,0.4615
2026-07-23 14:11,MSFT,MSFT260727P00380000,0,0.297,VETO,,up,0.7293
2026-07-23 14:11,NOK,NOK260821C00010000,0,0.21,VETO,,down,-0.5205
2026-07-23 14:11,DIA,DIA260821C00529000,0,0.21,VETO,,vertical,0.0344
2026-07-23 14:11,CLSK,CLSK260807P00015500,0,0.21,VETO,,up,0.272
2026-07-23 14:11,HYG,HYG260821P00079000,0,0.061,VETO,,down,-0.7444
2026-07-23 14:21,AAL,AAL260821P00013000,1,0.21,VETO,,down,-0.5839
2026-07-23 14:21,QQQ,QQQ260723P00691000,0,0.267,VETO,,up,0.331
2026-07-23 14:21,MSFT,MSFT260821C00480000,0,0.297,VETO,,vertical,-0.3262
2026-07-23 14:21,EXP,EXP260821C00220000,0,0.067,VETO,,down,-0.9488
2026-07-23 14:21,TSLL,TSLL260807C00008000,0,0.099,VETO,,down,-0.527
2026-07-23 14:21,KHC,KHC260821P00025500,0,0.16,VETO,,vertical,-0.3738
2026-07-23 14:21,RIVN,RIVN260731C00018000,0,0.16,VETO,,down,-0.5196
2026-07-23 14:21,AAL,AAL260821P00015000,0,0.21,VETO,,vertical,-0.3963
2026-07-23 14:21,EOSE,EOSE280121C00005000,0,0.099,VETO,,vertical,-0.1564
2026-07-23 14:21,IGV,IGV260821C00100000,0,0.16,VETO,,down,-1.05
2026-07-23 14:21,MP,MP260821C00060000,0,0.139,VETO,,down,-0.675
2026-07-23 14:21,CBRG,CBRG260821P00005000,0,0.016,VETO,,vertical,-0.0393
2026-07-23 14:21,AA,AA260821C00055000,0,0.16,VETO,,down,-0.8846
2026-07-23 14:21,IONQ,IONQ260918C00055000,0,0.267,VETO,,vertical,-0.4303
2026-07-23 14:21,ETHA,ETHA260821P00015000,0,0.099,VETO,,vertical,0.0598
2026-07-23 14:21,KHC,KHC260821P00025000,0,0.16,VETO,,vertical,-0.1825
2026-07-23 14:21,USO,USO261218P00100000,0,0.246,VETO,,vertical,0.0704
2026-07-23 14:21,TROX,TROX260821P00006000,0,0.009,VETO,,down,-1.1667
2026-07-23 14:21,TLT,TLT270115P00083000,0,0.118,VETO,,vertical,-0.0429
2026-07-23 14:21,BABA,BABA261218C00145000,0,0.267,VETO,,vertical,-0.2893
2026-07-23 14:32,EWZ,EWZ260821C00038000,1,0.16,VETO,,down,-0.604
2026-07-23 14:32,AMZN,AMZN260731C00250000,0,0.267,VETO,,vertical,-0.3581
2026-07-23 14:32,TSLA,TSLA260724P00320000,0,0.267,VETO,,up,0.3722
2026-07-23 14:32,SPY,SPY260731P00716000,0,0.267,VETO,,up,0.3571
2026-07-23 14:32,EWZ,EWZ260821C00039000,0,0.16,VETO,,down,-0.7714
2026-07-23 14:32,SOFI,SOFI260821C00020000,0,0.139,VETO,,vertical,-0.25
2026-07-23 14:32,SPY,SPY260724P00739000,0,0.267,VETO,,up,0.5882
2026-07-23 14:32,GOOGL,GOOGL260727C00325000,0,0.267,VETO,,down,-0.7364
2026-07-23 14:32,OXY,OXY260821C00058000,0,0.118,VETO,,vertical,-0.3484
2026-07-23 14:32,ACAD,ACAD261016C00027000,0,0.099,VETO,,down,-1.1792
2026-07-23 14:32,KWEB,KWEB260918P00024000,0,0.139,VETO,,vertical,-0.2255
2026-07-23 14:32,IGV,IGV260821P00080000,0,0.16,VETO,,down,-1.075
2026-07-23 14:32,BX,BX260731C00125000,0,0.267,VETO,,up,0.2564
2026-07-23 14:32,XPEV,XPEV260918C00014000,0,0.061,VETO,,vertical,-0.3372
2026-07-23 14:32,SLV,SLV260731P00052000,0,0.16,VETO,,vertical,-0.3031
2026-07-23 14:32,XLU,XLU260731C00046000,0,0.21,VETO,,up,0.3818
2026-07-23 14:32,BBY,BBY260821P00082500,0,0.16,VETO,,down,-0.5467
2026-07-23 14:32,OPEN,OPEN270115C00004000,0,0.139,VETO,,vertical,-0.2585
2026-07-23 14:42,LUV,LUV260821C00047500,1,0.16,VETO,,down,-0.5987
2026-07-23 14:42,SPY,SPY260724C00742000,0,0.267,VETO,,down,-0.5143
2026-07-23 14:42,AAPL,AAPL260724P00322500,0,0.267,VETO,,up,0.3987
2026-07-23 14:42,NVDA,NVDA260724C00207500,0,0.267,VETO,,down,-0.6355
2026-07-23 14:42,LUV,LUV260918C00050000,0,0.16,VETO,,down,-1.0327
2026-07-23 14:42,APPN,APPN261120P00022500,0,0.016,VETO,,vertical,-0.275
2026-07-23 14:42,SPY,SPY260723C00740000,0,0.267,VETO,,down,-0.5025
2026-07-23 14:42,QQQ,QQQ260723C00696000,0,0.267,VETO,,down,-0.6531
2026-07-23 14:42,SHIP,SHIP260821C00016000,0,0.016,VETO,,down,-0.92
2026-07-23 14:42,ALLE,ALLE260821C00160000,0,0.067,VETO,,down,-0.8345
2026-07-23 14:42,IGV,IGV260731P00087000,0,0.16,VETO,,down,-1.04
2026-07-23 14:42,AAL,AAL260731C00014000,0,0.21,VETO,,down,-0.6429
2026-07-23 14:51,OPEN,OPEN260821C00004000,1,0.118,VETO,,down,-0.6741
2026-07-23 14:51,ORCL,ORCL260918C00160000,0,0.267,VETO,,vertical,-0.3553
2026-07-23 14:51,SPY,SPY260729P00720000,0,0.267,VETO,,up,0.338
2026-07-23 14:51,OPEN,OPEN280121C00010000,0,0.139,VETO,,vertical,-0.104
2026-07-23 14:51,DIS,DIS260821P00091000,0,0.267,VETO,,down,-0.5307
2026-07-23 14:51,AMZN,AMZN260727C00235000,0,0.267,VETO,,down,-0.5738
2026-07-23 14:51,SPY,SPY260807P00711000,0,0.267,VETO,,vertical,-0.2574
2026-07-23 14:51,QQQ,QQQ260731P00658000,0,0.267,VETO,,up,0.3059
2026-07-23 14:51,ORCL,ORCL260724C00124000,0,0.267,VETO,,down,-0.551
2026-07-23 14:51,NEM,NEM260731C00096000,0,0.16,VETO,,down,-0.6993
2026-07-23 14:51,GM,GM260724P00080000,0,0.21,VETO,,down,-0.635
2026-07-23 14:51,SPXS,SPXS260731C00025000,0,0.118,VETO,,down,-0.77
2026-07-23 14:51,XLU,XLU260724C00045500,0,0.21,VETO,,vertical,-0.34
2026-07-23 14:51,ASTS,ASTS260821C00100000,0,0.21,VETO,,vertical,-0.5366
2026-07-23 14:51,DRAM,DRAM260724P00058500,0,0.21,VETO,,up,0.5685
2026-07-23 14:51,VEEV,VEEV260821P00175000,0,0.16,VETO,,vertical,-0.5886
2026-07-23 15:01,LYFT,LYFT260821P00013000,1,0.139,VETO,,down,-0.5513
2026-07-23 15:01,SPY,SPY260727C00742000,0,0.267,VETO,,down,-0.5407
2026-07-23 15:01,LYFT,LYFT260918P00012000,0,0.158,VETO,,down,-0.7171
2026-07-23 15:01,XOM,XOM261016C00180000,0,0.21,VETO,,vertical,-0.1596
2026-07-23 15:01,SPY,SPY260724C00739000,0,0.267,VETO,,down,-0.6785
2026-07-23 15:01,MDT,MDT260821C00082500,0,0.118,VETO,,vertical,-0.1145
2026-07-23 15:01,QQQ,QQQ260723P00686000,0,0.267,VETO,,up,0.6197
2026-07-23 15:01,GOOG,GOOG260731C00335000,0,0.267,VETO,,vertical,-0.4548
2026-07-23 15:01,CRWV,CRWV260724C00082000,0,0.267,VETO,,down,-0.9563
2026-07-23 15:01,TLT,TLT260828C00084000,0,0.118,VETO,,vertical,-0.0753
2026-07-23 15:01,W,W260731P00080000,0,0.158,VETO,,down,-0.6027
2026-07-23 15:01,SQQQ,SQQQ260814P00043000,0,0.176,VETO,,vertical,-0.3485
2026-07-23 15:01,ONDS,ONDS260807P00008500,0,0.073,VETO,,vertical,-0.0657
2026-07-23 15:01,LYFT,LYFT260731P00015000,0,0.158,VETO,,down,-0.6667
2026-07-23 15:01,TLT,TLT260821P00082500,0,0.118,VETO,,vertical,-0.2378
2026-07-23 15:01,DOCN,DOCN260724C00146000,0,0.16,VETO,,down,-0.8467
2026-07-23 15:01,ASTS,ASTS260731C00070000,0,0.21,VETO,,down,-0.5867
2026-07-23 15:11,IBIT,IBIT260821C00038000,1,0.16,VETO,,down,-0.5448
2026-07-23 15:11,IBIT,IBIT261016C00040000,0,0.16,VETO,,vertical,-0.1914
2026-07-23 15:11,FIVN,FIVN261016C00022500,0,0.073,VETO,,vertical,-0.0156
2026-07-23 15:11,QQQ,QQQ260723P00690000,0,0.267,VETO,,up,0.3632
2026-07-23 15:11,META,META260724C00612500,0,0.267,VETO,,up,0.5113
2026-07-23 15:11,SPY,SPY260724P00737000,0,0.267,VETO,,down,-0.6006
2026-07-23 15:11,CSX,CSX270319P00045000,0,0.099,VETO,,vertical,-0.2774
2026-07-23 15:11,ASTS,ASTS260724C00056000,0,0.21,VETO,,up,0.359
2026-07-23 15:11,DVN,DVN260821C00048000,0,0.16,VETO,,down,-1.0146
2026-07-23 15:11,GLD,GLD260729P00371000,0,0.21,VETO,,vertical,-0.2922
2026-07-23 15:11,SSRM,SSRM261218C00030000,0,0.073,VETO,,vertical,-0.1343
2026-07-23 15:21,SLV,SLV260821P00050000,1,0.176,VETO,,down,-0.5332
2026-07-23 15:21,QQQ,QQQ260723C00690000,0,0.267,VETO,,up,0.387
2026-07-23 15:21,IWM,IWM260821P00276000,0,0.21,VETO,,vertical,-0.1847
2026-07-23 15:21,IWM,IWM260821P00278000,0,0.21,VETO,,vertical,-0.1611
2026-07-23 15:21,LBRT,LBRT260821P00021000,0,0.297,VETO,,up,0.3167
2026-07-23 15:21,NOK,NOK261120P00007000,0,0.21,VETO,,down,-0.83
2026-07-23 15:21,AVGO,AVGO260727C00400000,0,0.267,VETO,,down,-1.0185
2026-07-23 15:21,SLV,SLV270115P00046000,0,0.16,VETO,,vertical,-0.0889
2026-07-23 15:21,QQQ,QQQ260731P00653000,0,0.267,VETO,,down,-0.5218
2026-07-23 15:21,PBF,PBF260821C00070000,0,0.099,VETO,,vertical,-0.4222
2026-07-23 15:21,UNH,UNH260821C00455000,0,0.246,VETO,,vertical,-0.2779
2026-07-23 15:21,MPC,MPC270115P00165000,0,0.16,VETO,,down,-1.2565
2026-07-23 15:21,SOXL,SOXL260724P00140000,0,0.21,VETO,,down,-0.7147
2026-07-23 15:21,CRCL,CRCL260821C00090000,0,0.21,VETO,,down,-1.0656
2026-07-23 15:21,GDDY,GDDY260821P00081000,0,0.099,VETO,,down,-0.5514
2026-07-23 15:21,GDDY,GDDY260821P00082000,0,0.099,VETO,,down,-0.8154
2026-07-23 15:21,ASTS,ASTS270319C00190000,0,0.21,VETO,,vertical,-0.2085
2026-07-23 15:21,QS,QS270115C00005000,0,0.16,VETO,,vertical,-0.1893
2026-07-23 15:32,BSX,BSX260821C00045000,1,0.21,VETO,,down,-0.7835
2026-07-23 15:32,SOFI,SOFI260918C00015000,0,0.139,VETO,,vertical,-0.0725
2026-07-23 15:32,DELL,DELL260731P00375000,0,0.21,VETO,,down,-0.6064
2026-07-23 15:32,C,C260918C00145000,0,0.16,VETO,,vertical,-0.132
2026-07-23 15:32,QQQ,QQQ260723C00691000,0,0.267,VETO,,up,0.8037
2026-07-23 15:32,CCXI,CCXI260918P00015000,0,0.016,VETO,,down,-0.6846
2026-07-23 15:32,BSX,BSX260821C00043000,0,0.21,VETO,,down,-0.7194
2026-07-23 15:32,ASX,ASX260918P00030000,0,0.099,VETO,,down,-0.7824
2026-07-23 15:32,RGTI,RGTI280121P00010000,0,0.16,VETO,,vertical,-0.1532
2026-07-23 15:32,SBUX,SBUX260821P00100000,0,0.158,VETO,,vertical,-0.2176
2026-07-23 15:32,HIMS,HIMS260828C00046000,0,0.21,VETO,,up,0.4522
2026-07-23 15:32,BIDU,BIDU260731C00110000,0,0.118,VETO,,vertical,-0.5615
2026-07-23 15:32,FRMI,FRMI261120C00008000,0,0.21,VETO,,up,0.2926
2026-07-23 15:32,BMNR,BMNR260828P00016500,0,0.16,VETO,,vertical,0.0719
2026-07-23 15:32,PZZA,PZZA261218C00040000,0,0.034,VETO,,vertical,-0.3622
2026-07-23 15:32,LI,LI260731P00012000,0,0.073,VETO,,down,-0.6167
2026-07-23 15:32,HPQ,HPQ260821P00025500,0,0.099,VETO,,down,-0.689
2026-07-23 15:32,MTDR,MTDR260821P00052500,0,0.16,VETO,,down,-0.9185
2026-07-23 15:42,GOOG,GOOG260724C00325000,0,0.267,VETO,,up,0.32
2026-07-23 15:42,SPY,SPY260821P00681000,0,0.267,VETO,,vertical,-0.2279
2026-07-23 15:42,SPY,SPY260831P00669000,0,0.267,VETO,,vertical,-0.209
2026-07-23 15:42,SPY,SPY260831P00670000,0,0.267,VETO,,vertical,-0.2213
2026-07-23 15:42,KRE,KRE261016P00070000,0,0.118,VETO,,vertical,-0.1973
2026-07-23 15:42,PEP,PEP260807P00133000,0,0.246,VETO,,down,-0.5423
2026-07-23 15:42,SOXS,SOXS260724C00047000,0,0.246,VETO,,up,0.2638
2026-07-23 15:42,WDAY,WDAY260731C00135000,0,0.16,VETO,,up,0.2703
2026-07-23 15:42,AVTR,AVTR261016C00012000,0,0.016,VETO,,down,-1.18
2026-07-23 15:52,HYG,HYG260821P00076000,1,0.067,VETO,,down,-1.05
2026-07-23 15:52,SMH,SMH260731C00635000,0,0.21,VETO,,down,-0.6342
2026-07-23 15:52,SPY,SPY260821P00669000,0,0.267,VETO,,vertical,-0.2731
2026-07-23 15:52,IBIT,IBIT260918C00042000,0,0.16,VETO,,vertical,-0.2414
2026-07-23 15:52,SOFI,SOFI270617C00020000,0,0.139,VETO,,vertical,-0.0578
2026-07-23 15:52,UAL,UAL260821P00103000,0,0.16,VETO,,down,-0.6304
2026-07-23 15:52,QCOM,QCOM260724P00167500,0,0.246,VETO,,down,-0.597
2026-07-23 15:52,GOOGL,GOOGL260724C00320000,0,0.267,VETO,,down,-0.7636
2026-07-23 15:52,COIN,COIN261120C00300000,0,0.21,VETO,,vertical,-0.3273
2026-07-23 15:52,CME,CME260821C00275000,0,0.099,VETO,,down,-0.6727
2026-07-23 15:52,BHP,BHP260821P00082500,0,0.139,VETO,,vertical,-0.1356
2026-07-23 15:52,AMT,AMT260821C00180000,0,0.16,VETO,,down,-0.822
2026-07-23 15:52,PYPL,PYPL260731C00060000,0,0.16,VETO,,up,0.2426
2026-07-23 15:52,ACN,ACN260724C00138000,0,0.21,VETO,,down,-0.6229
2026-07-23 15:52,NUAI,NUAI260918C00010000,0,0.067,VETO,,down,-0.8
2026-07-23 15:52,MCHP,MCHP260807C00100000,0,0.16,VETO,,down,-1.0409
2026-07-23 15:52,OKTA,OKTA260724C00139000,0,0.118,VETO,,down,-0.6667
2026-07-23 16:02,PYPL,PYPL260821C00058000,1,0.16,VETO,,down,-0.809
2026-07-23 16:02,IBIT,IBIT260821P00035000,0,0.16,VETO,,vertical,-0.0
2026-07-23 16:02,QQQ,QQQ260724P00680000,0,0.267,VETO,,down,-0.6765
2026-07-23 16:02,PFE,PFE270115P00024000,0,0.073,VETO,,vertical,-0.1553
2026-07-23 16:02,PYPL,PYPL260821C00060000,0,0.16,VETO,,vertical,-0.0538
2026-07-23 16:02,VKTX,VKTX260918C00037500,0,0.16,VETO,,down,-0.6659
2026-07-23 16:02,KBR,KBR260918C00037500,0,0.073,VETO,,down,-0.8024
2026-07-23 16:02,PLTR,PLTR260724P00122000,0,0.267,VETO,,down,-0.554
2026-07-23 16:02,GRPN,GRPN260821C00030000,0,0.016,VETO,,vertical,-0.2233
2026-07-23 16:02,MTCH,MTCH260821C00042500,0,0.118,VETO,,vertical,-0.3417
2026-07-23 16:02,XLY,XLY260918C00112500,0,0.16,VETO,,down,-0.6196
2026-07-23 16:02,AMPL,AMPL260821C00008000,0,0.067,VETO,,vertical,-0.0933
2026-07-23 16:02,ONDS,ONDS270115C00007500,0,0.073,VETO,,vertical,-0.0752
2026-07-23 16:11,SPXS,SPXS260821P00026500,1,0.118,VETO,,down,-0.8441
2026-07-23 16:11,DHR,DHR260724P00187500,0,0.21,VETO,,down,-0.62
2026-07-23 16:11,SPXS,SPXS261016P00029000,0,0.118,VETO,,vertical,-0.1841
2026-07-23 16:11,CLX,CLX260918C00105000,0,0.099,VETO,,vertical,-0.2605
2026-07-23 16:11,SOFI,SOFI260731C00017000,0,0.139,VETO,,vertical,-0.1419
2026-07-23 16:11,IBIT,IBIT270115C00046000,0,0.16,VETO,,vertical,-0.1282
2026-07-23 16:11,RTX,RTX260724C00207500,0,0.139,VETO,,down,-0.5912
2026-07-23 16:11,SIRI,SIRI261016C00031000,0,0.139,VETO,,vertical,-0.0655
2026-07-23 16:11,CLF,CLF260821C00011500,0,0.139,VETO,,down,-0.5143
2026-07-23 16:11,BILL,BILL260731C00042000,0,0.099,VETO,,down,-1.1515
2026-07-23 16:21,UVXY,UVXY260821C00026500,1,0.099,VETO,,vertical,-0.7872
2026-07-23 16:21,SOXL,SOXL260821P00070000,0,0.21,VETO,,vertical,0.0671
2026-07-23 16:21,UVXY,UVXY260724C00022000,0,0.099,VETO,,vertical,-0.3079
2026-07-23 16:21,GOOGL,GOOGL260727C00332500,0,0.267,VETO,,down,-0.576
2026-07-23 16:21,CHTR,CHTR261016C00180000,0,0.139,VETO,,down,-0.6526
2026-07-23 16:21,EQNR,EQNR260821C00041000,0,0.139,VETO,,down,-0.8628
2026-07-23 16:21,W,W260821C00100000,0,0.158,VETO,,up,0.2974
2026-07-23 16:21,SCHW,SCHW260828P00102000,0,0.21,VETO,,vertical,-0.2579
2026-07-23 16:21,GLD,GLD260729P00353000,0,0.21,VETO,,down,-0.6574
2026-07-23 16:21,JBLU,JBLU260821P00005000,0,0.034,VETO,,vertical,-0.4787
2026-07-23 16:21,MSTR,MSTR260821P00075000,0,0.21,VETO,,vertical,-0.1426
2026-07-23 16:21,LMND,LMND260731C00075000,0,0.099,VETO,,down,-0.8481
2026-07-23 16:21,PANW,PANW260807C00390000,0,0.21,VETO,,down,-0.6737
2026-07-23 16:21,XBI,XBI260724C00152000,0,0.118,VETO,,down,-0.8414
2026-07-23 16:21,GDX,GDX260724P00074000,0,0.16,VETO,,down,-1.0763
2026-07-23 16:21,DOW,DOW260821P00030000,0,0.176,VETO,,up,0.7222
2026-07-23 16:21,XLE,XLE260918P00055000,0,0.176,VETO,,vertical,0.0068
2026-07-23 16:32,HPQ,HPQ260821P00024000,1,0.099,VETO,,down,-1.0161
2026-07-23 16:32,SPY,SPY260723P00739000,0,0.267,VETO,,up,0.3099
2026-07-23 16:32,QQQ,QQQ260724P00693000,0,0.267,VETO,,up,0.3861
2026-07-23 16:32,CAPR,CAPR260821C00035000,0,0.067,VETO,,vertical,-0.347
2026-07-23 16:32,BMNR,BMNR260918C00020000,0,0.16,VETO,,vertical,-0.2227
2026-07-23 16:32,CEG,CEG260821P00230000,0,0.118,VETO,,vertical,-0.45
2026-07-23 16:32,ZG,ZG261120P00025000,0,0.067,VETO,,vertical,-0.4756
2026-07-23 16:32,MUU,MUU260821C00050000,0,0.139,VETO,,down,-0.5675
2026-07-23 16:32,HPQ,HPQ260807P00025000,0,0.099,VETO,,down,-0.9175
2026-07-23 16:32,PPC,PPC261218C00030000,0,0.061,VETO,,down,-0.7896
2026-07-23 16:32,AWK,AWK260821C00135000,0,0.099,VETO,,vertical,-0.0823
2026-07-23 16:41,UUUU,UUUU260821P00011500,1,0.099,VETO,,vertical,-0.1481
2026-07-23 16:41,BE,BE260731P00115000,0,0.267,VETO,,down,-1.1402
2026-07-23 16:41,UUUU,UUUU261016P00013000,0,0.099,VETO,,vertical,0.125
2026-07-23 16:41,NVDA,NVDA260724C00210000,0,0.267,VETO,,down,-0.5481
2026-07-23 16:41,TJX,TJX260814P00150000,0,0.176,VETO,,down,-0.7725
2026-07-23 16:41,HIMS,HIMS260918C00043000,0,0.21,VETO,,down,-1.042
2026-07-23 16:41,ONDS,ONDS260724C00007000,0,0.073,VETO,,down,-0.6273
2026-07-23 16:41,GIL,GIL260918C00052500,0,0.099,VETO,,vertical,-0.3817
2026-07-23 16:41,HIMS,HIMS260724C00035000,0,0.21,VETO,,down,-0.62
2026-07-23 16:41,HIMS,HIMS260731P00033500,0,0.21,VETO,,down,-0.5833
2026-07-23 16:41,TLT,TLT260731P00083000,0,0.118,VETO,,down,-0.5119
2026-07-23 16:41,XLE,XLE260807P00057500,0,0.176,VETO,,vertical,-0.1667
2026-07-23 16:52,MAGS,MAGS260821C00066000,1,0.16,VETO,,down,-0.7043
2026-07-23 16:52,QQQ,QQQ260723P00692000,0,0.267,VETO,,up,0.3301
2026-07-23 16:52,QQQ,QQQ260723C00693000,0,0.267,VETO,,down,-0.5489
2026-07-23 16:52,SPCX,SPCX260814P00090000,0,0.267,VETO,,vertical,-0.0091
2026-07-23 16:52,SGI,SGI260821C00075000,0,0.21,VETO,,up,0.3021
2026-07-23 16:52,WEAT,WEAT260821C00027000,0,0.067,VETO,,down,-0.7385
2026-07-23 16:52,HIMS,HIMS260731C00040000,0,0.21,VETO,,down,-0.6465
2026-07-23 16:52,DOW,DOW260724C00030500,0,0.176,VETO,,down,-0.58
2026-07-23 16:52,HIMS,HIMS260821P00030000,0,0.21,VETO,,up,0.2848
2026-07-23 16:52,CFG,CFG260821P00070000,0,0.099,VETO,,down,-0.7865
2026-07-23 16:52,MAGS,MAGS260918C00067000,0,0.16,VETO,,vertical,-0.2
2026-07-23 16:52,PYPL,PYPL260724C00054000,0,0.16,VETO,,vertical,-0.0508
2026-07-23 16:52,TWLO,TWLO260731C00190000,0,0.139,VETO,,up,0.281
2026-07-23 16:52,KRE,KRE260731P00073500,0,0.118,VETO,,down,-0.7826
2026-07-23 16:52,GEV,GEV260918C01100000,0,0.267,VETO,,down,-1.0326
2026-07-23 17:02,IBIT,IBIT261120C00041000,0,0.16,VETO,,vertical,-0.1218
2026-07-23 17:02,SLV,SLV260828P00045000,0,0.16,VETO,,vertical,-0.2064
2026-07-23 17:02,SPY,SPY260728P00719000,0,0.267,VETO,,down,-0.6398
2026-07-23 17:02,FHN,FHN270115C00026000,0,0.009,VETO,,down,-0.8457
2026-07-23 17:02,CRWD,CRWD260724C00188750,0,0.21,VETO,,down,-0.9085
2026-07-23 17:02,VLO,VLO260821C00360000,0,0.118,VETO,,down,-0.5889
2026-07-23 17:02,IBIT,IBIT261130C00044000,0,0.16,VETO,,vertical,-0.1769
2026-07-23 17:02,BA,BA260724P00207500,0,0.267,VETO,,up,0.2964
2026-07-23 17:02,SILJ,SILJ260918C00030000,0,0.099,VETO,,vertical,-0.3354
2026-07-23 17:12,SPCX,SPCX261016C00220000,0,0.267,VETO,,vertical,-0.0268
2026-07-23 17:12,AAPL,AAPL260724C00320000,0,0.267,VETO,,up,1.0817
2026-07-23 17:12,SPY,SPY260723C00738000,0,0.267,VETO,,down,-0.5367
2026-07-23 17:12,AMPL,AMPL261016P00008000,0,0.067,VETO,,down,-0.9667
2026-07-23 17:12,XLE,XLE260918C00062500,0,0.176,VETO,,vertical,-0.1114
2026-07-23 17:12,DVN,DVN260821P00040000,0,0.16,VETO,,down,-0.9875
2026-07-23 17:12,DGX,DGX260821C00230000,0,0.267,VETO,,up,0.3911
2026-07-23 17:12,NBIS,NBIS260724P00210000,0,0.267,VETO,,up,0.5609
2026-07-23 17:12,SLV,SLV260727C00053500,0,0.16,VETO,,down,-0.6094
2026-07-23 17:12,PL,PL270115C00030000,0,0.099,VETO,,vertical,-0.2675
2026-07-23 17:21,XPEV,XPEV260821P00012000,1,0.061,VETO,,down,-0.6217
2026-07-23 17:21,XPEV,XPEV280121P00010000,0,0.061,VETO,,vertical,-0.1311
2026-07-23 17:21,HIMS,HIMS260724P00033000,0,0.21,VETO,,up,0.1887
2026-07-23 17:21,KHC,KHC260918C00025000,0,0.16,VETO,,vertical,0.0303
2026-07-23 17:21,MDB,MDB260821C00420000,0,0.118,VETO,,down,-0.8267
2026-07-23 17:21,HYG,HYG260918C00079000,0,0.061,VETO,,down,-0.5635
2026-07-23 17:32,XLF,XLF260821P00053500,1,0.099,VETO,,down,-0.8329
2026-07-23 17:32,QQQ,QQQ260831P00590000,0,0.267,VETO,,vertical,-0.0554
2026-07-23 17:32,TSLA,TSLA261120C00665000,0,0.267,VETO,,vertical,-0.306
2026-07-23 17:32,KWEB,KWEB260821C00028000,0,0.139,VETO,,vertical,-0.2976
2026-07-23 17:32,NEM,NEM260821C00100000,0,0.16,VETO,,vertical,-0.4557
2026-07-23 17:32,CVS,CVS261120C00130000,0,0.16,VETO,,down,-0.5657
2026-07-23 17:32,WELL,WELL260918C00270000,0,0.139,VETO,,vertical,-0.0167
2026-07-23 17:32,DYN,DYN261218P00022500,0,0.057,VETO,,down,-0.9017
2026-07-23 17:32,CRM,CRM260821C00172500,0,0.267,VETO,,up,0.3698
2026-07-23 17:32,XLF,XLF260731P00056000,0,0.099,VETO,,down,-0.6328
2026-07-23 17:32,VKTX,VKTX260918C00050000,0,0.16,VETO,,down,-1.1071
2026-07-23 17:32,CLMT,CLMT260821P00040000,0,0.073,VETO,,down,-0.6342
2026-07-23 17:32,CLF,CLF260918C00011000,0,0.139,VETO,,down,-1.0219
2026-07-23 17:32,MARA,MARA260821P00013000,0,0.139,VETO,,vertical,0.1779
2026-07-23 17:32,BITX,BITX260918C00015000,0,0.061,VETO,,vertical,-0.25
2026-07-23 17:32,IONS,IONS260918P00055000,0,0.118,VETO,,down,-0.6973
2026-07-23 17:32,ONDS,ONDS270617C00008000,0,0.073,VETO,,vertical,-0.1187
2026-07-23 17:32,FXY,FXY270319P00053000,0,0.073,VETO,,down,-1.1125
2026-07-23 17:32,XBI,XBI260724C00154000,0,0.118,VETO,,down,-0.6667
2026-07-23 17:32,CCL,CCL270115C00032000,0,0.16,VETO,,vertical,0.1135
2026-07-23 17:41,XLB,XLB260821C00052000,1,0.073,VETO,,down,-0.8614
2026-07-23 17:41,QQQ,QQQ260723C00692000,0,0.267,VETO,,down,-0.7945
2026-07-23 17:41,IREN,IREN260821P00035000,0,0.267,VETO,,vertical,0.2385
2026-07-23 17:41,AMZN,AMZN260724P00235000,0,0.267,VETO,,up,0.4085
2026-07-23 17:41,AAL,AAL281215P00008000,0,0.21,VETO,,vertical,-0.1547
2026-07-23 17:41,SPY,SPY260731P00711000,0,0.267,VETO,,down,-0.5121
2026-07-23 17:41,SPY,SPY260731P00710000,0,0.267,VETO,,down,-0.5219
2026-07-23 17:41,XLB,XLB260918C00049000,0,0.073,VETO,,vertical,0.156
2026-07-23 17:41,MSFT,MSFT260821C00450000,0,0.297,VETO,,vertical,-0.1918
2026-07-23 17:41,GM,GM260821P00078000,0,0.21,VETO,,down,-0.532
2026-07-23 17:41,ARM,ARM260724C00300000,0,0.21,VETO,,down,-0.8276
2026-07-23 17:41,TSSI,TSSI270115C00030000,0,0.016,VETO,,down,-0.9778
2026-07-23 17:41,XLI,XLI260821P00175000,0,0.21,VETO,,vertical,-0.4119
2026-07-23 17:41,DAC,DAC260821C00140000,0,0.413,VETO,,up,0.3628
2026-07-23 17:41,IGV,IGV260821P00085000,0,0.16,VETO,,down,-0.7122
2026-07-23 17:41,KPTI,KPTI260918C00007500,0,0.009,VETO,,down,-0.5742
2026-07-23 17:51,SMR,SMR260821C00009000,1,0.099,VETO,,down,-0.5645
2026-07-23 17:51,TQQQ,TQQQ260731P00058000,0,0.21,VETO,,vertical,-0.0381
2026-07-23 17:51,SMR,SMR261120C00012000,0,0.099,VETO,,vertical,-0.3613
2026-07-23 17:51,TSLA,TSLA260918P00250000,0,0.267,VETO,,up,0.3727
2026-07-23 17:51,SKHY,SKHY260724C00180000,0,0.267,VETO,,down,-0.618
2026-07-23 17:51,EWZ,EWZ260918C00038000,0,0.16,VETO,,vertical,-0.1882
2026-07-23 17:51,AMC,AMC260918C00002000,0,0.267,VETO,,up,0.2826
2026-07-23 17:51,CVX,CVX261218C00230000,0,0.16,VETO,,vertical,-0.1494
2026-07-23 17:51,DXCM,DXCM270115C00095000,0,0.099,VETO,,down,-0.8242
2026-07-23 17:51,MARA,MARA260731P00013000,0,0.139,VETO,,down,-0.8784
2026-07-23 17:51,CRWV,CRWV260918C00097500,0,0.267,VETO,,vertical,-0.5708
2026-07-23 18:03,ARKK,ARKK260821P00071000,1,0.21,VETO,,down,-0.5754
2026-07-23 18:03,GFI,GFI261016P00030000,0,0.139,VETO,,down,-0.6585
2026-07-23 18:03,CRM,CRM260724C00157500,0,0.267,VETO,,up,0.4409
2026-07-23 18:03,QQQ,QQQ260821C00740000,0,0.267,VETO,,down,-0.5252
2026-07-23 18:03,INTC,INTC260821P00067500,0,0.267,VETO,,down,-0.6
2026-07-23 18:03,TQQQ,TQQQ260724C00066000,0,0.21,VETO,,down,-0.6901
2026-07-23 18:03,DOCN,DOCN260821C00190000,0,0.16,VETO,,down,-0.639
2026-07-23 18:03,SPY,SPY260727P00717000,0,0.267,VETO,,down,-0.61
2026-07-23 18:03,ARKK,ARKK260807P00071500,0,0.21,VETO,,up,0.2635
2026-07-23 18:03,MSTR,MSTR260724P00097000,0,0.21,VETO,,up,0.5566
2026-07-23 18:03,TMUS,TMUS260724C00177500,0,0.267,VETO,,down,-0.9
2026-07-23 18:03,SMCI,SMCI260724C00030000,0,0.267,VETO,,down,-0.657
2026-07-23 18:03,GBTC,GBTC260918C00055000,0,0.057,VETO,,vertical,-0.5923
2026-07-23 18:03,MKC,MKC260918C00050000,0,0.099,VETO,,vertical,-0.2094
2026-07-23 18:03,XLU,XLU261218P00046000,0,0.21,VETO,,vertical,-0.2634
2026-07-23 18:03,CPNG,CPNG270115P00015000,0,0.099,VETO,,vertical,-0.0809
2026-07-23 18:03,EWTX,EWTX261120C00055000,0,0.16,VETO,,down,-0.7176
2026-07-23 18:03,TQQQ,TQQQ260724C00067000,0,0.21,VETO,,down,-0.8622
2026-07-23 18:03,OKTA,OKTA260821C00155000,0,0.118,VETO,,vertical,-0.0959
2026-07-23 18:12,XLP,XLP260821C00086500,1,0.099,VETO,,down,-0.9978
2026-07-23 18:12,SPY,SPY260731P00700000,0,0.267,VETO,,down,-0.5319
2026-07-23 18:12,VZ,VZ260724C00044500,0,0.267,VETO,,up,0.2313
2026-07-23 18:12,INTC,INTC260724P00095000,0,0.267,VETO,,down,-0.9919
2026-07-23 18:12,INTC,INTC260724P00088000,0,0.267,VETO,,down,-1.0105
2026-07-23 18:12,C,C260821C00132000,0,0.16,VETO,,vertical,-0.015
2026-07-23 18:12,ORCL,ORCL260724P00120000,0,0.267,VETO,,up,0.5027
2026-07-23 18:12,NVDA,NVDA260724P00207500,0,0.267,VETO,,up,0.35
2026-07-23 18:12,TQQQ,TQQQ260821P00050000,0,0.21,VETO,,vertical,-0.0603
2026-07-23 18:12,UPS,UPS260821C00120000,0,0.139,VETO,,vertical,-0.1853
2026-07-23 18:12,BNO,BNO261016C00070000,0,0.16,VETO,,vertical,-0.3111
2026-07-23 18:12,SMCI,SMCI260731P00031000,0,0.267,VETO,,up,0.2972
2026-07-23 18:12,ON,ON260821P00075000,0,0.118,VETO,,down,-0.5587
2026-07-23 18:12,AAL,AAL270115P00012000,0,0.21,VETO,,vertical,-0.248
2026-07-23 18:12,XLP,XLP260821C00085000,0,0.21,VETO,,up,0.3963
2026-07-23 18:12,TQQQ,TQQQ260731C00067000,0,0.21,VETO,,down,-0.5253
2026-07-23 18:12,NBIS,NBIS260731C00300000,0,0.267,VETO,,down,-0.593
2026-07-23 18:12,AAOI,AAOI260724C00125000,0,0.16,VETO,,down,-0.6846
2026-07-23 18:22,XLC,XLC260821C00110000,1,0.139,VETO,,down,-0.8487
2026-07-23 18:22,CRWV,CRWV261120C00175000,0,0.267,VETO,,down,-0.5412
2026-07-23 18:22,SPCX,SPCX260821C00220000,0,0.267,VETO,,vertical,-0.0231
2026-07-23 18:22,NVDA,NVDA260724P00210000,0,0.267,VETO,,down,-0.5226
2026-07-23 18:22,SPY,SPY260729P00708000,0,0.267,VETO,,down,-0.5221
2026-07-23 18:22,ARM,ARM260724C00295000,0,0.21,VETO,,down,-0.6808
2026-07-23 18:22,MSTR,MSTR260821P00080000,0,0.21,VETO,,vertical,-0.0692
2026-07-23 18:22,XLC,XLC260918C00109000,0,0.139,VETO,,down,-0.7884
2026-07-23 18:22,SEI,SEI260918P00047500,0,0.099,VETO,,down,-0.6955
2026-07-23 18:22,SMCI,SMCI260724P00030000,0,0.267,VETO,,up,0.3409
2026-07-23 18:22,HIMS,HIMS260821C00035000,0,0.21,VETO,,down,-0.5542
2026-07-23 18:22,TQQQ,TQQQ260828C00075000,0,0.21,VETO,,vertical,-0.4742
2026-07-23 18:22,RUN,RUN260821P00011000,0,0.139,VETO,,vertical,0.0613
2026-07-23 18:32,TSLA,TSLA260724C00322500,0,0.267,VETO,,down,-0.6519
2026-07-23 18:32,MRVL,MRVL260724P00205000,0,0.267,VETO,,up,0.8259
2026-07-23 18:32,DHR,DHR260731P00190000,0,0.21,VETO,,vertical,-0.3595
2026-07-23 18:32,AMZN,AMZN260724P00232500,0,0.267,VETO,,down,-0.5357
2026-07-23 18:32,IREN,IREN260724P00041500,0,0.267,VETO,,up,0.4325
2026-07-23 18:32,DOW,DOW260918P00027500,0,0.176,VETO,,down,-1.0278
2026-07-23 18:32,ORCL,ORCL260821C00140000,0,0.267,VETO,,vertical,-0.3935
2026-07-23 18:32,IREN,IREN260731P00034000,0,0.267,VETO,,vertical,0.2453
2026-07-23 18:32,ORCL,ORCL260918C00170000,0,0.267,VETO,,vertical,-0.3442
2026-07-23 18:32,AS,AS260821C00032500,0,0.099,VETO,,vertical,-0.0696
2026-07-23 18:32,PYPL,PYPL260807C00061000,0,0.16,VETO,,down,-0.7778
2026-07-23 18:32,TLT,TLT261016P00084000,0,0.118,VETO,,vertical,-0.0455
2026-07-23 18:32,XLE,XLE260821P00056500,0,0.176,VETO,,vertical,-0.0615
2026-07-23 18:32,NMM,NMM260918C00080000,0,0.099,VETO,,down,-0.7475
2026-07-23 18:41,NFLX,NFLX260821C00072000,1,0.267,VETO,,down,-0.5151
2026-07-23 18:41,NFLX,NFLX260918C00070000,0,0.267,VETO,,vertical,0.1086
2026-07-23 18:41,IREN,IREN260821P00036000,0,0.267,VETO,,vertical,0.1649
2026-07-23 18:41,IBIT,IBIT261120C00044000,0,0.16,VETO,,vertical,-0.1724
2026-07-23 18:41,IMAX,IMAX260821P00043000,0,0.16,VETO,,down,-0.7079
2026-07-23 18:41,EPD,EPD260918C00041000,0,0.099,VETO,,down,-0.9545
2026-07-23 18:41,NVDA,NVDA260821P00180000,0,0.267,VETO,,vertical,0.0801
2026-07-23 18:41,ENB,ENB260918C00060000,0,0.073,VETO,,down,-1.0909
2026-07-23 18:41,SPY,SPY260723C00737000,0,0.267,VETO,,down,-0.5899
2026-07-23 18:41,AAL,AAL260821C00014500,0,0.21,VETO,,up,0.3333
2026-07-23 18:41,CSX,CSX260724C00051000,0,0.099,VETO,,vertical,0.16
2026-07-23 18:41,CLF,CLF270617P00012000,0,0.139,VETO,,down,-0.9859
2026-07-23 18:41,OKLO,OKLO260807C00044500,0,0.21,VETO,,down,-0.5356
2026-07-23 18:41,COIN,COIN260731C00205000,0,0.21,VETO,,down,-0.6
2026-07-23 18:41,SOXL,SOXL260821P00051000,0,0.21,VETO,,down,-0.6576
2026-07-23 18:41,DRAM,DRAM260821P00045000,0,0.21,VETO,,vertical,0.2378
2026-07-23 18:41,ENPH,ENPH260821C00055000,0,0.16,VETO,,down,-0.5538
2026-07-23 18:41,REPL,REPL260821C00015000,0,0.016,VETO,,down,-0.7019
2026-07-23 18:53,SPY,SPY260724P00738000,0,0.267,VETO,,down,-0.602
2026-07-23 18:53,NVDA,NVDA260918C00250000,0,0.267,VETO,,vertical,-0.1827
2026-07-23 18:53,SPCX,SPCX260724C00117000,0,0.267,VETO,,down,-0.71
2026-07-23 18:53,INTC,INTC260727C00110000,0,0.267,VETO,,down,-0.9984
2026-07-23 18:53,HELP,HELP261218C00010000,0,0.009,VETO,,vertical,-0.142
2026-07-23 18:53,IREN,IREN260731C00045000,0,0.267,VETO,,down,-0.5778
2026-07-23 18:53,TTWO,TTWO260724C00230000,0,0.139,VETO,,down,-0.8271
2026-07-23 18:53,DVN,DVN260814C00048000,0,0.16,VETO,,down,-1.0
2026-07-23 18:53,XOP,XOP260821C00185000,0,0.16,VETO,,vertical,-0.3769
2026-07-23 18:53,EWY,EWY260731C00185000,0,0.176,VETO,,down,-0.6576
2026-07-23 18:53,XPEV,XPEV260918C00013000,0,0.061,VETO,,vertical,-0.3044
2026-07-23 18:53,ZTS,ZTS261016P00070000,0,0.067,VETO,,vertical,-0.3128
2026-07-23 18:53,COIN,COIN260731P00130000,0,0.21,VETO,,down,-1.0303
2026-07-23 18:53,CHTR,CHTR260724C00143000,0,0.139,VETO,,down,-0.9797
2026-07-23 18:53,BMRN,BMRN261016P00057500,0,0.139,VETO,,down,-0.5622
2026-07-23 18:53,SLV,SLV260828P00042000,0,0.16,VETO,,vertical,-0.3378
2026-07-23 19:01,EOSE,EOSE260821C00004000,1,0.099,VETO,,down,-0.9176
2026-07-23 19:01,EOSE,EOSE270115C00006000,0,0.099,VETO,,down,-0.6289
2026-07-23 19:01,SPY,SPY260828P00675000,0,0.267,VETO,,vertical,-0.2058
2026-07-23 19:01,IWM,IWM260731P00285000,0,0.21,VETO,,down,-0.5242
2026-07-23 19:01,QQQ,QQQ260831P00600000,0,0.267,VETO,,vertical,-0.0443
2026-07-23 19:01,IWM,IWM260807P00272000,0,0.21,VETO,,vertical,-0.3011
2026-07-23 19:01,NOW,NOW260724P00095000,0,0.21,VETO,,down,-0.7016
2026-07-23 19:01,BMNR,BMNR270115C00020000,0,0.16,VETO,,vertical,-0.215
2026-07-23 19:01,WRBY,WRBY260807C00027000,0,0.073,VETO,,down,-1.1519
2026-07-23 19:01,LQDA,LQDA260731P00088000,0,0.016,VETO,,down,-0.9639
2026-07-23 19:01,APA,APA260821C00039000,0,0.099,VETO,,vertical,-0.4016
2026-07-23 19:01,SOFI,SOFI271217C00030000,0,0.139,VETO,,vertical,-0.1
2026-07-23 19:01,LQDA,LQDA260731P00089000,0,0.016,VETO,,down,-0.7825
2026-07-23 19:12,QQQ,QQQ260724P00682000,0,0.267,VETO,,down,-0.633
2026-07-23 19:12,IWM,IWM260821P00277000,0,0.21,VETO,,vertical,-0.1269
2026-07-23 19:12,EXE,EXE260821C00095000,0,0.099,VETO,,vertical,-0.3538
2026-07-23 19:12,PLTR,PLTR260724P00123000,0,0.267,VETO,,down,-0.8199
2026-07-23 19:12,IREN,IREN260731P00037000,0,0.267,VETO,,up,0.3528
2026-07-23 19:12,AXTI,AXTI260724C00056000,0,0.139,VETO,,down,-0.7967
2026-07-23 19:12,IREN,IREN260731P00039000,0,0.267,VETO,,up,0.325
2026-07-23 19:12,LULU,LULU260724C00109000,0,0.118,VETO,,down,-0.607
2026-07-23 19:12,SLV,SLV260731P00050000,0,0.16,VETO,,down,-0.5352
2026-07-23 19:12,ARKK,ARKK260918C00080000,0,0.21,VETO,,vertical,-0.3353
2026-07-23 19:12,IREN,IREN260724P00040000,0,0.267,VETO,,up,0.2826
2026-07-23 19:21,RKT,RKT260821C00013500,1,0.099,VETO,,down,-0.5464
2026-07-23 19:21,WYNN,WYNN270115C00115000,0,0.139,VETO,,vertical,-0.1468
2026-07-23 19:21,IREN,IREN260821P00034000,0,0.267,VETO,,vertical,0.1492
2026-07-23 19:21,SPCX,SPCX260724C00116000,0,0.267,VETO,,up,0.3339
2026-07-23 19:21,CRWD,CRWD260724C00185000,0,0.21,VETO,,down,-0.5923
2026-07-23 19:21,NOW,NOW270115C00150000,0,0.21,VETO,,vertical,0.2812
2026-07-23 19:21,DECK,DECK260731C00102000,0,0.139,VETO,,down,-0.7757
2026-07-23 19:21,CCL,CCL260918P00027000,0,0.16,VETO,,vertical,-0.2114
2026-07-23 19:21,RKT,RKT260731C00012000,0,0.099,VETO,,vertical,0.0143
2026-07-23 19:21,IREN,IREN260821P00027000,0,0.267,VETO,,vertical,0.0417
2026-07-23 19:21,HYG,HYG260807P00079000,0,0.061,VETO,,down,-0.8333
2026-07-23 19:21,KRE,KRE261016C00075000,0,0.118,VETO,,vertical,0.0653
2026-07-23 19:21,CRCL,CRCL260724P00060000,0,0.21,VETO,,down,-1.0083
2026-07-23 19:21,IREN,IREN260828C00052000,0,0.267,VETO,,down,-0.5833
2026-07-23 19:21,CRCL,CRCL261016C00090000,0,0.21,VETO,,vertical,-0.0912
2026-07-23 19:21,SLV,SLV261120C00072000,0,0.16,VETO,,vertical,0.0
2026-07-23 19:21,BABA,BABA270617P00115000,0,0.267,VETO,,vertical,-0.0813
2026-07-23 19:21,TER,TER260807P00320000,0,0.099,VETO,,vertical,0.0086
2026-07-23 19:21,TSLA,TSLA271217C00350000,0,0.267,VETO,,vertical,-0.0784
2026-07-23 19:21,CVNA,CVNA270319C00060000,0,0.139,VETO,,vertical,-0.0417
2026-07-23 19:21,CRWD,CRWD280121P00150000,0,0.21,VETO,,vertical,-0.1704
2026-07-23 19:31,U,U260821C00030000,1,0.139,VETO,,vertical,-0.4641
2026-07-23 19:31,IREN,IREN260731P00038500,0,0.267,VETO,,up,0.2821
2026-07-23 19:31,CZR,CZR260821C00031000,0,0.118,VETO,,down,-1.1667
2026-07-23 19:31,IREN,IREN260807P00038000,0,0.267,VETO,,vertical,0.1921
2026-07-23 19:31,UBER,UBER270617C00100000,0,0.267,VETO,,vertical,-0.2114
2026-07-23 19:31,SPY,SPY260918P00655000,0,0.267,VETO,,vertical,-0.1223
2026-07-23 19:31,IREN,IREN260807P00036000,0,0.267,VETO,,vertical,0.2668
2026-07-23 19:31,U,U260821P00028000,0,0.139,VETO,,vertical,-0.0922
2026-07-23 19:31,OHI,OHI260918C00050000,0,0.073,VETO,,vertical,0.1674
2026-07-23 19:31,MARA,MARA260814C00011500,0,0.139,VETO,,vertical,-0.4152
2026-07-23 19:31,TLT,TLT260814C00082000,0,0.118,VETO,,vertical,-0.0506
2026-07-23 19:42,CSX,CSX260821C00055000,1,0.099,VETO,,down,-0.7605
2026-07-23 19:42,NVDA,NVDA260727C00212500,0,0.267,VETO,,down,-0.625
2026-07-23 19:42,CSX,CSX270115C00060000,0,0.099,VETO,,vertical,-0.2029
2026-07-23 19:42,SAP,SAP260724C00155000,0,0.267,VETO,,up,0.4281
2026-07-23 19:42,INTC,INTC260724C00110000,0,0.267,VETO,,down,-0.9135
2026-07-23 19:42,SPY,SPY260724P00736000,0,0.267,VETO,,down,-0.605
2026-07-23 19:42,WBD,WBD260821P00026000,0,0.118,VETO,,down,-0.7923
2026-07-23 19:42,HPQ,HPQ260724P00024500,0,0.099,VETO,,down,-1.0469
2026-07-23 19:42,SMCI,SMCI260724C00031000,0,0.267,VETO,,down,-0.7926
2026-07-23 19:42,RKLB,RKLB260724C00071000,0,0.176,VETO,,down,-0.819
2026-07-23 19:42,RNG,RNG260731C00042000,0,0.118,VETO,,down,-0.7324
2026-07-23 19:42,SMCI,SMCI260731P00029500,0,0.267,VETO,,up,0.4118
2026-07-23 19:51,XRT,XRT260828P00082500,1,0.139,VETO,,down,-1.0199
2026-07-23 19:51,XLY,XLY260814P00108000,0,0.16,VETO,,down,-0.9152
2026-07-23 19:51,XRT,XRT260918P00085000,0,0.118,VETO,,vertical,-0.2883
2026-07-23 19:51,IGV,IGV260724P00090000,0,0.16,VETO,,down,-0.7355
2026-07-23 19:51,ARM,ARM260724P00257500,0,0.21,VETO,,down,-1.0607
2026-07-23 19:51,NOK,NOK270115C00020000,0,0.21,VETO,,vertical,-0.375
2026-07-23 19:51,KRE,KRE260731C00074500,0,0.118,VETO,,up,0.3079
2026-07-23 19:51,SLV,SLV260731P00049000,0,0.16,VETO,,down,-0.6354
2026-07-23 19:59,FRMI,FRMI260821C00006500,1,0.267,VETO,,up,0.3357
2026-07-23 19:59,XLE,XLE261016C00062000,0,0.176,VETO,,vertical,-0.015
2026-07-23 19:59,EOG,EOG260828C00155000,0,0.099,VETO,,down,-1.1689
2026-07-23 19:59,SPY,SPY260724P00734000,0,0.267,VETO,,down,-0.6197
2026-07-23 19:59,VLO,VLO260724P00300000,0,0.118,VETO,,down,-1.08
2026-07-23 19:59,SPY,SPY260724P00735000,0,0.267,VETO,,down,-0.5475
2026-07-23 19:59,AMZN,AMZN260724C00235000,0,0.267,VETO,,down,-0.7705
2026-07-23 19:59,SPCX,SPCX260724C00115000,0,0.267,VETO,,down,-0.5293
2026-07-23 19:59,TQQQ,TQQQ260731C00071500,0,0.21,VETO,,down,-0.5727
2026-07-23 19:59,SOXX,SOXX260724P00530000,0,0.21,VETO,,down,-1.1473
2026-07-23 19:59,FCEL,FCEL260814C00030000,0,0.073,VETO,,down,-0.5706
2026-07-23 19:59,BIOA,BIOA260821P00020000,0,0.016,VETO,,down,-0.7279
2026-07-24 13:32,CLF,CLF260821P00011500,1,0.073,VETO,,vertical,-0.7118
2026-07-24 13:32,GOOGL,GOOGL260724C00320000,0,0.21,VETO,,up,0.2583
2026-07-24 13:32,GOOGL,GOOGL260727P00317500,0,0.21,VETO,,down,-0.843
2026-07-24 13:32,MSFT,MSFT260731C00435000,0,0.21,VETO,,vertical,-0.57
2026-07-24 13:32,SMCI,SMCI260918C00035000,0,0.073,VETO,,vertical,-0.2551
2026-07-24 13:32,SPY,SPY260727C00738000,0,0.267,VETO,,up,0.3564
2026-07-24 13:32,NFLX,NFLX261016P00065000,0,0.073,VETO,,vertical,-0.3177
2026-07-24 13:32,DRAM,DRAM260731C00061000,0,0.099,VETO,,down,-0.5367
2026-07-24 13:32,QQQ,QQQ260724C00691000,0,0.267,VETO,,down,-0.7925
2026-07-24 13:32,ADBE,ADBE260724C00217500,0,0.118,VETO,,down,-0.75
2026-07-24 13:32,NOW,NOW260731C00095000,0,0.16,VETO,,up,0.1927
2026-07-24 13:32,SOXL,SOXL260731P00084000,0,0.16,VETO,,down,-0.6457
2026-07-24 13:32,SOXL,SOXL260724P00139000,0,0.16,VETO,,down,-0.822
2026-07-24 13:32,CLF,CLF260821P00012000,0,0.067,VETO,,vertical,-0.2358
2026-07-24 13:32,AG,AG270115P00015000,0,0.016,VETO,,vertical,-0.0411
2026-07-24 13:32,SOXL,SOXL260724P00141000,0,0.16,VETO,,down,-0.8734
2026-07-24 13:41,CMCSA,CMCSA260821C00023000,1,0.091,VETO,,vertical,-0.3834
2026-07-24 13:41,AAPL,AAPL261120C00400000,0,0.21,VETO,,up,0.295
2026-07-24 13:41,ORCL,ORCL260724C00123000,0,0.267,VETO,,down,-0.8472
2026-07-24 13:41,TSLA,TSLA260724P00310000,0,0.21,VETO,,up,0.9241
2026-07-24 13:41,SPY,SPY260727P00739000,0,0.267,VETO,,down,-0.5197
2026-07-24 13:41,SPCX,SPCX260731C00121000,0,0.267,VETO,,vertical,-0.08
2026-07-24 13:41,NVDA,NVDA260724C00205000,0,0.21,VETO,,up,0.6175
2026-07-24 13:41,QQQ,QQQ260731P00640000,0,0.267,VETO,,up,0.4266
2026-07-24 13:41,CVX,CVX260724C00195000,0,0.099,VETO,,down,-0.6489
2026-07-24 13:41,XRT,XRT260918P00085000,0,0.057,VETO,,vertical,-0.3036
2026-07-24 13:41,SLV,SLV260821C00052500,0,0.067,VETO,,vertical,-0.0589
2026-07-24 13:41,MSTR,MSTR260821P00080000,0,0.099,VETO,,vertical,-0.1449
2026-07-24 13:41,EWY,EWY260731C00180000,0,0.073,VETO,,down,-0.7742
2026-07-24 13:52,XLE,XLE260821C00062000,1,0.118,VETO,,down,-0.5596
2026-07-24 13:52,INTC,INTC260727P00098000,0,0.21,VETO,,up,0.3349
2026-07-24 13:52,INTC,INTC260821P00080000,0,0.21,VETO,,vertical,0.2601
2026-07-24 13:52,QQQ,QQQ260724P00688000,0,0.267,VETO,,up,0.7241
2026-07-24 13:52,MSFT,MSFT260724P00382500,0,0.21,VETO,,down,-0.7085
2026-07-24 13:52,SPY,SPY260724P00741000,0,0.267,VETO,,up,0.4804
2026-07-24 13:52,SPY,SPY260729P00736000,0,0.267,VETO,,vertical,-0.1375
2026-07-24 13:52,ORCL,ORCL260724C00118000,0,0.267,VETO,,down,-0.6299
2026-07-24 13:52,AMC,AMC260821C00002000,0,0.073,VETO,,vertical,-0.1413
2026-07-24 13:52,CRCL,CRCL260821C00080000,0,0.073,VETO,,vertical,-0.0142
2026-07-24 13:52,XLE,XLE260731C00061000,0,0.118,VETO,,up,0.2812
2026-07-24 13:52,COIN,COIN260724C00155000,0,0.061,VETO,,down,-0.6
2026-07-24 13:52,COIN,COIN260731P00135000,0,0.061,VETO,,vertical,-0.2785
2026-07-24 13:52,SPY,SPY260728C00726000,0,0.267,VETO,,vertical,-0.0906
2026-07-24 14:04,QQQ,QQQ260727P00680000,0,0.267,VETO,,down,-0.5431
2026-07-24 14:04,QQQ,QQQ260724P00683000,0,0.267,VETO,,down,-0.5649
2026-07-24 14:04,MXL,MXL260821P00065000,0,0.21,VETO,,up,0.261
2026-07-24 14:04,HOOD,HOOD260724P00097000,0,0.176,VETO,,up,0.9972
2026-07-24 14:04,GLW,GLW260724P00152500,0,0.099,VETO,,down,-0.7571
2026-07-24 14:04,NFLX,NFLX260724P00073000,0,0.073,VETO,,vertical,-0.3468
2026-07-24 14:04,CSX,CSX270115C00060000,0,0.016,VETO,,vertical,-0.0656
2026-07-24 14:04,RIVN,RIVN260731C00018000,0,0.016,VETO,,vertical,-0.4762
2026-07-24 14:04,BABA,BABA260807C00114000,0,0.073,VETO,,vertical,-0.2863
2026-07-24 14:04,RKLB,RKLB260821C00110000,0,0.061,VETO,,vertical,-0.3646
2026-07-24 14:04,SNXX,SNXX260731C00019000,0,0.099,VETO,,down,-0.6967
2026-07-24 14:04,EEM,EEM261120P00040000,0,0.016,VETO,,down,-0.7317
2026-07-24 14:04,LMND,LMND260821C00070000,0,0.016,VETO,,vertical,-0.3662
2026-07-24 14:04,APLD,APLD260731C00030000,0,0.067,VETO,,vertical,-0.3631
2026-07-24 14:04,TLT,TLT260918C00085000,0,0.034,VETO,,vertical,-0.1319
2026-07-24 14:04,EWY,EWY261016C00255000,0,0.073,VETO,,vertical,-0.4788
2026-07-24 14:04,GLD,GLD260807C00385000,0,0.176,VETO,,vertical,-0.2671
2026-07-24 14:04,SMH,SMH260821P00550000,0,0.16,VETO,,vertical,-0.0032
2026-07-24 14:12,NOK,NOK280121C00012000,0,0.073,VETO,,vertical,-0.0963
2026-07-24 14:12,SOFI,SOFI260918P00018000,0,0.057,VETO,,vertical,-0.0392
2026-07-24 14:12,SPY,SPY270319C00950000,0,0.267,VETO,,vertical,-0.0957
2026-07-24 14:12,SPY,SPY260724P00738000,0,0.267,VETO,,up,0.4299
2026-07-24 14:12,EWY,EWY260724P00167000,0,0.073,VETO,,down,-0.6718
2026-07-24 14:12,UNH,UNH260821C00470000,0,0.073,VETO,,vertical,-0.4235
2026-07-24 14:12,MRX,MRX261218P00050000,0,0.016,VETO,,vertical,-0.7047
2026-07-24 14:12,TLT,TLT280121C00090000,0,0.034,VETO,,vertical,-0.012
2026-07-24 14:12,WULF,WULF260821C00028000,0,0.034,VETO,,down,-0.6757
2026-07-24 14:21,WMT,WMT260821P00104000,1,0.099,VETO,,down,-0.5321
2026-07-24 14:21,CSCO,CSCO261016P00095000,0,0.099,VETO,,vertical,-0.2203
2026-07-24 14:21,WMT,WMT260821P00109000,0,0.099,VETO,,vertical,-0.1507
2026-07-24 14:21,QQQ,QQQ260724P00685000,0,0.267,VETO,,down,-0.6373
2026-07-24 14:21,SPY,SPY260730P00726000,0,0.267,VETO,,down,-0.5041
2026-07-24 14:21,DELL,DELL260807P00345000,0,0.21,VETO,,vertical,-0.2176
2026-07-24 14:21,TQQQ,TQQQ260821P00045000,0,0.099,VETO,,vertical,-0.3059
2026-07-24 14:21,TSLA,TSLA260727P00310000,0,0.21,VETO,,up,0.3971
2026-07-24 14:21,ORCL,ORCL260731P00106000,0,0.267,VETO,,vertical,0.0708
2026-07-24 14:21,TLT,TLT260918C00084000,0,0.034,VETO,,vertical,-0.1227
2026-07-24 14:21,IREN,IREN260821C00055000,0,0.16,VETO,,vertical,-0.1963
2026-07-24 14:21,CRDO,CRDO260724C00220000,0,0.067,VETO,,down,-0.908
2026-07-24 14:21,BABA,BABA260821P00100000,0,0.073,VETO,,vertical,-0.2107
2026-07-24 14:21,BABA,BABA260731C00113000,0,0.073,VETO,,vertical,-0.198
2026-07-24 14:31,SLB,SLB260821P00049500,1,0.073,VETO,,down,-0.6853
2026-07-24 14:31,SPY,SPY260731C00745000,0,0.267,VETO,,up,0.3513
2026-07-24 14:31,ENPH,ENPH261120C00070000,0,0.016,VETO,,vertical,-0.3853
2026-07-24 14:31,WULF,WULF260918P00017000,0,0.034,VETO,,vertical,0.0879
2026-07-24 14:31,SLB,SLB260918P00050000,0,0.073,VETO,,vertical,-0.1816
2026-07-24 14:31,SPY,SPY260731P00707000,0,0.267,VETO,,vertical,-0.0069
2026-07-24 14:31,VST,VST260821C00195000,0,0.061,VETO,,vertical,-0.5637
2026-07-24 14:31,BSX,BSX270115C00060000,0,0.057,VETO,,vertical,-0.1225
2026-07-24 14:31,IBIT,IBIT260821C00035000,0,0.067,VETO,,vertical,0.0614
2026-07-24 14:31,DVN,DVN260821C00046000,0,0.016,VETO,,vertical,-0.2375
2026-07-24 14:31,TLT,TLT270115C00092000,0,0.034,VETO,,vertical,-0.16
2026-07-24 14:31,ZM,ZM260821C00095000,0,0.016,VETO,,vertical,-0.0216
2026-07-24 14:31,EWY,EWY260724P00165000,0,0.073,VETO,,down,-0.8051
2026-07-24 14:31,ON,ON260731C00096000,0,0.016,VETO,,down,-0.6089
2026-07-24 14:31,CRWV,CRWV260724C00075000,0,0.139,VETO,,down,-0.537
2026-07-24 14:31,NBIS,NBIS260821C00300000,0,0.139,VETO,,vertical,-0.3357
2026-07-24 14:41,PAAS,PAAS260821C00046000,1,0.016,VETO,,vertical,-0.5935
2026-07-24 14:41,NVDA,NVDA260727P00205000,0,0.21,VETO,,down,-0.5746
2026-07-24 14:41,IBIT,IBIT261218P00027000,0,0.067,VETO,,vertical,-0.0625
2026-07-24 14:41,QQQ,QQQ260724P00684000,0,0.267,VETO,,down,-0.6564
2026-07-24 14:41,NVDA,NVDA260729P00200000,0,0.21,VETO,,down,-0.5531
2026-07-24 14:41,SOFI,SOFI270617C00020000,0,0.057,VETO,,vertical,-0.0355
2026-07-24 14:41,SIL,SIL261016C00090000,0,0.016,VETO,,vertical,-0.1812
2026-07-24 14:41,PAAS,PAAS261120C00060000,0,0.016,VETO,,vertical,-0.2543
2026-07-24 14:41,TQQQ,TQQQ260731C00065000,0,0.099,VETO,,up,0.3137
2026-07-24 14:52,GEHC,GEHC260821P00058000,1,0.016,VETO,,down,-1.0534
2026-07-24 14:52,DVN,DVN261218C00057500,0,0.016,VETO,,vertical,-0.4593
2026-07-24 14:52,INTC,INTC260731C00100000,0,0.21,VETO,,vertical,-0.375
2026-07-24 14:52,AAPL,AAPL260724C00330000,0,0.21,VETO,,up,0.8515
2026-07-24 14:52,ETR,ETR260918C00120000,0,0.099,VETO,,vertical,-0.2111
2026-07-24 14:52,CRWV,CRWV260731P00070000,0,0.139,VETO,,vertical,0.3149
2026-07-24 14:52,TSLA,TSLA260724P00312500,0,0.21,VETO,,up,0.4358
2026-07-24 14:52,CLF,CLF260821P00011000,0,0.067,VETO,,down,-0.5541
2026-07-24 14:52,GEHC,GEHC260821P00061000,0,0.016,VETO,,vertical,-0.0145
2026-07-24 14:52,AAL,AAL260821C00014000,0,0.073,VETO,,vertical,0.1647
2026-07-24 14:52,GLXY,GLXY260918P00022500,0,0.034,VETO,,vertical,-0.0067
2026-07-24 14:52,KRE,KRE261016P00075000,0,0.034,VETO,,vertical,-0.1046
2026-07-24 14:52,MAGS,MAGS260918P00065000,0,0.016,VETO,,vertical,-0.1486
2026-07-24 14:52,BAX,BAX260724C00021500,0,0.009,VETO,,vertical,-1.05
2026-07-24 14:52,DOCS,DOCS260918C00022500,0,0.009,VETO,,vertical,-0.2455
2026-07-24 14:52,SOXL,SOXL260731P00094000,0,0.16,VETO,,down,-0.625
2026-07-24 14:52,CLSK,CLSK260731C00014500,0,0.061,VETO,,vertical,-0.2449
2026-07-24 14:52,ARKG,ARKG260821P00035000,0,0.016,VETO,,vertical,-0.52
2026-07-24 15:02,PURR,PURR260821C00006500,1,0.016,VETO,,vertical,-0.5872
2026-07-24 15:02,QQQ,QQQ260724C00688000,0,0.267,VETO,,up,0.3275
2026-07-24 15:02,TSLA,TSLA260724C00310000,0,0.21,VETO,,down,-0.5203
2026-07-24 15:02,IWM,IWM261016P00250000,0,0.139,VETO,,vertical,-0.0399
2026-07-24 15:02,NVDA,NVDA260724C00207500,0,0.21,VETO,,up,0.316
2026-07-24 15:02,HOOD,HOOD260724C00094000,0,0.176,VETO,,up,0.4375
2026-07-24 15:02,QQQ,QQQ260724C00686000,0,0.267,VETO,,up,0.3096
2026-07-24 15:02,GLD,GLD260828C00430000,0,0.176,VETO,,vertical,-0.4535
2026-07-24 15:02,TMUS,TMUS260821C00195000,0,0.073,VETO,,vertical,-0.215
2026-07-24 15:02,PURR,PURR261218C00010000,0,0.016,VETO,,vertical,-0.405
2026-07-24 15:02,BMNR,BMNR260807C00016000,0,0.034,VETO,,vertical,-0.1211
2026-07-24 15:02,ON,ON260828C00130000,0,0.016,VETO,,down,-0.7697
2026-07-24 15:02,SOXS,SOXS260731C00062000,0,0.267,VETO,,vertical,-0.2138
2026-07-24 15:04,ABT,ABT260821C00108000,1,0.016,VETO,,down,-0.6989
2026-07-24 15:04,LYB,LYB260821C00060000,0,0.016,VETO,,vertical,-0.1692
2026-07-24 15:04,RSP,RSP260821P00210000,0,0.016,VETO,,vertical,-0.28
2026-07-24 15:04,SWKS,SWKS261120C00100000,0,0.034,VETO,,vertical,-0.4621
2026-07-24 15:04,CELH,CELH261016P00025000,0,0.009,VETO,,vertical,-0.1265
2026-07-24 15:04,ABT,ABT260731C00100000,0,0.016,VETO,,vertical,-0.1659
2026-07-24 15:04,CORZ,CORZ260731C00023000,0,0.118,VETO,,vertical,-0.3207
2026-07-24 15:04,FCX,FCX260731P00060000,0,0.067,VETO,,vertical,-0.4259
2026-07-24 15:04,FRMI,FRMI260731C00007500,0,0.099,VETO,,up,0.2375
2026-07-24 15:04,CVNA,CVNA260918C00090000,0,0.016,VETO,,vertical,-0.2887
2026-07-24 15:04,METC,METC260821C00011000,0,0.009,VETO,,vertical,-0.1409
2026-07-24 15:04,METC,METC260821C00012000,0,0.009,VETO,,vertical,-0.24
2026-07-24 15:04,GOOG,GOOG280121C00330000,0,0.21,VETO,,vertical,-0.0497
2026-07-24 15:12,ZIM,ZIM260821C00026500,1,0.009,VETO,,down,-2.0
2026-07-24 15:12,VNQ,VNQ260918C00100000,0,0.016,VETO,,vertical,-0.0882
2026-07-24 15:12,SPY,SPY260731P00725000,0,0.267,VETO,,up,0.3213
2026-07-24 15:12,IWM,IWM260730P00283000,0,0.139,VETO,,vertical,0.0256
2026-07-24 15:12,SQQQ,SQQQ260807C00060000,0,0.21,VETO,,down,-0.6429
2026-07-24 15:12,NVDA,NVDA260724C00210000,0,0.21,VETO,,up,0.5784
2026-07-24 15:12,ZIM,ZIM260821C00026000,0,0.009,VETO,,down,-0.9089
2026-07-24 15:12,XBI,XBI260731P00147000,0,0.016,VETO,,down,-0.6437
2026-07-24 15:12,PEP,PEP260807P00137000,0,0.099,VETO,,vertical,-0.4029
2026-07-24 15:12,IBM,IBM260821C00250000,0,0.21,VETO,,vertical,-0.0171
2026-07-24 15:12,AAL,AAL270115C00015000,0,0.073,VETO,,vertical,0.0291
2026-07-24 15:12,CRWV,CRWV260724C00074000,0,0.139,VETO,,up,0.34
2026-07-24 15:12,WDAY,WDAY260918C00190000,0,0.067,VETO,,vertical,-0.585
2026-07-24 15:21,PYPL,PYPL260821C00058000,1,0.099,VETO,,down,-0.7337
2026-07-24 15:21,IWM,IWM260731P00283000,0,0.139,VETO,,up,0.3889
2026-07-24 15:21,CVNA,CVNA270115P00040000,0,0.016,VETO,,vertical,-0.0873
2026-07-24 15:21,SKHY,SKHY260807P00100000,0,0.21,VETO,,vertical,-0.5167
2026-07-24 15:21,PYPL,PYPL260731C00056000,0,0.099,VETO,,vertical,0.0298
2026-07-24 15:21,PYPL,PYPL260724P00056000,0,0.099,VETO,,down,-0.8226
2026-07-24 15:21,NKE,NKE260918P00042500,0,0.067,VETO,,vertical,-0.0772
2026-07-24 15:21,SO,SO260814C00102000,0,0.016,VETO,,down,-1.3115
2026-07-24 15:21,BKR,BKR261016C00065000,0,0.016,VETO,,vertical,-0.2389
2026-07-24 15:21,GAP,GAP260918P00019000,0,0.009,VETO,,vertical,-0.0133
2026-07-24 15:21,NOW,NOW261120C00170000,0,0.16,VETO,,vertical,-0.2036
2026-07-24 15:21,USO,USO260731C00160000,0,0.118,VETO,,down,-0.9369
2026-07-24 15:21,CVNA,CVNA260731C00063000,0,0.016,VETO,,vertical,-0.1027
2026-07-24 15:21,HYG,HYG260821P00079000,0,0.034,VETO,,vertical,-0.102
2026-07-24 15:21,TQQQ,TQQQ260724P00066000,0,0.099,VETO,,down,-0.5309
2026-07-24 15:21,OPEN,OPEN280121C00005000,0,0.073,VETO,,vertical,-0.218
2026-07-24 15:32,TSLL,TSLL260828C00007500,1,0.073,VETO,,vertical,-0.3153
2026-07-24 15:32,CRCL,CRCL260814C00070000,0,0.073,VETO,,vertical,-0.1836
2026-07-24 15:32,QQQ,QQQ260730P00650000,0,0.267,VETO,,up,0.3689
2026-07-24 15:32,SPY,SPY260727C00743000,0,0.267,VETO,,down,-0.5989
2026-07-24 15:32,HELP,HELP261218C00010000,0,0.0,VETO,,vertical,-0.3121
2026-07-24 15:32,GEO,GEO260821C00032000,0,0.0,VETO,,vertical,-0.4311
2026-07-24 15:32,TLT,TLT260805C00084000,0,0.034,VETO,,vertical,-0.4189
2026-07-24 15:32,MDB,MDB260814C00390000,0,0.061,VETO,,down,-0.7854
2026-07-24 15:32,GEO,GEO260821C00033000,0,0.0,VETO,,vertical,-0.4
2026-07-24 15:32,IREN,IREN261016P00029000,0,0.16,VETO,,vertical,-0.0115
2026-07-24 15:32,TSLL,TSLL270115C00015000,0,0.067,VETO,,vertical,-0.0816
2026-07-24 15:32,CHWY,CHWY260918C00025000,0,0.016,VETO,,vertical,-0.1538
2026-07-24 15:32,CRWV,CRWV260807P00065000,0,0.139,VETO,,vertical,0.1977
2026-07-24 15:32,LUV,LUV260904P00048000,0,0.016,VETO,,vertical,-0.2247
2026-07-24 15:32,FXI,FXI260821C00035000,0,0.009,VETO,,vertical,-0.2733
2026-07-24 15:32,FIGR,FIGR260731C00029000,0,0.016,VETO,,down,-0.5923
2026-07-24 15:32,LMND,LMND260807C00069000,0,0.016,VETO,,vertical,-0.4085
2026-07-24 15:32,EWJ,EWJ260821P00093000,0,0.016,VETO,,vertical,-0.2016
2026-07-24 15:41,S,S260821C00019000,1,0.016,VETO,,vertical,-0.4065
2026-07-24 15:41,XLE,XLE260731C00060000,0,0.118,VETO,,vertical,0.0375
2026-07-24 15:41,CRWD,CRWD260807C00203750,0,0.118,VETO,,vertical,-0.09
2026-07-24 15:41,S,S260731C00018000,0,0.016,VETO,,vertical,-0.2214
2026-07-24 15:41,DVN,DVN270115C00052500,0,0.016,VETO,,vertical,-0.284
2026-07-24 15:41,COP,COP261016C00135000,0,0.016,VETO,,vertical,-0.6254
2026-07-24 15:41,SNDK,SNDK260724P01455000,0,0.21,VETO,,down,-0.655
2026-07-24 15:41,TTD,TTD260918C00020000,0,0.016,VETO,,vertical,-0.0752
2026-07-24 15:41,DIA,DIA260731P00518000,0,0.073,VETO,,up,0.3163
2026-07-24 15:41,SOXL,SOXL260821P00040000,0,0.16,VETO,,vertical,-0.0523
2026-07-24 15:41,NFLX,NFLX260731P00068000,0,0.073,VETO,,vertical,-0.1154
2026-07-24 15:41,EGO,EGO260918C00031000,0,0.016,VETO,,vertical,-0.2385
2026-07-24 15:41,CRDO,CRDO260807P00172500,0,0.067,VETO,,vertical,-0.1973
2026-07-24 15:41,CLMT,CLMT260821C00040000,0,0.009,VETO,,vertical,-0.1077
2026-07-24 15:52,NVO,NVO260821C00051000,1,0.061,VETO,,down,-0.5433
2026-07-24 15:52,QQQ,QQQ260724C00690000,0,0.267,VETO,,up,0.4448
2026-07-24 15:52,RBLX,RBLX261016P00040000,0,0.073,VETO,,vertical,-0.0387
2026-07-24 15:52,SLB,SLB260918C00055000,0,0.073,VETO,,vertical,0.039
2026-07-24 15:52,USO,USO260724C00135000,0,0.118,VETO,,down,-0.5941
2026-07-24 15:52,AAPL,AAPL260724C00332500,0,0.21,VETO,,down,-0.5704
2026-07-24 15:52,SPY,SPY260730P00716000,0,0.267,VETO,,up,0.4841
2026-07-24 15:52,SPY,SPY260724P00742000,0,0.267,VETO,,up,0.445
2026-07-24 15:52,NVO,NVO260821C00050000,0,0.034,VETO,,vertical,-0.1119
2026-07-24 15:52,LULU,LULU260724P00116000,0,0.067,VETO,,down,-0.5645
2026-07-24 15:52,CPNG,CPNG260918C00018000,0,0.016,VETO,,vertical,-0.3933
2026-07-24 15:52,NEE,NEE260904C00090000,0,0.067,VETO,,vertical,-0.2148
2026-07-24 15:52,SOFI,SOFI260918P00016000,0,0.057,VETO,,vertical,-0.004
2026-07-24 15:52,STM,STM260814P00045000,0,0.057,VETO,,vertical,-0.2815
2026-07-24 15:52,AROC,AROC261120P00035000,0,0.009,VETO,,vertical,-0.1906
2026-07-24 15:52,RGTI,RGTI270219P00010000,0,0.073,VETO,,vertical,-0.2866
2026-07-24 15:52,FLG,FLG270115C00015000,0,0.016,VETO,,vertical,-0.3278
2026-07-24 16:02,M,M260821P00022500,1,0.016,VETO,,vertical,-0.4935
2026-07-24 16:02,IWM,IWM260828P00275000,0,0.139,VETO,,vertical,0.1561
2026-07-24 16:02,SPY,SPY260730C00749000,0,0.267,VETO,,down,-0.504
2026-07-24 16:02,SOXX,SOXX260731P00460000,0,0.118,VETO,,vertical,-0.1462
2026-07-24 16:02,IBIT,IBIT261120C00040000,0,0.067,VETO,,vertical,0.005
2026-07-24 16:02,TLT,TLT270219P00080000,0,0.034,VETO,,vertical,0.0342
2026-07-24 16:02,ACI,ACI260821C00011000,0,0.016,VETO,,vertical,-0.4455
2026-07-24 16:02,QCOM,QCOM260724C00167500,0,0.16,VETO,,up,0.5068
2026-07-24 16:02,M,M260918P00023000,0,0.016,VETO,,vertical,-0.1221
2026-07-24 16:02,RGEN,RGEN260821C00155000,0,0.016,VETO,,down,-0.9043
2026-07-24 16:02,EQT,EQT260731C00053000,0,0.016,VETO,,vertical,-0.3504
2026-07-24 16:02,PYPL,PYPL260731P00053000,0,0.099,VETO,,vertical,0.0385
2026-07-24 16:12,NCLH,NCLH260821C00020500,1,0.016,VETO,,down,-0.6045
2026-07-24 16:12,AAPL,AAPL260727P00335000,0,0.21,VETO,,vertical,-0.1288
2026-07-24 16:12,CSCO,CSCO261016C00130000,0,0.099,VETO,,vertical,-0.1298
2026-07-24 16:12,NOW,NOW260724C00095000,0,0.16,VETO,,up,0.2937
2026-07-24 16:12,MU,MU260729P00750000,0,0.16,VETO,,up,0.3727
2026-07-24 16:12,NVDA,NVDA260731C00215000,0,0.21,VETO,,down,-0.5178
2026-07-24 16:12,S,S260918C00022000,0,0.016,VETO,,vertical,-0.1526
2026-07-24 16:12,NCLH,NCLH260918C00017000,0,0.016,VETO,,vertical,-0.2466
2026-07-24 16:12,UVXY,UVXY260731C00022000,0,0.009,VETO,,vertical,-0.0677
2026-07-24 16:12,MSTR,MSTR260724C00094000,0,0.099,VETO,,down,-0.6727
2026-07-24 16:12,S,S270115C00020000,0,0.016,VETO,,vertical,-0.1556
2026-07-24 16:12,RIVN,RIVN260724P00017500,0,0.016,VETO,,vertical,-0.2117
2026-07-24 16:12,CELH,CELH270617P00022500,0,0.009,VETO,,vertical,-0.1123
2026-07-24 16:12,BALL,BALL261016P00062500,0,0.016,VETO,,vertical,-0.279
2026-07-24 16:12,IREN,IREN260807C00043000,0,0.16,VETO,,vertical,-0.5037
2026-07-24 16:12,CBRS,CBRS260724C00205000,0,0.118,VETO,,down,-0.61
2026-07-24 16:22,BMY,BMY260821P00060000,1,0.016,VETO,,down,-0.6542
2026-07-24 16:22,NVDA,NVDA260729P00210000,0,0.21,VETO,,up,0.5252
2026-07-24 16:22,INTC,INTC260821P00075000,0,0.21,VETO,,vertical,0.2335
2026-07-24 16:22,GOOG,GOOG260724P00320000,0,0.21,VETO,,down,-0.7041
2026-07-24 16:22,SKHY,SKHY260807P00105000,0,0.21,VETO,,vertical,-0.2633
2026-07-24 16:22,CRWD,CRWD260807C00200000,0,0.118,VETO,,vertical,-0.0524
2026-07-24 16:22,BMY,BMY261016P00057500,0,0.016,VETO,,vertical,-0.1943
2026-07-24 16:22,ETHA,ETHA260821P00014000,0,0.016,VETO,,vertical,-0.0764
2026-07-24 16:22,DKNG,DKNG260918P00022500,0,0.016,VETO,,vertical,-0.0543
2026-07-24 16:22,EOSE,EOSE280121C00010000,0,0.073,VETO,,vertical,-0.0685
2026-07-24 16:22,ZETA,ZETA260821C00025000,0,0.016,VETO,,vertical,-0.2636
2026-07-24 16:22,PYPL,PYPL260731C00060000,0,0.099,VETO,,vertical,-0.0611
2026-07-24 16:31,IGV,IGV260821P00085000,1,0.067,VETO,,down,-0.6227
2026-07-24 16:31,CLF,CLF260731P00012000,0,0.067,VETO,,down,-0.7108
2026-07-24 16:31,IGV,IGV260821P00090000,0,0.067,VETO,,vertical,0.0325
2026-07-24 16:31,SPY,SPY260724P00743000,0,0.267,VETO,,up,0.5517
2026-07-24 16:31,ORCL,ORCL260821P00100000,0,0.267,VETO,,vertical,0.2475
2026-07-24 16:31,SPY,SPY260729C00751000,0,0.267,VETO,,down,-0.5631
2026-07-24 16:31,IWM,IWM260731P00292000,0,0.139,VETO,,up,0.304
2026-07-24 16:31,FITB,FITB260821C00060000,0,0.009,VETO,,vertical,-0.4765
2026-07-24 16:31,SLB,SLB260731P00052000,0,0.073,VETO,,vertical,-0.4017
2026-07-24 16:31,KRE,KRE261016P00065000,0,0.034,VETO,,vertical,-0.1382
2026-07-24 16:31,SOXL,SOXL260731P00104000,0,0.16,VETO,,up,0.2354
2026-07-24 16:31,NBIS,NBIS260724C00205000,0,0.139,VETO,,down,-0.6982
2026-07-24 16:31,GLD,GLD260807C00370000,0,0.176,VETO,,vertical,-0.1615
2026-07-24 16:41,PDD,PDD260821C00086000,1,0.061,VETO,,vertical,-0.61
2026-07-24 16:41,SOXL,SOXL260821P00070000,0,0.16,VETO,,vertical,-0.0112
2026-07-24 16:41,BSX,BSX260821P00040000,0,0.057,VETO,,vertical,-0.1105
2026-07-24 16:41,AMD,AMD260731P00450000,0,0.16,VETO,,up,0.407
2026-07-24 16:41,PDD,PDD261016C00090000,0,0.061,VETO,,vertical,-0.0924
2026-07-24 16:41,SPY,SPY260728C00744000,0,0.267,VETO,,down,-0.5413
2026-07-24 16:41,SOFI,SOFI260731C00017000,0,0.057,VETO,,vertical,-0.0373
2026-07-24 16:41,SMH,SMH260731P00480000,0,0.16,VETO,,up,0.4291
2026-07-24 16:41,USO,USO260828P00111000,0,0.118,VETO,,vertical,-0.3472
2026-07-24 16:41,CORZ,CORZ260918C00033000,0,0.118,VETO,,vertical,-0.2927
2026-07-24 16:41,EFA,EFA260821P00106000,0,0.034,VETO,,vertical,-0.0362
2026-07-24 16:41,AGNC,AGNC260731C00010000,0,0.016,VETO,,vertical,-0.3162
2026-07-24 16:41,GDXJ,GDXJ260731C00103000,0,0.016,VETO,,vertical,-0.6639
2026-07-24 16:41,WOLF,WOLF270115C00080000,0,0.016,VETO,,vertical,-0.5144
2026-07-24 16:41,AAP,AAP260731C00054000,0,0.067,VETO,,vertical,0.16
2026-07-24 16:52,ONDS,ONDS260821P00007500,1,0.118,VETO,,vertical,-0.3842
2026-07-24 16:52,BE,BE260731C00302500,0,0.16,VETO,,down,-0.7155
2026-07-24 16:52,QQQ,QQQ260724P00689000,0,0.267,VETO,,up,1.1211
2026-07-24 16:52,SPY,SPY260727P00740000,0,0.267,VETO,,up,0.4381
2026-07-24 16:52,ONDS,ONDS260918P00009000,0,0.067,VETO,,vertical,0.0097
2026-07-24 16:52,SPY,SPY260918P00665000,0,0.267,VETO,,vertical,0.0882
2026-07-24 16:52,SPY,SPY260724P00744000,0,0.267,VETO,,up,0.6073
2026-07-24 16:52,AAPL,AAPL260727P00332500,0,0.21,VETO,,vertical,-0.0959
2026-07-24 16:52,HNGE,HNGE260821C00080000,0,0.009,VETO,,vertical,-0.4538
2026-07-24 16:52,NVO,NVO270319C00065000,0,0.034,VETO,,vertical,-0.1179
2026-07-24 16:52,XLC,XLC260918P00106000,0,0.016,VETO,,vertical,-0.0482
2026-07-24 16:52,CXW,CXW260821C00034000,0,0.0,VETO,,vertical,-0.344
2026-07-24 16:52,SOFI,SOFI260731C00016500,0,0.057,VETO,,vertical,-0.0287
2026-07-24 16:52,RIVN,RIVN260918C00017000,0,0.016,VETO,,vertical,-0.0772
2026-07-24 16:52,VG,VG260731C00015000,0,0.016,VETO,,vertical,-0.5125
2026-07-24 16:52,USO,USO260807C00165000,0,0.118,VETO,,vertical,0.0684
2026-07-24 16:57,QQQ,QQQ260730P00645000,0,0.267,VETO,,up,0.4111
2026-07-24 16:57,SPY,SPY260731C00750000,0,0.267,VETO,,vertical,-0.2277
2026-07-24 16:57,EQX,EQX280121C00010000,0,0.009,VETO,,vertical,-0.2273
2026-07-24 16:57,UCO,UCO261016P00030000,0,0.073,VETO,,vertical,-0.3758
2026-07-24 16:57,EWZ,EWZ260821C00036500,0,0.073,VETO,,vertical,-0.1296
2026-07-24 16:57,IBM,IBM260724P00215000,0,0.21,VETO,,down,-0.7228
2026-07-24 16:57,CRWV,CRWV260821C00120000,0,0.139,VETO,,vertical,-0.2652
2026-07-24 16:57,USO,USO260807C00185000,0,0.118,VETO,,down,-0.7456
2026-07-24 16:57,CRWV,CRWV260731P00072000,0,0.139,VETO,,up,0.2956
2026-07-24 16:57,NBIS,NBIS260821P00100000,0,0.139,VETO,,vertical,0.0458
2026-07-24 16:57,MDB,MDB260731C00320000,0,0.061,VETO,,vertical,-0.3644
2026-07-24 16:57,NMM,NMM261218P00070000,0,0.016,VETO,,vertical,-0.4158
2026-07-24 17:03,SLB,SLB260821P00054000,0,0.073,VETO,,vertical,-0.1267
2026-07-24 17:03,ARKK,ARKK260918P00070000,0,0.016,VETO,,vertical,-0.0338
2026-07-24 17:03,FLNC,FLNC260821P00012000,0,0.009,VETO,,vertical,0.036
2026-07-24 17:03,GLD,GLD260729P00361000,0,0.176,VETO,,vertical,-0.2059
2026-07-24 17:03,GPN,GPN260918P00072500,0,0.009,VETO,,vertical,-0.1482
2026-07-24 17:03,MNST,MNST260918P00087500,0,0.016,VETO,,vertical,-0.1225
2026-07-24 17:03,BMNR,BMNR270115C00040000,0,0.034,VETO,,vertical,-0.1083
2026-07-24 17:03,COIN,COIN260724P00160000,0,0.061,VETO,,down,-0.6357
2026-07-24 17:03,TSLL,TSLL260821P00007000,0,0.067,VETO,,vertical,-0.2049
2026-07-24 17:03,IREN,IREN260821P00025000,0,0.16,VETO,,vertical,0.0517
2026-07-24 17:03,BABA,BABA260918P00100000,0,0.073,VETO,,vertical,0.033
2026-07-24 17:03,KRE,KRE261016P00070000,0,0.034,VETO,,vertical,-0.0133
2026-07-24 17:11,ONON,ONON260821P00034000,1,0.016,VETO,,vertical,-0.5637
2026-07-24 17:11,IREN,IREN260821P00034000,0,0.16,VETO,,vertical,0.0088
2026-07-24 17:11,FWONK,FWONK261218C00115000,0,0.016,VETO,,down,-1.1872
2026-07-24 17:11,SPY,SPY260727C00741000,0,0.267,VETO,,vertical,-0.33
2026-07-24 17:11,PEP,PEP261016C00145000,0,0.099,VETO,,vertical,-0.0063
2026-07-24 17:11,ONON,ONON260918P00035000,0,0.016,VETO,,vertical,-0.1279
2026-07-24 17:11,ERO,ERO260918P00025000,0,0.016,VETO,,vertical,-0.0756
2026-07-24 17:11,UMAC,UMAC261120P00012500,0,0.009,VETO,,vertical,-0.0656
2026-07-24 17:21,VZ,VZ260821C00047500,1,0.118,VETO,,down,-0.7221
2026-07-24 17:21,AAPL,AAPL260727C00330000,0,0.21,VETO,,vertical,-0.0317
2026-07-24 17:21,IWM,IWM260918P00275000,0,0.139,VETO,,vertical,0.078
2026-07-24 17:21,QQQ,QQQ260731C00705000,0,0.267,VETO,,vertical,-0.2455
2026-07-24 17:21,VZ,VZ261016C00046000,0,0.139,VETO,,vertical,0.059
2026-07-24 17:21,DRAM,DRAM260807P00045000,0,0.099,VETO,,vertical,-0.0268
2026-07-24 17:21,IREN,IREN260821C00042000,0,0.16,VETO,,vertical,-0.305
2026-07-24 17:21,GEO,GEO260918C00035000,0,0.0,VETO,,vertical,-0.4094
2026-07-24 17:21,SPY,SPY260724C00739000,0,0.267,VETO,,down,-0.6472
2026-07-24 17:21,HPE,HPE260731P00047000,0,0.016,VETO,,vertical,-0.4875
2026-07-24 17:21,MOH,MOH260918P00160000,0,0.067,VETO,,vertical,-0.498
2026-07-24 17:21,T,T260821C00024500,0,0.267,VETO,,up,0.2625
2026-07-24 17:21,AGCO,AGCO260821C00125000,0,0.009,VETO,,vertical,-0.0757
2026-07-24 17:21,MARA,MARA260918C00017000,0,0.061,VETO,,vertical,-0.1417
2026-07-24 17:21,MSTR,MSTR260731C00095000,0,0.099,VETO,,vertical,-0.2015
2026-07-24 17:21,XLK,XLK260731C00182500,0,0.061,VETO,,vertical,-0.6093
2026-07-24 17:21,WULF,WULF260724C00019000,0,0.034,VETO,,down,-0.6279
2026-07-24 17:21,DHT,DHT261016P00015000,0,0.016,VETO,,vertical,-0.3923
2026-07-24 17:21,QCOM,QCOM260828C00170000,0,0.16,VETO,,vertical,-0.2404
2026-07-24 17:32,GLXY,GLXY260821C00024500,1,0.016,VETO,,vertical,-0.5706
2026-07-24 17:32,SPY,SPY260724C00742000,0,0.267,VETO,,down,-0.54
2026-07-24 17:32,SQQQ,SQQQ260731C00050000,0,0.21,VETO,,up,0.3367
2026-07-24 17:32,PBF,PBF260821C00070000,0,0.057,VETO,,vertical,-0.1451
2026-07-24 17:32,ARWR,ARWR260918C00100000,0,0.009,VETO,,vertical,-0.5026
2026-07-24 17:32,SMH,SMH260731P00512500,0,0.16,VETO,,up,0.4463
2026-07-24 17:32,GLD,GLD260821C00390000,0,0.176,VETO,,vertical,-0.1379
2026-07-24 17:32,GLXY,GLXY260918C00025000,0,0.034,VETO,,vertical,-0.2483
2026-07-24 17:32,PYPL,PYPL260904C00062000,0,0.099,VETO,,vertical,-0.9792
2026-07-24 17:42,TDOC,TDOC260821P00008500,1,0.0,VETO,,down,-0.6009
2026-07-24 17:42,QQQ,QQQ260724P00692000,0,0.267,VETO,,up,0.5636
2026-07-24 17:42,NVDA,NVDA260727C00207500,0,0.21,VETO,,down,-0.6026
2026-07-24 17:42,TSLA,TSLA260731C00325000,0,0.21,VETO,,vertical,0.3385
2026-07-24 17:42,TDOC,TDOC270115P00010000,0,0.0,VETO,,vertical,-0.0773
2026-07-24 17:42,QQQ,QQQ260728P00680000,0,0.267,VETO,,up,0.5814
2026-07-24 17:42,FCX,FCX260731P00061000,0,0.067,VETO,,vertical,-0.2439
2026-07-24 17:42,NOW,NOW260821C00105000,0,0.16,VETO,,vertical,0.106
2026-07-24 17:42,IGV,IGV260731P00088000,0,0.067,VETO,,vertical,-0.0029
2026-07-24 17:42,NOW,NOW270115C00200000,0,0.16,VETO,,vertical,-0.1393
2026-07-24 17:42,EEM,EEM260821C00070000,0,0.016,VETO,,vertical,-0.3673
2026-07-24 17:42,QCML,QCML260821C00016000,0,0.0,VETO,,vertical,-0.3895
2026-07-24 17:42,RZLV,RZLV280121C00007000,0,0.016,VETO,,vertical,-0.2833
2026-07-24 17:42,CVNA,CVNA260731P00060000,0,0.016,VETO,,vertical,-0.1076
2026-07-24 17:42,MSTR,MSTR260724C00092000,0,0.099,VETO,,down,-0.6993
2026-07-24 17:42,EQT,EQT260918C00052500,0,0.016,VETO,,vertical,-0.0922
2026-07-24 17:42,NVDA,NVDA260731P00220000,0,0.21,VETO,,up,0.2986
2026-07-24 17:51,FRMI,FRMI260821C00008000,1,0.099,VETO,,vertical,-0.3879
2026-07-24 17:51,CLF,CLF260918P00012000,0,0.067,VETO,,vertical,-0.1111
2026-07-24 17:51,CVX,CVX260821C00200000,0,0.099,VETO,,vertical,-0.0462
2026-07-24 17:51,VLO,VLO260821C00345000,0,0.016,VETO,,vertical,-0.4282
2026-07-24 17:51,TQQQ,TQQQ260731P00064000,0,0.099,VETO,,up,0.2842
2026-07-24 17:51,USO,USO260729C00148000,0,0.118,VETO,,vertical,-0.4351
2026-07-24 17:51,FRMI,FRMI260731C00007000,0,0.099,VETO,,vertical,-0.2545
2026-07-24 17:51,ALLY,ALLY260821C00045000,0,0.016,VETO,,vertical,-0.175
2026-07-24 17:51,T,T261016P00023000,0,0.267,VETO,,vertical,-0.1928
2026-07-24 17:51,FRO,FRO260821C00040000,0,0.016,VETO,,vertical,-0.0707
2026-07-24 18:02,BAC,BAC260821C00064000,1,0.034,VETO,,down,-0.5932
2026-07-24 18:02,ICE,ICE260731C00145000,0,0.067,VETO,,vertical,0.0062
2026-07-24 18:02,QQQ,QQQ260731P00650000,0,0.267,VETO,,up,0.4156
2026-07-24 18:02,GLD,GLD260821C00400000,0,0.176,VETO,,vertical,-0.1601
2026-07-24 18:02,SKHY,SKHY260724P00157500,0,0.21,VETO,,up,0.2826
2026-07-24 18:02,PYPL,PYPL260821P00050000,0,0.099,VETO,,vertical,-0.2841
2026-07-24 18:02,WEAT,WEAT261016C00026000,0,0.009,VETO,,vertical,-0.0583
2026-07-24 18:02,IP,IP260821P00040000,0,0.016,VETO,,vertical,-0.4644
2026-07-24 18:02,XBI,XBI260918P00140000,0,0.016,VETO,,vertical,-0.3144
2026-07-24 18:02,BAC,BAC261016C00062500,0,0.016,VETO,,vertical,-0.0177
2026-07-24 18:02,MSTR,MSTR260731P00084000,0,0.099,VETO,,vertical,0.0038
2026-07-24 18:02,NBIS,NBIS260731P00160000,0,0.139,VETO,,up,0.2848
2026-07-24 18:02,WEAT,WEAT261016C00027000,0,0.009,VETO,,vertical,-0.4
2026-07-24 18:02,FRO,FRO260821C00045000,0,0.016,VETO,,vertical,-0.4267
2026-07-24 18:02,SOXL,SOXL260821P00037000,0,0.16,VETO,,vertical,-0.0887
2026-07-24 18:02,XBI,XBI260918C00180000,0,0.016,VETO,,vertical,-0.9404
2026-07-24 18:02,CMG,CMG260724P00032000,0,0.034,VETO,,down,-0.6026
2026-07-24 18:11,ENVX,ENVX260821C00004000,1,0.016,VETO,,vertical,-0.0923
2026-07-24 18:11,ENVX,ENVX261120C00005000,0,0.016,VETO,,vertical,-0.0608
2026-07-24 18:11,IGV,IGV260731C00088000,0,0.067,VETO,,vertical,-0.1581
2026-07-24 18:11,SPCX,SPCX260821C00225000,0,0.267,VETO,,vertical,0.0391
2026-07-24 18:11,IGV,IGV260821C00089500,0,0.067,VETO,,vertical,-0.2656
2026-07-24 18:11,GOOG,GOOG260918C00390000,0,0.21,VETO,,vertical,-0.2052
2026-07-24 18:11,SPY,SPY260724C00740000,0,0.267,VETO,,down,-0.6055
2026-07-24 18:11,SPY,SPY260729P00719000,0,0.267,VETO,,up,0.2981
2026-07-24 18:11,NOW,NOW260724C00097000,0,0.16,VETO,,up,0.395
2026-07-24 18:11,CRDO,CRDO260807P00170000,0,0.067,VETO,,vertical,-0.1647
2026-07-24 18:21,FEZ,FEZ260821P00065000,1,0.009,VETO,,down,-0.7552
2026-07-24 18:21,S,S260918C00018000,0,0.016,VETO,,vertical,-0.0912
2026-07-24 18:21,SPY,SPY260727C00740000,0,0.267,VETO,,vertical,-0.2698
2026-07-24 18:21,WULF,WULF260807P00018000,0,0.034,VETO,,vertical,0.1125
2026-07-24 18:21,M,M260918C00024000,0,0.016,VETO,,vertical,-0.0994
2026-07-24 18:21,FEZ,FEZ260918P00069000,0,0.009,VETO,,vertical,-0.2127
2026-07-24 18:31,EFA,EFA260821P00099500,1,0.061,VETO,,down,-1.2746
2026-07-24 18:31,EFA,EFA260731P00102000,0,0.034,VETO,,vertical,-0.1163
2026-07-24 18:31,QQQ,QQQ260731P00660000,0,0.267,VETO,,vertical,0.018
2026-07-24 18:31,TLT,TLT280121C00088000,0,0.034,VETO,,vertical,-0.097
2026-07-24 18:31,AAPL,AAPL260821P00310000,0,0.21,VETO,,vertical,-0.0806
2026-07-24 18:31,QQQ,QQQ260724C00685000,0,0.267,VETO,,down,-0.8462
2026-07-24 18:31,ARKK,ARKK260918C00074000,0,0.016,VETO,,vertical,-0.2115
2026-07-24 18:31,FCX,FCX260731P00062000,0,0.067,VETO,,vertical,-0.1763
2026-07-24 18:31,CLSK,CLSK260918P00016000,0,0.061,VETO,,vertical,0.0069
2026-07-24 18:31,VG,VG260731P00014000,0,0.016,VETO,,vertical,-0.0143
2026-07-24 18:31,SEI,SEI261120C00082500,0,0.057,VETO,,vertical,-0.6056
2026-07-24 18:31,CLSK,CLSK260731P00014000,0,0.061,VETO,,vertical,0.0667
2026-07-24 18:31,MAGS,MAGS260821P00065000,0,0.016,VETO,,vertical,-0.0964
2026-07-24 18:31,SOXL,SOXL260731C00240000,0,0.16,VETO,,down,-0.71
2026-07-24 18:31,BE,BE260731P00175000,0,0.16,VETO,,vertical,-0.0036
2026-07-24 18:42,MARA,MARA260821P00012000,1,0.061,VETO,,vertical,-0.2353
2026-07-24 18:42,TQQQ,TQQQ260731C00064000,0,0.099,VETO,,vertical,-0.0339
2026-07-24 18:42,QQQ,QQQ260728C00690000,0,0.267,VETO,,vertical,-0.108
2026-07-24 18:42,QQQ,QQQ260730P00640000,0,0.267,VETO,,vertical,-0.1968
2026-07-24 18:42,SPY,SPY260821C00760000,0,0.267,VETO,,vertical,0.0105
2026-07-24 18:42,PAYX,PAYX260918C00120000,0,0.009,VETO,,vertical,-0.1086
2026-07-24 18:42,NFLX,NFLX260724C00070000,0,0.073,VETO,,down,-0.661
2026-07-24 18:42,MARA,MARA260918P00012000,0,0.061,VETO,,vertical,0.003
2026-07-24 18:42,PPC,PPC261218P00030000,0,0.009,VETO,,vertical,-0.1462
2026-07-24 18:42,COIN,COIN260918P00110000,0,0.061,VETO,,vertical,-0.1261
2026-07-24 18:42,ADBE,ADBE260731C00230000,0,0.118,VETO,,vertical,-0.059
2026-07-24 18:42,LUNR,LUNR261218C00019000,0,0.009,VETO,,vertical,-0.0528
2026-07-24 18:42,FCEL,FCEL260821C00030000,0,0.009,VETO,,vertical,-0.4037
2026-07-24 18:42,SQQQ,SQQQ260724C00042000,0,0.21,VETO,,vertical,-0.0941
2026-07-24 18:42,SMCI,SMCI260724P00031000,0,0.073,VETO,,vertical,-0.0066
2026-07-24 18:42,OKLO,OKLO260731C00041000,0,0.016,VETO,,vertical,-0.1516
2026-07-24 18:42,ZETA,ZETA260918C00022500,0,0.016,VETO,,vertical,-0.102
2026-07-24 18:42,HRL,HRL260918P00025000,0,0.009,VETO,,vertical,-0.3364
2026-07-24 18:42,MSTR,MSTR260731C00097000,0,0.099,VETO,,vertical,-0.217
2026-07-24 18:42,CLF,CLF260821C00011500,0,0.067,VETO,,vertical,-0.0676
2026-07-24 18:53,SPCX,SPCX260807P00090000,0,0.267,VETO,,vertical,-0.1037
2026-07-24 18:53,QQQ,QQQ260731C00700000,0,0.267,VETO,,vertical,-0.0302
2026-07-24 18:53,XOM,XOM261016C00180000,0,0.139,VETO,,vertical,-0.0435
2026-07-24 18:53,IGV,IGV260821P00089000,0,0.067,VETO,,vertical,-0.0813
2026-07-24 18:53,IWM,IWM261016P00205000,0,0.139,VETO,,vertical,-0.1827
2026-07-24 18:53,WMT,WMT261120C00125000,0,0.099,VETO,,vertical,-0.0064
2026-07-24 18:53,COIN,COIN260821P00120000,0,0.061,VETO,,vertical,-0.2093
2026-07-24 18:53,TLT,TLT260821C00084000,0,0.034,VETO,,vertical,-0.0789
2026-07-24 18:53,GEO,GEO261120C00034000,0,0.0,VETO,,vertical,-0.1515
2026-07-24 18:53,OVV,OVV260821C00065000,0,0.067,VETO,,vertical,-0.3071
2026-07-24 18:53,GEO,GEO261218C00035000,0,0.0,VETO,,vertical,-0.1182
2026-07-24 18:53,DIA,DIA260724P00519000,0,0.073,VETO,,down,-0.7537
2026-07-24 18:53,USO,USO261218P00100000,0,0.118,VETO,,vertical,-0.0938
2026-07-24 18:53,XLK,XLK260731P00174000,0,0.061,VETO,,vertical,-0.1356
2026-07-24 18:53,ERO,ERO260821C00025000,0,0.016,VETO,,vertical,-0.0706
2026-07-24 18:53,GLD,GLD260918C00440000,0,0.176,VETO,,vertical,-0.259
2026-07-24 18:53,KORU,KORU260724P00018500,0,0.016,VETO,,down,-1.1273
2026-07-24 19:02,HYG,HYG260821P00076000,1,0.016,VETO,,down,-0.9808
2026-07-24 19:02,TSLA,TSLA260727P00307500,0,0.21,VETO,,vertical,-0.4276
2026-07-24 19:02,NVDA,NVDA260729C00210000,0,0.21,VETO,,vertical,0.0762
2026-07-24 19:02,MRVL,MRVL261016P00095000,0,0.16,VETO,,vertical,-0.155
2026-07-24 19:02,PENG,PENG260918C00090000,0,0.061,VETO,,vertical,-0.2633
2026-07-24 19:02,BKR,BKR260821C00060000,0,0.016,VETO,,vertical,-0.1083
2026-07-24 19:02,CCL,CCL260918P00026000,0,0.073,VETO,,vertical,-0.0407
2026-07-24 19:02,MSTR,MSTR260731C00097500,0,0.099,VETO,,vertical,-0.2028
2026-07-24 19:02,SOXL,SOXL260731P00071000,0,0.16,VETO,,vertical,0.0312
2026-07-24 19:02,IGV,IGV260821C00095000,0,0.067,VETO,,vertical,-0.2154
2026-07-24 19:02,SMCI,SMCI260821C00034000,0,0.073,VETO,,vertical,-0.1262
2026-07-24 19:02,MAGS,MAGS260821P00060000,0,0.016,VETO,,vertical,-0.1889
2026-07-24 19:02,LVS,LVS260731C00046000,0,0.009,VETO,,vertical,-0.1044
2026-07-24 19:02,TLT,TLT260727C00082000,0,0.034,VETO,,vertical,-0.1522
2026-07-24 19:02,NVDL,NVDL260918C00043330,0,0.067,VETO,,down,-0.7786
2026-07-24 19:02,ON,ON260821P00090000,0,0.016,VETO,,vertical,-0.0955
2026-07-24 19:02,URI,URI260918P01060000,0,0.139,VETO,,vertical,-0.1497
2026-07-24 19:11,AA,AA260821P00043000,1,0.016,VETO,,vertical,-0.4999
2026-07-24 19:11,AMZN,AMZN260821C00260000,0,0.267,VETO,,vertical,-0.033
2026-07-24 19:11,BA,BA260918P00175000,0,0.16,VETO,,vertical,-0.1966
2026-07-24 19:11,ON,ON260814C00107000,0,0.016,VETO,,vertical,-0.75
2026-07-24 19:11,AA,AA260821P00043500,0,0.016,VETO,,vertical,0.0238
2026-07-24 19:11,WOLF,WOLF260918C00035000,0,0.016,VETO,,vertical,-0.2105
2026-07-24 19:11,CEVA,CEVA261120P00025000,0,0.009,VETO,,vertical,-0.271
2026-07-24 19:11,FRMI,FRMI260814C00008000,0,0.099,VETO,,vertical,-0.17
2026-07-24 19:11,QQQ,QQQ261120C00690000,0,0.267,VETO,,vertical,0.0045
2026-07-24 19:21,NIO,NIO260821C00004500,1,0.118,VETO,,vertical,-0.1962
2026-07-24 19:21,SPY,SPY260724P00740000,0,0.267,VETO,,vertical,-0.5685
2026-07-24 19:21,NFLX,NFLX260821C00071000,0,0.073,VETO,,vertical,-0.1255
2026-07-24 19:21,UBER,UBER260807P00066000,0,0.099,VETO,,vertical,-0.22
2026-07-24 19:21,SPCX,SPCX260807P00095000,0,0.267,VETO,,vertical,-0.1375
2026-07-24 19:21,SPCX,SPCX260814P00090000,0,0.267,VETO,,vertical,-0.1194
2026-07-24 19:21,NIO,NIO280121C00004000,0,0.099,VETO,,vertical,-0.0618
2026-07-24 19:21,CVX,CVX260731P00192500,0,0.099,VETO,,vertical,0.038
2026-07-24 19:21,MP,MP260918C00055000,0,0.016,VETO,,vertical,-0.185
2026-07-24 19:21,PFE,PFE260918P00025000,0,0.061,VETO,,vertical,-0.051
2026-07-24 19:21,KWEB,KWEB261120P00027000,0,0.009,VETO,,vertical,-0.0606
2026-07-24 19:21,CRWV,CRWV260814C00110000,0,0.139,VETO,,vertical,-0.3358
2026-07-24 19:21,CLSK,CLSK260821C00016000,0,0.061,VETO,,vertical,-0.1081
2026-07-24 19:21,ARKK,ARKK260918C00084000,0,0.016,VETO,,vertical,-0.5043
2026-07-24 19:21,QQQ,QQQ260727P00683000,0,0.267,VETO,,vertical,-0.1888
2026-07-24 19:32,UPST,UPST260821P00026000,1,0.016,VETO,,vertical,-0.5068
2026-07-24 19:32,IWM,IWM260731P00285000,0,0.139,VETO,,vertical,-0.1013
2026-07-24 19:32,NVDA,NVDA260729C00207500,0,0.21,VETO,,vertical,0.1957
2026-07-24 19:32,SMH,SMH260731C00635000,0,0.16,VETO,,vertical,-0.1581
2026-07-24 19:32,UBER,UBER260731P00062000,0,0.099,VETO,,vertical,-0.9314
2026-07-24 19:32,QQQ,QQQ260724P00686000,0,0.267,VETO,,vertical,-0.4216
2026-07-24 19:32,FDX,FDX260821C00345000,0,0.016,VETO,,vertical,-0.9149
2026-07-24 19:32,ROST,ROST260814C00250000,0,0.016,VETO,,vertical,-0.6222
2026-07-24 19:32,UBER,UBER260918C00075000,0,0.099,VETO,,vertical,-0.3152
2026-07-24 19:32,TQQQ,TQQQ260731P00062000,0,0.099,VETO,,vertical,-0.1371
2026-07-24 19:32,HAL,HAL260918C00036000,0,0.009,VETO,,vertical,-0.1319
2026-07-24 19:32,UPST,UPST260918P00022500,0,0.016,VETO,,vertical,-0.219
2026-07-24 19:32,USO,USO260724C00136000,0,0.118,VETO,,down,-0.78
2026-07-24 19:32,NBIS,NBIS260731P00130000,0,0.139,VETO,,vertical,-0.0647
2026-07-24 19:32,ON,ON260821P00077000,0,0.016,VETO,,vertical,-0.1365
2026-07-24 19:32,DIA,DIA260807P00510000,0,0.073,VETO,,vertical,-0.2016
2026-07-24 19:41,NOK,NOK260821C00009500,1,0.099,VETO,,vertical,-0.4101
2026-07-24 19:41,IREN,IREN260821P00033500,0,0.16,VETO,,vertical,-0.069
2026-07-24 19:41,IREN,IREN260821P00033000,0,0.16,VETO,,vertical,-0.0323
2026-07-24 19:41,GLD,GLD260821P00354000,0,0.176,VETO,,vertical,-0.1206
2026-07-24 19:41,DVN,DVN260821C00048000,0,0.016,VETO,,vertical,-0.1792
2026-07-24 19:41,SMCI,SMCI260821C00030000,0,0.073,VETO,,vertical,-0.0639
2026-07-24 19:41,TSLA,TSLA260807P00285000,0,0.21,VETO,,vertical,-0.1863
2026-07-24 19:41,GLD,GLD260731C00376000,0,0.176,VETO,,vertical,-0.1529
2026-07-24 19:41,HPQ,HPQ260814C00026000,0,0.016,VETO,,vertical,-0.1909
2026-07-24 19:41,GLD,GLD260828C00410000,0,0.176,VETO,,vertical,-0.1283
2026-07-24 19:41,WMB,WMB260821P00072000,0,0.009,VETO,,vertical,-0.1467
2026-07-24 19:41,RUN,RUN260918P00010000,0,0.016,VETO,,vertical,-0.1007
2026-07-24 19:41,IGV,IGV260918C00095000,0,0.067,VETO,,vertical,-0.1204
2026-07-24 19:41,WBD,WBD260918P00025000,0,0.061,VETO,,vertical,-0.5461
2026-07-24 19:41,DECK,DECK260918C00110000,0,0.016,VETO,,vertical,-0.2211
2026-07-24 19:41,PUMP,PUMP260821C00012500,0,0.009,VETO,,vertical,-0.3364
2026-07-24 19:52,FCEL,FCEL260821C00022000,1,0.009,VETO,,vertical,-0.4755
2026-07-24 19:52,INTC,INTC261016C00155000,0,0.21,VETO,,vertical,-0.0579
2026-07-24 19:52,SMH,SMH260724P00560000,0,0.16,VETO,,vertical,-0.8775
2026-07-24 19:52,AAPL,AAPL260729C00335000,0,0.21,VETO,,vertical,-0.0378
2026-07-24 19:52,UNP,UNP260918C00340000,0,0.139,VETO,,vertical,-0.6158
2026-07-24 19:52,NBIS,NBIS260807C00300000,0,0.139,VETO,,vertical,-0.48
2026-07-24 19:52,CVNA,CVNA260724P00063000,0,0.016,VETO,,vertical,-0.2633
2026-07-24 19:52,MSTR,MSTR260724P00095000,0,0.099,VETO,,vertical,-0.2789
2026-07-24 19:52,APLD,APLD260828C00027000,0,0.067,VETO,,vertical,-0.0605
2026-07-24 19:52,CRWV,CRWV260731C00080000,0,0.139,VETO,,vertical,-0.1554
2026-07-24 19:52,RIVN,RIVN260918P00015000,0,0.016,VETO,,vertical,-0.0878
2026-07-24 19:52,CLS,CLS260731C00365000,0,0.118,VETO,,vertical,-0.8
2026-07-24 19:52,BABA,BABA260731C00115000,0,0.073,VETO,,vertical,-0.0637
