date,ticker,occ,engine_took,student_p,student_says,reason,outcome,net_return
2026-07-27 13:32,IWM,IWM260731P00286000,0,0.444,VETO,,up,0.3587
2026-07-27 13:32,QQQ,QQQ260727C00694000,0,0.425,VETO,,down,-0.7033
2026-07-27 13:32,GLD,GLD260731P00373000,0,0.425,VETO,,up,0.3
2026-07-27 13:32,HOOD,HOOD260731C00100000,0,0.425,VETO,,down,-0.5976
2026-07-27 13:32,UBER,UBER270115C00090000,0,0.252,VETO,,down,-0.8049
2026-07-27 13:32,S,S260918C00022000,0,0.115,VETO,,vertical,-0.03
2026-07-27 13:32,NTR,NTR270115C00072500,0,0.408,VETO,,up,0.2797
2026-07-27 13:32,DELL,DELL260731P00380000,0,0.426,VETO,,up,0.3321
2026-07-27 13:32,PYPL,PYPL260731C00060000,0,0.252,VETO,,down,-0.985
2026-07-27 13:32,TQQQ,TQQQ260731C00069500,0,0.267,VETO,,down,-0.6186
2026-07-27 13:32,GLD,GLD260731P00372000,0,0.425,VETO,,up,0.2672
2026-07-27 13:32,SQQQ,SQQQ260731C00044000,0,0.408,VETO,,up,0.3851
2026-07-27 13:43,TQQQ,TQQQ260731C00064000,0,0.267,VETO,,down,-0.5395
2026-07-27 13:43,NVDA,NVDA260731C00205000,0,0.425,VETO,,down,-0.5296
2026-07-27 13:43,ORCL,ORCL260821C00135000,0,0.411,VETO,,up,0.4343
2026-07-27 13:43,IWM,IWM260821P00270000,0,0.444,VETO,,up,0.3804
2026-07-27 13:43,NVDA,NVDA260727P00205000,0,0.425,VETO,,up,0.6699
2026-07-27 13:43,TSLA,TSLA260727P00310000,0,0.425,VETO,,up,0.997
2026-07-27 13:43,SPY,SPY260727C00744000,0,0.425,VETO,,down,-0.6453
2026-07-27 13:43,SMCI,SMCI260731C00029000,0,0.232,VETO,,down,-0.5806
2026-07-27 13:43,SPCX,SPCX260821C00225000,0,0.426,VETO,,up,0.275
2026-07-27 13:43,USO,USO260731P00120000,0,0.411,VETO,,up,0.215
2026-07-27 13:43,REPL,REPL260807C00008500,0,0.09,VETO,,down,-0.8075
2026-07-27 13:43,BKR,BKR260821C00065000,0,0.184,VETO,,down,-0.5778
2026-07-27 13:43,UNG,UNG260918C00011000,0,0.09,VETO,,down,-1.061
2026-07-27 13:43,RSI,RSI260821P00030000,0,0.09,VETO,,down,-1.0029
2026-07-27 13:43,SOFI,SOFI260731C00018500,0,0.252,VETO,,down,-0.5435
2026-07-27 13:43,IREN,IREN260731P00035000,0,0.444,VETO,,up,0.3419
2026-07-27 13:43,IONQ,IONQ260731C00038500,0,0.252,VETO,,down,-0.6652
2026-07-27 13:43,TLT,TLT260731C00083000,0,0.252,VETO,,up,0.2959
2026-07-27 13:43,BITI,BITI260918C00022000,0,0.09,VETO,,vertical,0.0259
2026-07-27 13:52,SPY,SPY260730C00750000,0,0.425,VETO,,down,-0.518
2026-07-27 13:52,SPY,SPY260728P00743000,0,0.425,VETO,,up,0.6134
2026-07-27 13:52,PYPL,PYPL260821P00050000,0,0.252,VETO,,down,-1.0316
2026-07-27 13:52,MXL,MXL260821C00085000,0,0.232,VETO,,down,-0.6763
2026-07-27 13:52,HIMS,HIMS260807C00028500,0,0.184,VETO,,down,-1.0235
2026-07-27 13:52,NVDA,NVDA260731C00210000,0,0.425,VETO,,down,-0.5671
2026-07-27 13:52,SKHY,SKHY260731P00120000,0,0.444,VETO,,up,0.3227
2026-07-27 13:52,ORCL,ORCL260731C00124000,0,0.411,VETO,,down,-0.7094
2026-07-27 13:52,DLR,DLR260918C00220000,0,0.267,VETO,,down,-0.7161
2026-07-27 13:52,SPY,SPY260731P00735000,0,0.425,VETO,,up,0.3162
2026-07-27 13:52,WKC,WKC260821P00040000,0,0.09,VETO,,down,-0.662
2026-07-27 13:52,LMND,LMND260821C00070000,0,0.173,VETO,,down,-0.8868
2026-07-27 13:52,CE,CE270115P00040000,0,0.115,VETO,,down,-0.645
2026-07-27 13:52,CAPR,CAPR260821C00010000,0,0.184,VETO,,down,-1.1618
2026-07-27 13:52,TLT,TLT260731P00084500,0,0.252,VETO,,down,-0.5625
2026-07-27 13:52,IGV,IGV260821C00095000,0,0.267,VETO,,down,-0.5615
2026-07-27 13:52,SMCI,SMCI260731C00031000,0,0.232,VETO,,down,-0.6106
2026-07-27 13:52,SNDK,SNDK260731C01380000,0,0.343,VETO,,down,-0.5404
2026-07-27 14:02,AMAT,AMAT260731P00450000,0,0.425,VETO,,up,0.4278
2026-07-27 14:02,SPY,SPY260730P00735000,0,0.425,VETO,,up,0.3819
2026-07-27 14:02,OPEN,OPEN280121C00015000,0,0.184,VETO,,vertical,-0.2945
2026-07-27 14:02,SPY,SPY260727P00741000,0,0.425,VETO,,up,1.0129
2026-07-27 14:02,XLE,XLE261218P00047500,0,0.343,VETO,,down,-0.8333
2026-07-27 14:02,DRAM,DRAM260731C00055000,0,0.343,VETO,,down,-0.581
2026-07-27 14:02,BRUN,BRUN260821C00020000,0,0.123,VETO,,down,-0.783
2026-07-27 14:02,GFS,GFS260821P00050000,0,0.343,VETO,,up,0.3086
2026-07-27 14:02,CLF,CLF260918P00011000,0,0.09,VETO,,down,-1.0592
2026-07-27 14:02,ASHR,ASHR260821C00036500,0,0.184,VETO,,down,-0.8235
2026-07-27 14:02,RKLB,RKLB260731C00067000,0,0.408,VETO,,down,-0.6268
2026-07-27 14:02,DIA,DIA260731P00515000,0,0.425,VETO,,up,0.4596
2026-07-27 14:12,SPY,SPY260728C00742000,0,0.425,VETO,,down,-0.5665
2026-07-27 14:12,HOOD,HOOD260731P00080000,0,0.425,VETO,,up,0.5
2026-07-27 14:12,AGI,AGI260821P00028000,0,0.343,VETO,,up,0.4
2026-07-27 14:12,CRWV,CRWV260731C00075000,0,0.343,VETO,,down,-0.7637
2026-07-27 14:12,OKLO,OKLO270319P00025000,0,0.267,VETO,,vertical,-0.0016
2026-07-27 14:12,MSTR,MSTR260807C00110000,0,0.408,VETO,,down,-0.6597
2026-07-27 14:12,TLT,TLT270115P00083000,0,0.252,VETO,,up,0.3304
2026-07-27 14:12,MGM,MGM260821P00040000,0,0.115,VETO,,down,-1.0091
2026-07-27 14:12,QBTS,QBTS260821C00017500,0,0.184,VETO,,down,-0.573
2026-07-27 14:12,XLF,XLF261231C00060000,0,0.232,VETO,,down,-0.637
2026-07-27 14:12,REPL,REPL260807C00007500,0,0.09,VETO,,down,-0.856
2026-07-27 14:12,XLF,XLF260821P00056000,0,0.232,VETO,,up,0.3333
2026-07-27 14:22,AAPL,AAPL260727C00335000,0,0.411,VETO,,down,-0.55
2026-07-27 14:22,MSTR,MSTR260807P00082000,0,0.408,VETO,,down,-0.6711
2026-07-27 14:22,IWM,IWM260807C00297500,0,0.444,VETO,,down,-0.5295
2026-07-27 14:22,SPY,SPY260728P00737000,0,0.425,VETO,,up,0.5695
2026-07-27 14:22,DIA,DIA260731P00514000,0,0.425,VETO,,up,0.45
2026-07-27 14:22,GM,GM260821P00085000,0,0.343,VETO,,down,-0.5356
2026-07-27 14:22,IONQ,IONQ260918P00030000,0,0.252,VETO,,up,0.3414
2026-07-27 14:22,WBD,WBD261016C00027000,0,0.184,VETO,,down,-0.5233
2026-07-27 14:22,BMNR,BMNR260731C00016000,0,0.252,VETO,,down,-0.7222
2026-07-27 14:22,APLD,APLD260731C00027500,0,0.252,VETO,,down,-0.5884
2026-07-27 14:22,IREN,IREN260918C00050000,0,0.444,VETO,,down,-0.5361
2026-07-27 14:32,SPY,SPY260727P00739000,0,0.425,VETO,,up,0.3949
2026-07-27 14:32,SPY,SPY260727P00737000,0,0.425,VETO,,up,0.2939
2026-07-27 14:32,BX,BX260731P00135000,0,0.267,VETO,,up,0.2333
2026-07-27 14:32,QQQ,QQQ260727P00678000,0,0.425,VETO,,up,0.5064
2026-07-27 14:32,SPY,SPY260727P00740000,0,0.425,VETO,,up,0.3457
2026-07-27 14:32,XOM,XOM260807C00155000,0,0.5,VETO,,up,0.4363
2026-07-27 14:32,KRE,KRE261218P00073000,0,0.252,VETO,,down,-0.6735
2026-07-27 14:32,MSTR,MSTR260731C00100000,0,0.408,VETO,,down,-0.5433
2026-07-27 14:32,SLV,SLV260918C00060000,0,0.267,VETO,,vertical,-0.2444
2026-07-27 14:32,COIN,COIN260807C00210000,0,0.267,VETO,,down,-1.1238
2026-07-27 14:42,SPY,SPY260731P00714000,0,0.425,VETO,,down,-0.5205
2026-07-27 14:42,AMD,AMD260727P00472500,0,0.408,VETO,,down,-0.7987
2026-07-27 14:42,NVDA,NVDA270219C00305000,0,0.425,VETO,,vertical,-0.1269
2026-07-27 14:42,SPCX,SPCX260731P00100000,0,0.426,VETO,,down,-0.5727
2026-07-27 14:42,NFLX,NFLX260807P00071000,0,0.408,VETO,,down,-0.5414
2026-07-27 14:42,AMKR,AMKR260821P00048000,0,0.184,VETO,,up,0.7585
2026-07-27 14:42,DRAM,DRAM260731P00052500,0,0.343,VETO,,up,0.4114
2026-07-27 14:42,QURE,QURE260821C00050000,0,0.115,VETO,,down,-0.6742
2026-07-27 14:42,QQQ,QQQ260803C00685000,0,0.425,VETO,,down,-0.5231
2026-07-27 14:52,QQQ,QQQ260918P00570000,0,0.425,VETO,,vertical,-0.4197
2026-07-27 14:52,QQQ,QQQ260727C00680000,0,0.425,VETO,,down,-0.5975
2026-07-27 14:52,SPY,SPY260727C00736000,0,0.425,VETO,,down,-0.5552
2026-07-27 14:52,SPCX,SPCX260814C00150000,0,0.426,VETO,,up,0.319
2026-07-27 14:52,GOOG,GOOG260821P00295000,0,0.425,VETO,,down,-0.7048
2026-07-27 14:52,QQQ,QQQ260727C00678000,0,0.425,VETO,,down,-0.545
2026-07-27 14:52,EOSE,EOSE280121C00010000,0,0.123,VETO,,vertical,-0.216
2026-07-27 14:52,TQQQ,TQQQ260821P00045000,0,0.267,VETO,,down,-0.5632
2026-07-27 14:52,BABA,BABA260807C00125000,0,0.426,VETO,,up,0.275
2026-07-27 15:03,IREN,IREN260821P00033000,0,0.444,VETO,,up,0.2931
2026-07-27 15:03,UMC,UMC260918C00018000,0,0.161,VETO,,down,-0.5419
2026-07-27 15:03,SPY,SPY260727C00739000,0,0.425,VETO,,down,-0.5961
2026-07-27 15:03,GOOG,GOOG260918C00410000,0,0.425,VETO,,up,0.3239
2026-07-27 15:03,TSLA,TSLA260727C00307500,0,0.425,VETO,,down,-0.5295
2026-07-27 15:03,GIS,GIS260821C00037500,0,0.184,VETO,,up,0.2882
2026-07-27 15:03,BAC,BAC261016C00065000,0,0.232,VETO,,down,-0.7865
2026-07-27 15:03,WEN,WEN260821C00007500,0,0.115,VETO,,down,-0.94
2026-07-27 15:03,C,C260731P00131000,0,0.343,VETO,,up,0.324
2026-07-27 15:03,SCCO,SCCO260807P00160000,0,0.115,VETO,,down,-0.775
2026-07-27 15:03,WOLF,WOLF260821C00027500,0,0.161,VETO,,down,-0.9946
2026-07-27 15:03,BBWI,BBWI261120C00027500,0,0.051,VETO,,down,-0.9059
2026-07-27 15:03,MSTR,MSTR260731C00109000,0,0.408,VETO,,down,-0.8167
2026-07-27 15:03,POET,POET260904C00007000,0,0.115,VETO,,vertical,-0.2524
2026-07-27 15:03,AG,AG261218C00040000,0,0.161,VETO,,down,-1.2045
2026-07-27 15:03,BABA,BABA260731C00115000,0,0.426,VETO,,up,0.2857
2026-07-27 15:13,META,META260727C00605000,0,0.425,VETO,,down,-0.6088
2026-07-27 15:13,SOXX,SOXX260807C00600000,0,0.267,VETO,,down,-0.8702
2026-07-27 15:13,AMZN,AMZN260731C00245000,0,0.425,VETO,,down,-0.5158
2026-07-27 15:13,CRWV,CRWV260918P00045000,0,0.343,VETO,,up,0.3462
2026-07-27 15:13,SLV,SLV261016C00073000,0,0.267,VETO,,vertical,-0.2945
2026-07-27 15:13,IWM,IWM260807P00278000,0,0.444,VETO,,up,0.3663
2026-07-27 15:13,QQQ,QQQ260727C00681000,0,0.425,VETO,,down,-0.551
2026-07-27 15:13,APH,APH260821P00130000,0,0.267,VETO,,up,0.3697
2026-07-27 15:13,BMNR,BMNR260821C00020000,0,0.252,VETO,,down,-1.0253
2026-07-27 15:13,SPY,SPY260728C00740000,0,0.425,VETO,,down,-0.7012
2026-07-27 15:13,SPY,SPY260729C00742000,0,0.425,VETO,,down,-0.593
2026-07-27 15:13,KGS,KGS260821P00055000,0,0.161,VETO,,down,-0.9292
2026-07-27 15:13,SPY,SPY260727C00740000,0,0.425,VETO,,down,-0.5656
2026-07-27 15:13,TOST,TOST260918C00030000,0,0.267,VETO,,up,0.2962
2026-07-27 15:13,HIMS,HIMS260807P00028000,0,0.184,VETO,,down,-1.0917
2026-07-27 15:13,ETHA,ETHA260918C00017000,0,0.161,VETO,,down,-0.575
2026-07-27 15:13,EWY,EWY260821P00120000,0,0.343,VETO,,down,-0.6323
2026-07-27 15:13,COF,COF260807C00210000,0,0.252,VETO,,down,-1.0526
2026-07-27 15:13,VICR,VICR260821P00135000,0,0.115,VETO,,down,-1.0947
2026-07-27 15:13,JBLU,JBLU270115P00004000,0,0.115,VETO,,vertical,-0.4231
2026-07-27 15:23,JOBY,JOBY260828C00007500,1,0.115,VETO,,down,-0.5409
2026-07-27 15:23,SPCX,SPCX260807P00095000,0,0.426,VETO,,vertical,-0.2268
2026-07-27 15:23,WULF,WULF260821C00017500,0,0.343,VETO,,down,-0.528
2026-07-27 15:23,DRAM,DRAM260821C00070000,0,0.343,VETO,,down,-0.6983
2026-07-27 15:23,BNO,BNO270115C00085000,0,0.345,VETO,,down,-0.5773
2026-07-27 15:23,XLE,XLE260821P00057500,0,0.343,VETO,,up,0.2778
2026-07-27 15:23,CSGP,CSGP260821P00025000,0,0.161,VETO,,down,-1.2059
2026-07-27 15:23,PLTR,PLTR260731P00125000,0,0.426,VETO,,up,1.9124
2026-07-27 15:23,USO,USO261218P00100000,0,0.411,VETO,,vertical,-0.2802
2026-07-27 15:23,SLV,SLV270319C00095000,0,0.267,VETO,,vertical,-0.1767
2026-07-27 15:23,KKR,KKR260918C00115000,0,0.232,VETO,,down,-0.9897
2026-07-27 15:23,WULF,WULF260821P00015000,0,0.343,VETO,,up,0.4167
2026-07-27 15:23,TLT,TLT260731P00084000,0,0.252,VETO,,down,-0.5818
2026-07-27 15:23,TSEM,TSEM260918C00440000,0,0.161,VETO,,down,-0.7135
2026-07-27 15:23,KWEB,KWEB260821C00028000,0,0.267,VETO,,up,0.4727
2026-07-27 15:23,CNXC,CNXC260918C00030000,0,0.079,VETO,,down,-1.0955
2026-07-27 15:23,JOBY,JOBY260821C00008000,0,0.09,VETO,,down,-0.5385
2026-07-27 15:23,TTWO,TTWO260918C00310000,0,0.252,VETO,,up,0.3
2026-07-27 15:32,SPY,SPY260821P00702000,0,0.425,VETO,,down,-0.5726
2026-07-27 15:32,QQQ,QQQ260727P00680000,0,0.425,VETO,,down,-0.5681
2026-07-27 15:32,SPY,SPY260804P00704000,0,0.425,VETO,,down,-0.5269
2026-07-27 15:32,AVGO,AVGO260727C00382500,0,0.425,VETO,,up,0.6296
2026-07-27 15:32,CIEN,CIEN260821P00260000,0,0.184,VETO,,down,-1.0833
2026-07-27 15:32,NFLX,NFLX260731P00073000,0,0.408,VETO,,down,-0.538
2026-07-27 15:32,NVO,NVO260814P00050000,0,0.343,VETO,,down,-0.7851
2026-07-27 15:32,C,C260828C00136000,0,0.343,VETO,,down,-0.5917
2026-07-27 15:32,UMC,UMC261016P00014000,0,0.161,VETO,,down,-0.8474
2026-07-27 15:32,KWEB,KWEB260821C00027500,0,0.267,VETO,,up,0.3289
2026-07-27 15:32,CLSK,CLSK260828C00019000,0,0.267,VETO,,down,-1.0652
2026-07-27 15:32,FRMI,FRMI261016C00008000,0,0.161,VETO,,down,-0.6069
2026-07-27 15:32,WDAY,WDAY260918C00210000,0,0.184,VETO,,down,-0.6206
2026-07-27 15:32,TNA,TNA260807P00067000,0,0.184,VETO,,down,-0.6784
2026-07-27 15:43,MU,MU260729C00990000,0,0.425,VETO,,down,-0.9924
2026-07-27 15:43,QQQ,QQQ260727C00676000,0,0.425,VETO,,up,0.6802
2026-07-27 15:43,SPY,SPY260728P00738000,0,0.425,VETO,,down,-0.5846
2026-07-27 15:43,SPY,SPY260727P00735000,0,0.425,VETO,,down,-0.7359
2026-07-27 15:43,FCEL,FCEL261016C00035000,0,0.252,VETO,,up,0.3104
2026-07-27 15:43,QQQ,QQQ260728P00675000,0,0.425,VETO,,down,-0.5231
2026-07-27 15:43,NEE,NEE260807P00090000,0,0.252,VETO,,down,-0.8785
2026-07-27 15:43,ORCL,ORCL260731P00115000,0,0.411,VETO,,up,0.4858
2026-07-27 15:43,CLSK,CLSK270115C00020000,0,0.267,VETO,,vertical,-0.3174
2026-07-27 15:43,PG,PG260807P00149000,0,0.343,VETO,,down,-0.7164
2026-07-27 15:43,MXL,MXL260821P00045000,0,0.232,VETO,,up,0.224
2026-07-27 15:43,LQDA,LQDA260821C00100000,0,0.09,VETO,,down,-0.6357
2026-07-27 15:43,FPS,FPS260821C00040000,0,0.232,VETO,,down,-0.6025
2026-07-27 15:43,CRCL,CRCL260821C00100000,0,0.408,VETO,,up,0.2778
2026-07-27 15:43,UAL,UAL260918C00145000,0,0.267,VETO,,vertical,-0.598
2026-07-27 15:43,XLP,XLP260731P00086000,0,0.267,VETO,,down,-1.0505
2026-07-27 15:52,FOXA,FOXA270115C00065000,0,0.173,VETO,,down,-0.8183
2026-07-27 15:52,ET,ET270115C00017000,0,0.115,VETO,,down,-1.0234
2026-07-27 15:52,CAT,CAT260821C01060000,0,0.267,VETO,,down,-1.1125
2026-07-27 15:52,TLT,TLT260807C00084000,0,0.252,VETO,,up,0.4605
2026-07-27 15:52,SMH,SMH260729C00572500,0,0.267,VETO,,down,-1.1256
2026-07-27 15:52,IWM,IWM260807P00281000,0,0.444,VETO,,down,-0.6465
2026-07-27 15:52,BABA,BABA260807P00105000,0,0.426,VETO,,down,-0.6118
2026-07-27 15:52,IBIT,IBIT260821P00033000,0,0.267,VETO,,up,0.3286
2026-07-27 15:52,RIG,RIG260918P00005500,0,0.267,VETO,,up,0.2636
2026-07-27 15:52,NFLX,NFLX260731C00070000,0,0.408,VETO,,up,0.7114
2026-07-27 15:52,CRWV,CRWV260918C00100000,0,0.343,VETO,,up,0.3476
2026-07-27 15:52,GLW,GLW260807C00180000,0,0.267,VETO,,down,-0.9854
2026-07-27 15:52,FUTU,FUTU260731P00100000,0,0.161,VETO,,down,-1.1584
2026-07-27 15:52,SMCI,SMCI260821C00032000,0,0.232,VETO,,down,-0.5537
2026-07-27 15:52,TOST,TOST261218C00035000,0,0.267,VETO,,up,0.3031
2026-07-27 15:52,BRUN,BRUN260807P00020000,0,0.123,VETO,,down,-0.66
2026-07-27 15:52,INSM,INSM261120C00115000,0,0.161,VETO,,vertical,-0.5323
2026-07-27 16:04,V,V260821P00345000,0,0.267,VETO,,down,-1.0602
2026-07-27 16:04,FRMI,FRMI260918P00007000,0,0.161,VETO,,down,-0.6033
2026-07-27 16:04,PBR,PBR261218P00017000,0,0.161,VETO,,down,-0.6367
2026-07-27 16:04,FCEL,FCEL260731P00022000,0,0.252,VETO,,up,0.3096
2026-07-27 16:04,PBF,PBF260821C00065000,0,0.425,VETO,,up,0.7842
2026-07-27 16:04,XPEV,XPEV260828C00012500,0,0.115,VETO,,down,-0.7398
2026-07-27 16:04,FLNC,FLNC261120C00020000,0,0.09,VETO,,down,-0.9333
2026-07-27 16:04,DIA,DIA260731C00521000,0,0.425,VETO,,up,0.8736
2026-07-27 16:04,XOP,XOP260731P00165000,0,0.267,VETO,,down,-1.1714
2026-07-27 16:04,TDOC,TDOC260821C00010000,0,0.027,VETO,,down,-1.0556
2026-07-27 16:04,SOXL,SOXL260731C00150000,0,0.345,VETO,,up,0.485
2026-07-27 16:04,CIFR,CIFR260918C00045000,0,0.343,VETO,,down,-0.8659
2026-07-27 16:04,BABA,BABA260807C00115000,0,0.426,VETO,,up,0.3493
2026-07-27 16:04,GAP,GAP261218C00021000,0,0.09,VETO,,down,-0.6517
2026-07-27 16:04,STLD,STLD260918C00280000,0,0.252,VETO,,up,0.2841
2026-07-27 16:11,OMER,OMER260821C00010000,0,0.01,VETO,,down,-0.7595
2026-07-27 16:11,EWZ,EWZ260918P00032000,0,0.173,VETO,,down,-1.2059
2026-07-27 16:11,EUV,EUV261218C00040000,0,0.09,VETO,,down,-1.1111
2026-07-27 16:11,LMND,LMND260807P00055000,0,0.173,VETO,,down,-1.0909
2026-07-27 16:11,FLUT,FLUT260821C00120000,0,0.184,VETO,,down,-0.5596
2026-07-27 16:11,TME,TME270115C00009000,0,0.09,VETO,,down,-0.9344
2026-07-27 16:11,PPG,PPG260821C00125000,0,0.345,VETO,,up,0.5743
2026-07-27 16:11,IREN,IREN260731C00037000,0,0.444,VETO,,down,-0.5528
2026-07-27 16:22,NVDA,NVDA260821C00215000,0,0.425,VETO,,down,-0.5215
2026-07-27 16:22,NVDA,NVDA260727P00197500,0,0.425,VETO,,up,0.4211
2026-07-27 16:22,PLTR,PLTR260807C00160000,0,0.426,VETO,,down,-0.5882
2026-07-27 16:22,IBIT,IBIT261016C00038000,0,0.267,VETO,,vertical,-0.2925
2026-07-27 16:22,CDE,CDE261120C00020000,0,0.161,VETO,,down,-1.0217
2026-07-27 16:33,FRMI,FRMI261016C00010000,0,0.161,VETO,,down,-0.7091
2026-07-27 16:33,BMBL,BMBL280121C00003000,0,0.01,VETO,,vertical,-0.1611
2026-07-27 16:33,BA,BA260821C00235000,0,0.267,VETO,,down,-0.7366
2026-07-27 16:33,ADBE,ADBE260731P00225000,0,0.345,VETO,,down,-1.0468
2026-07-27 16:33,BNO,BNO260821C00050000,0,0.345,VETO,,down,-0.5515
2026-07-27 16:33,CRWV,CRWV260821C00105000,0,0.343,VETO,,down,-0.6963
2026-07-27 16:33,REPL,REPL260807P00008000,0,0.09,VETO,,down,-0.6089
2026-07-27 16:33,GDX,GDX260918C00082000,0,0.408,VETO,,vertical,-0.3614
2026-07-27 16:33,MSTR,MSTR260731C00112000,0,0.408,VETO,,down,-0.9333
2026-07-27 16:33,CVI,CVI260821C00035000,0,0.161,VETO,,down,-0.7043
2026-07-27 16:33,PRDO,PRDO260821C00035000,0,0.09,VETO,,down,-1.1
2026-07-27 16:42,AMD,AMD260727C00487500,0,0.408,VETO,,down,-0.7972
2026-07-27 16:42,USO,USO260731C00134000,0,0.411,VETO,,down,-0.8793
2026-07-27 16:42,JNJ,JNJ260821P00257500,0,0.345,VETO,,up,0.3738
2026-07-27 16:42,NOW,NOW260814P00100000,0,0.408,VETO,,down,-0.5169
2026-07-27 16:42,CCL,CCL260731C00027000,0,0.184,VETO,,down,-1.0584
2026-07-27 16:42,IBIT,IBIT260918C00037000,0,0.267,VETO,,vertical,-0.3652
2026-07-27 16:42,NOW,NOW260814P00099000,0,0.408,VETO,,down,-0.7357
2026-07-27 16:42,ERO,ERO260821P00025000,0,0.09,VETO,,down,-0.57
2026-07-27 16:42,SLV,SLV260918C00059500,0,0.267,VETO,,down,-0.9253
2026-07-27 16:42,SOFI,SOFI261016C00019000,0,0.252,VETO,,down,-0.7464
2026-07-27 16:42,EUV,EUV261218C00025000,0,0.09,VETO,,down,-0.7108
2026-07-27 16:52,SHOP,SHOP260821C00155000,0,0.425,VETO,,up,0.4014
2026-07-27 16:52,IWM,IWM260729C00295000,0,0.444,VETO,,down,-0.5377
2026-07-27 16:52,AAPL,AAPL260729C00345000,0,0.411,VETO,,down,-0.6522
2026-07-27 16:52,GLW,GLW260814C00167500,0,0.267,VETO,,down,-1.0448
2026-07-27 16:52,NVDA,NVDA260731P00192500,0,0.425,VETO,,up,0.3234
2026-07-27 16:52,KLAC,KLAC260821C00280000,0,0.267,VETO,,down,-0.7526
2026-07-27 16:52,XLI,XLI260918C00190000,0,0.252,VETO,,down,-0.5227
2026-07-27 16:52,GLW,GLW260821C00170000,0,0.267,VETO,,down,-0.9
2026-07-27 16:52,SQQQ,SQQQ260807P00045000,0,0.408,VETO,,down,-0.5225
2026-07-27 16:52,TQQQ,TQQQ260731C00063000,0,0.267,VETO,,down,-0.5472
2026-07-27 17:02,TRMB,TRMB260918C00060000,0,0.184,VETO,,up,0.05
2026-07-27 17:02,BE,BE260918C00510000,0,0.408,VETO,,down,-0.7604
2026-07-27 17:02,FRO,FRO260918C00043000,0,0.161,VETO,,down,-0.9867
2026-07-27 17:02,SPY,SPY260731P00715000,0,0.425,VETO,,down,-0.5462
2026-07-27 17:02,SPCX,SPCX260807P00090000,0,0.426,VETO,,down,-0.5387
2026-07-27 17:02,IWM,IWM260810P00281000,0,0.444,VETO,,up,0.2899
2026-07-27 17:02,FRMI,FRMI260918C00007000,0,0.161,VETO,,down,-0.603
2026-07-27 17:02,IGV,IGV260731P00092000,0,0.267,VETO,,down,-0.7154
2026-07-27 17:02,SEI,SEI260821P00047500,0,0.267,VETO,,up,0.3459
2026-07-27 17:02,GLD,GLD260803C00376000,0,0.425,VETO,,down,-0.581
2026-07-27 17:02,MARA,MARA260731C00011500,0,0.252,VETO,,down,-0.6071
2026-07-27 17:02,TSLA,TSLA261120P00260000,0,0.425,VETO,,vertical,-0.1622
2026-07-27 17:13,IWM,IWM260807P00280000,0,0.444,VETO,,down,-0.536
2026-07-27 17:13,ASHR,ASHR270115C00035000,0,0.184,VETO,,vertical,-0.2187
2026-07-27 17:13,SPCX,SPCX260731C00115000,0,0.426,VETO,,up,0.3727
2026-07-27 17:13,QQQ,QQQ260727P00676000,0,0.425,VETO,,down,-0.8037
2026-07-27 17:13,BX,BX260731P00130000,0,0.267,VETO,,down,-0.99
2026-07-27 17:13,SPY,SPY260728P00736000,0,0.425,VETO,,down,-0.581
2026-07-27 17:13,PAYX,PAYX260918C00120000,0,0.345,VETO,,up,0.2875
2026-07-27 17:13,TEAM,TEAM260821P00080000,0,0.232,VETO,,down,-0.5531
2026-07-27 17:13,IBIT,IBIT260821P00033500,0,0.267,VETO,,up,0.4487
2026-07-27 17:13,SOXS,SOXS260731C00067000,0,0.333,VETO,,down,-0.5647
2026-07-27 17:13,GLD,GLD260805P00369000,0,0.425,VETO,,up,0.354
2026-07-27 17:13,BABA,BABA260731C00114000,0,0.426,VETO,,up,0.4105
2026-07-27 17:22,IWM,IWM261016P00265000,0,0.444,VETO,,vertical,-0.2273
2026-07-27 17:22,AMD,AMD260727C00480000,0,0.408,VETO,,up,0.3985
2026-07-27 17:22,IWM,IWM260821P00280000,0,0.444,VETO,,vertical,-0.4296
2026-07-27 17:22,CRM,CRM260821P00160000,0,0.343,VETO,,down,-1.0192
2026-07-27 17:22,SPY,SPY260727P00736000,0,0.425,VETO,,down,-0.7407
2026-07-27 17:22,GOOGL,GOOGL260727C00327500,0,0.425,VETO,,down,-0.6023
2026-07-27 17:22,IWM,IWM260810P00280000,0,0.444,VETO,,down,-1.0155
2026-07-27 17:22,IBIT,IBIT260831C00037000,0,0.267,VETO,,down,-0.8481
2026-07-27 17:22,PLTR,PLTR260731C00136000,0,0.426,VETO,,down,-0.9158
2026-07-27 17:22,ACN,ACN260821P00140000,0,0.252,VETO,,down,-0.6686
2026-07-27 17:22,BLSH,BLSH260918C00035000,0,0.09,VETO,,down,-1.093
2026-07-27 17:32,GM,GM260821C00085000,0,0.343,VETO,,up,0.3463
2026-07-27 17:32,USB,USB261016C00065000,0,0.161,VETO,,down,-0.8578
2026-07-27 17:32,INTC,INTC270115C00190000,0,0.425,VETO,,down,-0.5671
2026-07-27 17:32,SLV,SLV260821P00045000,0,0.267,VETO,,up,0.2576
2026-07-27 17:32,JCI,JCI260918P00125000,0,0.252,VETO,,down,-1.0882
2026-07-27 17:32,INTC,INTC260729C00093000,0,0.425,VETO,,up,0.3542
2026-07-27 17:32,RDDT,RDDT260814C00245000,0,0.252,VETO,,down,-0.6511
2026-07-27 17:32,CPRI,CPRI260918P00015000,0,0.027,VETO,,down,-0.6381
2026-07-27 17:32,BABA,BABA260918C00160000,0,0.426,VETO,,up,0.2742
2026-07-27 17:32,VEEV,VEEV260918P00165000,0,0.161,VETO,,down,-0.5539
2026-07-27 17:32,SPY,SPY270115P00685000,0,0.425,VETO,,vertical,-0.201
2026-07-27 17:42,LBTYA,LBTYA271015C00010000,0,0.051,VETO,,down,-0.8615
2026-07-27 17:42,GOOGL,GOOGL260727P00327500,0,0.425,VETO,,down,-0.6156
2026-07-27 17:42,CTAS,CTAS260918C00230000,0,0.408,VETO,,up,0.2984
2026-07-27 17:42,SPY,SPY260727C00737000,0,0.425,VETO,,up,0.5677
2026-07-27 17:42,IGV,IGV260807C00092000,0,0.267,VETO,,down,-0.7422
2026-07-27 17:42,VZ,VZ270115P00048000,0,0.343,VETO,,vertical,0.0122
2026-07-27 17:42,PHG,PHG260918P00027000,0,0.408,VETO,,up,0.3258
2026-07-27 17:42,HPQ,HPQ260918C00029000,0,0.184,VETO,,down,-1.0174
2026-07-27 17:42,SOXX,SOXX260731C00575000,0,0.267,VETO,,down,-0.6409
2026-07-27 17:42,BLMN,BLMN260918C00010000,0,0.01,VETO,,down,-0.6222
2026-07-27 17:52,IEF,IEF280121C00106000,0,0.161,VETO,,down,-1.0789
2026-07-27 17:52,SPCX,SPCX260821C00150000,0,0.426,VETO,,up,0.2842
2026-07-27 17:52,KRE,KRE261016P00070000,0,0.252,VETO,,down,-0.9969
2026-07-27 17:52,SPY,SPY260728C00737000,0,0.425,VETO,,up,0.3425
2026-07-27 17:52,FOXA,FOXA260821C00060000,0,0.173,VETO,,down,-1.0028
2026-07-27 17:52,NVDA,NVDA260727C00195000,0,0.425,VETO,,up,0.4908
2026-07-27 17:52,PLTR,PLTR260731C00132000,0,0.426,VETO,,down,-0.7716
2026-07-27 17:52,IREN,IREN260821P00034000,0,0.444,VETO,,up,0.2964
2026-07-27 17:52,AMCR,AMCR261016C00050000,0,0.161,VETO,,down,-0.9391
2026-07-27 17:52,CVNA,CVNA260731C00066000,0,0.411,VETO,,up,0.2842
2026-07-27 17:52,IONQ,IONQ261016P00030000,0,0.252,VETO,,vertical,-0.239
2026-07-27 17:52,NBIS,NBIS260807P00110000,0,0.267,VETO,,down,-0.6824
2026-07-27 17:52,XLE,XLE260731C00058500,0,0.343,VETO,,down,-0.6875
2026-07-27 17:52,BABA,BABA261120C00150000,0,0.426,VETO,,down,-0.6328
2026-07-27 17:52,RGTI,RGTI260731P00016000,0,0.184,VETO,,down,-1.0303
2026-07-27 18:04,CRWV,CRWV260821C00090000,0,0.343,VETO,,down,-0.5575
2026-07-27 18:04,GOOGL,GOOGL260807C00350000,0,0.425,VETO,,up,0.3984
2026-07-27 18:04,AMD,AMD260729P00440000,0,0.408,VETO,,down,-0.6403
2026-07-27 18:04,CIFR,CIFR260918P00018000,0,0.343,VETO,,up,0.3242
2026-07-27 18:04,MS,MS260918P00190000,0,0.267,VETO,,up,0.3191
2026-07-27 18:04,JBLU,JBLU280121P00003000,0,0.115,VETO,,down,-1.0417
2026-07-27 18:04,INTC,INTC260729C00095000,0,0.425,VETO,,up,0.295
2026-07-27 18:04,PLTR,PLTR260731C00140000,0,0.426,VETO,,down,-0.8349
2026-07-27 18:04,TLT,TLT260828P00087000,0,0.252,VETO,,down,-0.6438
2026-07-27 18:04,SOFI,SOFI271217C00027000,0,0.252,VETO,,vertical,-0.2746
2026-07-27 18:04,MSTR,MSTR260918P00070000,0,0.408,VETO,,vertical,-0.1897
2026-07-27 18:12,SMCI,SMCI260821C00034000,0,0.232,VETO,,down,-0.5513
2026-07-27 18:12,BC,BC260821P00080000,0,0.161,VETO,,down,-0.6952
2026-07-27 18:12,WELL,WELL260821C00260000,0,0.267,VETO,,down,-0.7231
2026-07-27 18:12,PINS,PINS260918C00024000,0,0.161,VETO,,vertical,-0.0227
2026-07-27 18:12,KMB,KMB260821C00115000,0,0.408,VETO,,up,0.2913
2026-07-27 18:12,PTC,PTC260821C00135000,0,0.184,VETO,,down,-0.5492
2026-07-27 18:12,TQQQ,TQQQ260821P00050000,0,0.267,VETO,,up,0.3094
2026-07-27 18:12,APLD,APLD260731C00031500,0,0.252,VETO,,down,-1.0306
2026-07-27 18:12,DRAM,DRAM260821C00065000,0,0.343,VETO,,down,-0.5253
2026-07-27 18:12,RIVN,RIVN260731C00018000,0,0.252,VETO,,down,-0.9359
2026-07-27 18:12,BABA,BABA260821C00140000,0,0.426,VETO,,down,-0.8276
2026-07-27 18:12,NN,NN280121C00027000,0,0.051,VETO,,down,-0.8817
2026-07-27 18:12,DRAM,DRAM260828P00040000,0,0.343,VETO,,up,0.3571
2026-07-27 18:22,IGV,IGV260821P00090000,0,0.267,VETO,,down,-0.6474
2026-07-27 18:22,NOW,NOW261120C00160000,0,0.408,VETO,,down,-0.8952
2026-07-27 18:22,ADBE,ADBE270219P00140000,0,0.345,VETO,,down,-0.95
2026-07-27 18:22,IGV,IGV260821C00096000,0,0.267,VETO,,down,-0.8263
2026-07-27 18:22,IBIT,IBIT261016C00040000,0,0.267,VETO,,down,-0.7345
2026-07-27 18:22,NOW,NOW260821C00120000,0,0.408,VETO,,up,0.3086
2026-07-27 18:22,IGV,IGV260814C00090000,0,0.267,VETO,,down,-0.6833
2026-07-27 18:22,TSLL,TSLL280121C00021000,0,0.267,VETO,,down,-0.9031
2026-07-27 18:22,FRMI,FRMI260821C00007500,0,0.161,VETO,,down,-0.5409
2026-07-27 18:22,EIX,EIX260918C00085000,0,0.425,VETO,,up,0.4088
2026-07-27 18:22,DOW,DOW261120C00030000,0,0.345,VETO,,up,0.2869
2026-07-27 18:22,TQQQ,TQQQ260821P00060000,0,0.267,VETO,,up,0.3074
2026-07-27 18:34,EEM,EEM260731P00062500,0,0.343,VETO,,up,0.2831
2026-07-27 18:34,EEM,EEM260821P00060000,0,0.343,VETO,,up,0.3
2026-07-27 18:34,TSLA,TSLA260727C00302500,0,0.425,VETO,,up,0.4662
2026-07-27 18:34,EWY,EWY260731P00145000,0,0.343,VETO,,up,0.7441
2026-07-27 18:34,BE,BE260807P00105000,0,0.408,VETO,,up,0.2975
2026-07-27 18:34,SPCX,SPCX260731C00116000,0,0.426,VETO,,up,0.6576
2026-07-27 18:34,NVO,NVO260814P00051000,0,0.343,VETO,,down,-0.7163
2026-07-27 18:34,JPM,JPM260918P00330000,0,0.267,VETO,,down,-0.8462
2026-07-27 18:34,SPY,SPY260729C00747000,0,0.425,VETO,,up,0.3261
2026-07-27 18:34,VRT,VRT260814P00215000,0,0.252,VETO,,down,-0.6953
2026-07-27 18:34,GLD,GLD260729C00380000,0,0.425,VETO,,down,-0.9875
2026-07-27 18:34,NFLX,NFLX261120C00080000,0,0.408,VETO,,up,0.306
2026-07-27 18:34,ACHC,ACHC260821P00030000,0,0.09,VETO,,down,-1.1667
2026-07-27 18:34,TOST,TOST260918C00035000,0,0.267,VETO,,up,0.4043
2026-07-27 18:34,MDLZ,MDLZ260918C00060000,0,0.252,VETO,,up,0.3061
2026-07-27 18:34,XYL,XYL260821C00125000,0,0.343,VETO,,up,0.2788
2026-07-27 18:34,REPL,REPL260731C00008500,0,0.09,VETO,,down,-0.8597
2026-07-27 18:34,LQDA,LQDA260731P00085000,0,0.09,VETO,,down,-0.6703
2026-07-27 18:34,GME,GME280121C00030000,0,0.051,VETO,,vertical,-0.1548
2026-07-27 18:34,OKTA,OKTA260807C00150000,0,0.184,VETO,,down,-0.8845
2026-07-27 18:34,SPG,SPG260821P00230000,0,0.184,VETO,,down,-0.5946
2026-07-27 18:43,RKLB,RKLB260731C00064000,0,0.408,VETO,,up,0.3631
2026-07-27 18:43,SPY,SPY260728P00739000,0,0.425,VETO,,down,-0.607
2026-07-27 18:43,RGTI,RGTI280121P00010000,0,0.184,VETO,,vertical,-0.0847
2026-07-27 18:43,DIA,DIA260821P00485000,0,0.425,VETO,,down,-0.7302
2026-07-27 18:43,DKNG,DKNG261120C00027500,0,0.252,VETO,,down,-0.8946
2026-07-27 18:43,SLV,SLV260727C00052000,0,0.267,VETO,,up,0.375
2026-07-27 18:43,SQQQ,SQQQ260731P00045000,0,0.408,VETO,,down,-0.5822
2026-07-27 18:43,LSCC,LSCC260821C00150000,0,0.184,VETO,,down,-0.6333
2026-07-27 18:43,XOP,XOP260731P00171000,0,0.267,VETO,,up,0.2443
2026-07-27 18:43,TLT,TLT260807C00083000,0,0.252,VETO,,up,0.3144
2026-07-27 18:54,CAPR,CAPR270115C00007500,0,0.184,VETO,,down,-0.9986
2026-07-27 18:54,TLT,TLT260821P00083000,0,0.252,VETO,,up,0.4825
2026-07-27 18:54,AMD,AMD260729P00450000,0,0.408,VETO,,down,-0.5639
2026-07-27 18:54,HIMS,HIMS260731P00030000,0,0.184,VETO,,down,-1.0516
2026-07-27 18:54,FLEX,FLEX260821C00140000,0,0.184,VETO,,down,-0.6382
2026-07-27 18:54,TQQQ,TQQQ260807P00055000,0,0.267,VETO,,up,0.2962
2026-07-27 18:54,GM,GM260918C00092500,0,0.343,VETO,,up,0.3158
2026-07-27 18:54,LMND,LMND260731P00052000,0,0.173,VETO,,down,-1.1429
2026-07-27 18:54,DE,DE260731C00635000,0,0.408,VETO,,up,0.1432
2026-07-27 18:54,INTC,INTC260821P00080000,0,0.425,VETO,,up,0.3958
2026-07-27 18:54,ONDS,ONDS280121P00007000,0,0.184,VETO,,vertical,-0.0915
2026-07-27 18:54,PYPL,PYPL260731P00053000,0,0.252,VETO,,down,-0.9823
2026-07-27 18:54,SOXX,SOXX260731C00580000,0,0.267,VETO,,down,-0.7579
2026-07-27 18:54,DLO,DLO270219P00012000,0,0.01,VETO,,down,-1.1136
2026-07-27 18:54,LW,LW260821C00055000,0,0.184,VETO,,down,-1.1
2026-07-27 18:54,INCY,INCY260821C00125000,0,0.345,VETO,,up,0.1422
2026-07-27 18:54,ASAN,ASAN260918P00007500,0,0.051,VETO,,down,-1.025
2026-07-27 18:54,IBRX,IBRX280121C00007500,0,0.051,VETO,,down,-0.8838
2026-07-27 18:54,HIMS,HIMS260821C00031000,0,0.184,VETO,,down,-0.5516
2026-07-27 18:54,REPL,REPL260814P00008000,0,0.09,VETO,,up,0.369
2026-07-27 19:04,TQQQ,TQQQ260731P00060000,0,0.267,VETO,,up,0.6138
2026-07-27 19:04,IWM,IWM260731P00285000,0,0.444,VETO,,up,0.3132
2026-07-27 19:04,TLT,TLT260918C00084000,0,0.252,VETO,,down,-0.5045
2026-07-27 19:04,NVDA,NVDA260807P00190000,0,0.425,VETO,,up,0.3303
2026-07-27 19:04,TLT,TLT280121C00089000,0,0.252,VETO,,vertical,-0.264
2026-07-27 19:04,TTD,TTD260828C00020000,0,0.232,VETO,,down,-0.9342
2026-07-27 19:04,RKLB,RKLB260731P00063000,0,0.408,VETO,,down,-0.7406
2026-07-27 19:04,DRAM,DRAM260731P00050000,0,0.343,VETO,,up,0.4381
2026-07-27 19:04,GE,GE260821P00320000,0,0.184,VETO,,down,-0.9458
2026-07-27 19:04,HAL,HAL260918P00030000,0,0.426,VETO,,up,0.3214
2026-07-27 19:04,MSTR,MSTR260821P00085000,0,0.408,VETO,,up,0.4049
2026-07-27 19:04,WULF,WULF260821C00018000,0,0.343,VETO,,down,-0.5398
2026-07-27 19:04,GLD,GLD260729C00374000,0,0.425,VETO,,down,-0.84
2026-07-27 19:04,SQQQ,SQQQ260828C00046000,0,0.408,VETO,,vertical,-0.5506
2026-07-27 19:04,MSTR,MSTR260731P00086000,0,0.408,VETO,,up,0.5917
2026-07-27 19:04,XLP,XLP260821C00085000,0,0.267,VETO,,up,0.3476
2026-07-27 19:12,BMNR,BMNR260828C00019000,1,0.252,VETO,,down,-1.0113
2026-07-27 19:12,IWM,IWM260810C00300000,0,0.444,VETO,,down,-0.5494
2026-07-27 19:12,TLT,TLT270617C00095000,0,0.252,VETO,,vertical,-0.359
2026-07-27 19:12,DJT,DJT260918C00012000,0,0.079,VETO,,down,-0.9904
2026-07-27 19:12,TLT,TLT270617C00090000,0,0.252,VETO,,vertical,-0.2754
2026-07-27 19:12,MET,MET260918P00092500,0,0.161,VETO,,down,-0.5276
2026-07-27 19:12,EWZ,EWZ260918C00040000,0,0.173,VETO,,down,-0.9028
2026-07-27 19:12,IREN,IREN260821C00040000,0,0.444,VETO,,down,-0.5507
2026-07-27 19:12,FOUR,FOUR260918P00045000,0,0.051,VETO,,down,-0.8228
2026-07-27 19:12,NN,NN260821C00015000,0,0.051,VETO,,down,-1.1562
2026-07-27 19:12,SLS,SLS260821C00012000,0,0.161,VETO,,down,-0.6455
2026-07-27 19:12,BMNR,BMNR260814C00019000,0,0.252,VETO,,down,-1.0138
2026-07-27 19:12,SNXX,SNXX260731C00011500,0,0.232,VETO,,down,-1.0967
2026-07-27 19:12,GRPN,GRPN260918C00030000,0,0.051,VETO,,vertical,-0.1975
2026-07-27 19:12,ENVX,ENVX260807C00004000,0,0.01,VETO,,down,-0.9524
2026-07-27 19:12,SMCI,SMCI260814C00030000,0,0.232,VETO,,down,-0.5709
2026-07-27 19:23,AMD,AMD260727C00492500,0,0.408,VETO,,up,0.3196
2026-07-27 19:23,NVDA,NVDA260828C00230000,0,0.425,VETO,,vertical,-0.0795
2026-07-27 19:23,SPY,SPY260821P00704000,0,0.425,VETO,,up,0.3155
2026-07-27 19:23,LYFT,LYFT270115C00020000,0,0.161,VETO,,vertical,-0.0328
2026-07-27 19:23,SPY,SPY260803P00722000,0,0.425,VETO,,up,0.3
2026-07-27 19:23,AI,AI260807C00008000,0,0.027,VETO,,down,-0.5931
2026-07-27 19:23,HOOD,HOOD260731C00114000,0,0.425,VETO,,down,-0.8333
2026-07-27 19:23,U,U280121C00070000,0,0.173,VETO,,vertical,-0.11
2026-07-27 19:23,RZLV,RZLV280121C00007000,0,0.01,VETO,,down,-1.0833
2026-07-27 19:23,CIFR,CIFR260807C00030000,0,0.343,VETO,,down,-1.0676
2026-07-27 19:23,TOST,TOST260807P00028000,0,0.267,VETO,,down,-1.0526
2026-07-27 19:23,ETHA,ETHA260918C00016000,0,0.161,VETO,,down,-0.6103
2026-07-27 19:23,ASTS,ASTS260731P00049500,0,0.343,VETO,,down,-0.575
2026-07-27 19:23,NBIS,NBIS270115C00310000,0,0.267,VETO,,down,-0.5465
2026-07-27 19:23,SKHY,SKHY280121P00130000,0,0.444,VETO,,vertical,-0.1079
2026-07-27 19:23,NXT,NXT260918C00125000,0,0.09,VETO,,down,-0.5841
2026-07-27 19:32,TTWO,TTWO260821C00290000,0,0.252,VETO,,up,0.2627
2026-07-27 19:32,SLV,SLV260729P00052500,0,0.267,VETO,,up,0.875
2026-07-27 19:32,SPCX,SPCX260731C00120000,0,0.426,VETO,,down,-0.5388
2026-07-27 19:32,SMH,SMH260727C00550000,0,0.267,VETO,,down,-1.0125
2026-07-27 19:32,RGTI,RGTI260807C00016000,0,0.184,VETO,,down,-0.6532
2026-07-27 19:32,OXY,OXY260821P00054000,0,0.408,VETO,,up,0.323
2026-07-27 19:32,SOXX,SOXX260807P00415000,0,0.267,VETO,,down,-1.0766
2026-07-27 19:32,AMKR,AMKR260821C00075000,0,0.184,VETO,,down,-0.9391
2026-07-27 19:32,ACAD,ACAD270115C00027000,0,0.09,VETO,,down,-0.5211
2026-07-27 19:32,CIFR,CIFR260731C00021500,0,0.343,VETO,,down,-0.6518
2026-07-27 19:32,COCO,COCO261016C00085000,0,0.09,VETO,,down,-0.7286
2026-07-27 19:32,CENX,CENX260918C00050000,0,0.09,VETO,,down,-0.725
2026-07-27 19:32,SMH,SMH260828P00595000,0,0.267,VETO,,up,0.2923
2026-07-27 19:42,IWM,IWM260731C00297000,0,0.444,VETO,,down,-0.548
2026-07-27 19:42,CHWY,CHWY260821C00020000,0,0.051,VETO,,down,-0.9131
2026-07-27 19:42,NVO,NVO260821C00052000,0,0.343,VETO,,up,0.2831
2026-07-27 19:42,QQQ,QQQ260729P00675000,0,0.425,VETO,,up,0.4639
2026-07-27 19:42,XLE,XLE261016P00055000,0,0.343,VETO,,vertical,-0.3333
2026-07-27 19:42,NVO,NVO260918P00050000,0,0.343,VETO,,up,0.3594
2026-07-27 19:42,BABA,BABA260731C00118000,0,0.426,VETO,,down,-0.58
2026-07-27 19:42,OBE,OBE261016C00010000,0,0.0,VETO,,vertical,0.1414
2026-07-27 19:51,QQQ,QQQ260731C00695000,0,0.425,VETO,,down,-0.594
2026-07-27 19:51,ETSY,ETSY260821C00095000,0,0.161,VETO,,down,-1.083
2026-07-27 19:51,DVN,DVN260821P00041500,0,0.267,VETO,,down,-0.9912
2026-07-27 19:51,GO,GO260821C00009000,0,0.01,VETO,,down,-1.04
2026-07-27 19:51,TEM,TEM260731C00043500,0,0.184,VETO,,down,-0.5628
2026-07-27 19:51,SIMO,SIMO260821P00135000,0,0.161,VETO,,down,-0.5902
2026-07-27 19:51,SLV,SLV260810C00057000,0,0.267,VETO,,down,-0.5851
2026-07-27 19:51,MDLZ,MDLZ260918P00060000,0,0.252,VETO,,down,-0.6214
2026-07-27 19:51,FITB,FITB260821C00060000,0,0.123,VETO,,down,-0.675
2026-07-27 19:51,NBIS,NBIS260814P00100000,0,0.267,VETO,,up,0.3278
2026-07-27 19:51,BABA,BABA260918C00155000,0,0.426,VETO,,up,0.2738
2026-07-27 19:51,EEM,EEM260821P00064000,0,0.343,VETO,,up,0.3424
2026-07-27 19:51,USO,USO260805C00155000,0,0.411,VETO,,down,-1.0
2026-07-27 19:51,KWEB,KWEB260821P00027000,0,0.267,VETO,,down,-0.7093
2026-07-27 19:51,DRI,DRI260821C00220000,0,0.161,VETO,,down,-1.0148
2026-07-27 19:51,AG,AG270115C00040000,0,0.161,VETO,,vertical,-0.3415
2026-07-27 19:51,GDX,GDX260821P00074000,0,0.408,VETO,,up,0.2848
2026-07-27 19:51,CELH,CELH260821C00030000,0,0.161,VETO,,down,-0.6558
2026-07-27 19:51,ASHR,ASHR260731P00035000,0,0.184,VETO,,up,0.5877
2026-07-27 19:51,DLO,DLO260821C00014000,0,0.01,VETO,,down,-0.8216
2026-07-28 13:32,CORZ,CORZ260821C00021000,0,0.267,VETO,,down,-0.6996
2026-07-28 13:32,GLD,GLD260729P00370000,0,0.345,VETO,,up,0.2741
2026-07-28 13:32,NVDA,NVDA260729C00195000,0,0.444,VETO,,up,0.3795
2026-07-28 13:32,NFLX,NFLX260918P00070000,0,0.425,VETO,,vertical,-0.0357
2026-07-28 13:32,NFLX,NFLX260807C00072000,0,0.425,VETO,,up,0.4581
2026-07-28 13:32,ARKK,ARKK261016P00065000,0,0.252,VETO,,down,-0.7325
2026-07-28 13:32,GM,GM260807C00089000,0,0.267,VETO,,up,0.3252
2026-07-28 13:32,SN,SN260918C00155000,0,0.161,VETO,,vertical,0.0949
2026-07-28 13:45,WMT,WMT260918C00125000,0,0.345,VETO,,down,-0.5733
2026-07-28 13:45,LRCX,LRCX260731P00230000,0,0.267,VETO,,down,-1.1211
2026-07-28 13:45,AMD,AMD260803P00400000,0,0.425,VETO,,down,-0.596
2026-07-28 13:45,SPCX,SPCX260807P00090000,0,0.425,VETO,,down,-0.5486
2026-07-28 13:45,PLTR,PLTR260731P00122000,0,0.444,VETO,,up,0.7107
2026-07-28 13:45,ASHR,ASHR260821P00033500,0,0.173,VETO,,down,-0.6322
2026-07-28 13:45,SPY,SPY260729P00725000,0,0.425,VETO,,down,-0.625
2026-07-28 13:45,SPY,SPY260730P00714000,0,0.425,VETO,,down,-0.5395
2026-07-28 13:45,GLD,GLD260731P00363000,0,0.345,VETO,,up,0.2484
2026-07-28 13:45,CAPR,CAPR260821C00010000,0,0.115,VETO,,down,-1.0441
2026-07-28 13:45,DRAM,DRAM260731C00050000,0,0.408,VETO,,down,-1.0105
2026-07-28 13:45,XLV,XLV260821C00173000,0,0.252,VETO,,down,-0.6483
2026-07-28 13:45,NBIS,NBIS260807P00090000,0,0.343,VETO,,down,-0.8333
2026-07-28 13:45,GLD,GLD260810P00361000,0,0.345,VETO,,down,-1.0
2026-07-28 13:45,TE,TE260731P00004500,0,0.09,VETO,,down,-1.0769
2026-07-28 13:45,XLV,XLV260821C00172000,0,0.252,VETO,,down,-1.2419
2026-07-28 13:52,EEM,EEM260918P00062000,0,0.267,VETO,,down,-0.682
2026-07-28 13:52,ROK,ROK260821P00380000,0,0.184,VETO,,down,-1.189
2026-07-28 13:52,NVDA,NVDA260807P00180000,0,0.444,VETO,,up,0.2939
2026-07-28 13:52,SPY,SPY260729P00737000,0,0.425,VETO,,down,-0.5109
2026-07-28 13:52,NVDA,NVDA260807P00185000,0,0.444,VETO,,up,0.3082
2026-07-28 13:52,QQQ,QQQ260728C00675000,0,0.425,VETO,,down,-0.5461
2026-07-28 13:52,KRE,KRE261016P00075000,0,0.252,VETO,,vertical,-0.2788
2026-07-28 13:52,SOLV,SOLV260918C00090000,0,0.267,VETO,,up,0.2017
2026-07-28 13:52,SPY,SPY260728C00738000,0,0.425,VETO,,up,0.709
2026-07-28 13:52,SPY,SPY260805P00715000,0,0.425,VETO,,down,-0.6995
2026-07-28 13:52,NFLX,NFLX260731C00074000,0,0.425,VETO,,down,-0.6889
2026-07-28 13:52,ETHA,ETHA260918C00016000,0,0.161,VETO,,vertical,-0.27
2026-07-28 13:52,KLAC,KLAC260821C00250000,0,0.343,VETO,,down,-1.0682
2026-07-28 13:52,ETHA,ETHA260918C00017000,0,0.161,VETO,,vertical,-0.2742
2026-07-28 13:52,CINF,CINF260918C00195000,0,0.184,VETO,,down,-1.1246
2026-07-28 13:52,REPL,REPL260807P00005000,0,0.09,VETO,,down,-1.0389
2026-07-28 13:52,GME,GME270917C00035000,0,0.09,VETO,,down,-1.0632
2026-07-28 13:52,BAH,BAH260821C00080000,0,0.115,VETO,,down,-0.9929
2026-07-28 13:52,NVDA,NVDA261016P00205000,0,0.444,VETO,,vertical,-0.1968
2026-07-28 14:03,MSFT,MSFT260731P00362500,0,0.444,VETO,,down,-1.0479
2026-07-28 14:03,SPY,SPY260731C00742000,0,0.425,VETO,,up,0.3856
2026-07-28 14:03,QQQ,QQQ260728C00669000,0,0.425,VETO,,up,0.3632
2026-07-28 14:03,QQQ,QQQ260728P00669000,0,0.425,VETO,,down,-0.5295
2026-07-28 14:03,NVDA,NVDA260918P00165000,0,0.444,VETO,,vertical,-0.406
2026-07-28 14:03,FIG,FIG270115C00035000,0,0.184,VETO,,down,-1.0455
2026-07-28 14:03,CRM,CRM260807C00190000,0,0.425,VETO,,up,0.3136
2026-07-28 14:03,INTC,INTC260729C00088000,0,0.444,VETO,,up,0.6509
2026-07-28 14:03,GLW,GLW260814C00130000,0,0.408,VETO,,up,0.3193
2026-07-28 14:03,XBI,XBI260918P00141000,0,0.343,VETO,,down,-0.6687
2026-07-28 14:03,XLK,XLK260918C00182500,0,0.343,VETO,,up,0.4268
2026-07-28 14:03,OKTA,OKTA260807P00126000,0,0.184,VETO,,down,-0.691
2026-07-28 14:12,HPE,HPE260918P00040000,0,0.345,VETO,,vertical,-0.4676
2026-07-28 14:12,HPE,HPE260918P00039000,0,0.345,VETO,,down,-0.6065
2026-07-28 14:12,TFC,TFC260821C00052500,0,0.115,VETO,,down,-0.5929
2026-07-28 14:12,KO,KO260821P00090000,0,0.345,VETO,,up,0.2857
2026-07-28 14:12,MDT,MDT260821P00082500,0,0.267,VETO,,down,-1.1765
2026-07-28 14:12,XLE,XLE260918C00057500,0,0.252,VETO,,vertical,0.1095
2026-07-28 14:12,TJX,TJX260821P00152500,0,0.343,VETO,,down,-0.7068
2026-07-28 14:12,TLT,TLT260731C00083000,0,0.184,VETO,,down,-0.991
2026-07-28 14:12,NBIS,NBIS260731P00120000,0,0.343,VETO,,down,-0.6204
2026-07-28 14:12,OKTA,OKTA260731C00134000,0,0.184,VETO,,up,0.2508
2026-07-28 14:12,TSCO,TSCO261016P00030000,0,0.09,VETO,,down,-0.5571
2026-07-28 14:12,AG,AG270115C00040000,0,0.161,VETO,,vertical,-0.3125
2026-07-28 14:24,TSLA,TSLA260731P00295000,0,0.425,VETO,,down,-0.5228
2026-07-28 14:24,SOXX,SOXX260807C00570000,0,0.267,VETO,,down,-1.1191
2026-07-28 14:24,AXTI,AXTI260814C00053000,0,0.267,VETO,,down,-0.9859
2026-07-28 14:24,VIAV,VIAV261120P00026000,0,0.252,VETO,,vertical,-0.4821
2026-07-28 14:24,CLF,CLF261016C00013000,0,0.173,VETO,,down,-1.0081
2026-07-28 14:24,FRMI,FRMI260731C00007000,0,0.184,VETO,,down,-1.1667
2026-07-28 14:24,KRE,KRE260731P00075000,0,0.252,VETO,,down,-0.537
2026-07-28 14:24,JCI,JCI260821C00150000,0,0.267,VETO,,up,0.204
2026-07-28 14:24,PEP,PEP260821P00145000,0,0.425,VETO,,up,0.274
2026-07-28 14:24,ABNB,ABNB260731C00150000,0,0.343,VETO,,up,0.2962
2026-07-28 14:24,JD,JD260918C00036000,0,0.252,VETO,,vertical,0.0214
2026-07-28 14:24,DRAM,DRAM270319C00122000,0,0.408,VETO,,down,-0.6625
2026-07-28 14:24,EFX,EFX260821P00175000,0,0.161,VETO,,down,-0.6575
2026-07-28 14:24,LULU,LULU260821C00130000,0,0.252,VETO,,down,-0.7542
2026-07-28 14:24,OLN,OLN260821P00025000,0,0.079,VETO,,down,-0.5986
2026-07-28 14:33,HOOD,HOOD261016C00155000,0,0.411,VETO,,down,-0.7168
2026-07-28 14:33,SPY,SPY260728C00737000,0,0.425,VETO,,up,0.4532
2026-07-28 14:33,BABA,BABA260731C00113000,0,0.426,VETO,,down,-0.6422
2026-07-28 14:33,NVDA,NVDA260807P00190000,0,0.444,VETO,,down,-0.638
2026-07-28 14:33,NOW,NOW260731C00115000,0,0.425,VETO,,up,0.3272
2026-07-28 14:33,ORCL,ORCL260731P00115000,0,0.425,VETO,,down,-0.5845
2026-07-28 14:33,ORCL,ORCL260731C00115000,0,0.425,VETO,,up,0.2867
2026-07-28 14:33,TLT,TLT270219C00084000,0,0.184,VETO,,down,-0.8295
2026-07-28 14:33,AMAT,AMAT260731P00380000,0,0.267,VETO,,down,-0.6429
2026-07-28 14:33,PSIX,PSIX260821C00050000,0,0.09,VETO,,down,-0.69
2026-07-28 14:33,M,M260731C00025000,0,0.09,VETO,,down,-1.1554
2026-07-28 14:33,FCEL,FCEL260731P00020000,0,0.161,VETO,,down,-1.015
2026-07-28 14:33,MDB,MDB260731C00330000,0,0.252,VETO,,up,0.1377
2026-07-28 14:33,VSAT,VSAT260918C00100000,0,0.343,VETO,,up,0.2984
2026-07-28 14:33,CLSK,CLSK260918P00010000,0,0.267,VETO,,down,-0.6304
2026-07-28 14:33,TLT,TLT270115C00083000,0,0.184,VETO,,vertical,-0.2622
2026-07-28 14:33,TLT,TLT270219C00083000,0,0.184,VETO,,vertical,-0.2492
2026-07-28 14:33,TLT,TLT270219C00082000,0,0.184,VETO,,down,-0.592
2026-07-28 14:43,TSLA,TSLA260729P00297500,0,0.425,VETO,,down,-0.5647
2026-07-28 14:43,BKR,BKR260918C00060000,0,0.184,VETO,,vertical,0.055
2026-07-28 14:43,SPY,SPY260728P00738000,0,0.425,VETO,,down,-0.5744
2026-07-28 14:43,MSFT,MSFT260731P00350000,0,0.444,VETO,,down,-1.0299
2026-07-28 14:43,LRCX,LRCX260807C00347500,0,0.267,VETO,,down,-0.6741
2026-07-28 14:43,XBI,XBI260731P00146000,0,0.343,VETO,,down,-0.575
2026-07-28 14:43,MOS,MOS260821P00022000,0,0.161,VETO,,vertical,-0.0222
2026-07-28 14:43,INTC,INTC260729C00085000,0,0.444,VETO,,up,0.3045
2026-07-28 14:43,NVTS,NVTS270319C00021000,0,0.161,VETO,,down,-0.7486
2026-07-28 14:43,CIFR,CIFR260918C00027000,0,0.267,VETO,,down,-0.5854
2026-07-28 14:43,SOXL,SOXL260731C00130000,0,0.343,VETO,,up,0.3213
2026-07-28 14:43,CPB,CPB261120C00022000,0,0.09,VETO,,down,-0.6519
2026-07-28 14:43,GME,GME260904C00023000,0,0.09,VETO,,down,-0.7571
2026-07-28 14:52,F,F260828C00015500,1,0.184,VETO,,up,0.6024
2026-07-28 14:52,QQQ,QQQ260731P00660000,0,0.425,VETO,,up,0.3879
2026-07-28 14:52,SPY,SPY260730P00737000,0,0.425,VETO,,up,0.5129
2026-07-28 14:52,SQQQ,SQQQ260731P00047500,0,0.343,VETO,,down,-0.5628
2026-07-28 14:52,BAX,BAX260807C00024000,0,0.161,VETO,,down,-0.6345
2026-07-28 14:52,F,F271217C00015000,0,0.184,VETO,,vertical,-0.1038
2026-07-28 14:52,KMB,KMB261016P00095000,0,0.267,VETO,,down,-1.1111
2026-07-28 14:52,PLTR,PLTR260731C00122000,0,0.444,VETO,,up,0.3524
2026-07-28 14:52,GDX,GDX260807C00076000,0,0.345,VETO,,down,-0.5548
2026-07-28 14:52,PAYX,PAYX260821C00120000,0,0.425,VETO,,up,0.4711
2026-07-28 14:52,OMER,OMER260821C00010000,0,0.027,VETO,,down,-0.5571
2026-07-28 14:52,LTH,LTH261016P00045000,0,0.09,VETO,,down,-1.122
2026-07-28 14:52,EWY,EWY261016C00220000,0,0.345,VETO,,down,-1.0541
2026-07-28 15:03,TSLA,TSLA260729P00302500,0,0.425,VETO,,down,-0.5969
2026-07-28 15:03,GEHC,GEHC260731C00062000,0,0.252,VETO,,up,0.3326
2026-07-28 15:03,SPY,SPY270617C00925000,0,0.425,VETO,,down,-0.6914
2026-07-28 15:03,QQQ,QQQ260803P00620000,0,0.425,VETO,,down,-0.5727
2026-07-28 15:03,QQQ,QQQ260728C00671000,0,0.425,VETO,,up,0.7212
2026-07-28 15:03,TMDX,TMDX260821P00065000,0,0.161,VETO,,down,-0.6343
2026-07-28 15:03,UAL,UAL260918C00145000,0,0.267,VETO,,vertical,-0.622
2026-07-28 15:03,RCL,RCL260731C00330000,0,0.267,VETO,,up,0.1903
2026-07-28 15:03,PLD,PLD260821C00150000,0,0.252,VETO,,down,-0.5419
2026-07-28 15:03,XLK,XLK260918C00185000,0,0.343,VETO,,down,-0.7545
2026-07-28 15:03,CINF,CINF261120C00210000,0,0.184,VETO,,down,-1.1684
2026-07-28 15:12,RSP,RSP260731P00212500,0,0.267,VETO,,down,-0.8625
2026-07-28 15:12,QQQ,QQQ260728C00672000,0,0.425,VETO,,up,0.4113
2026-07-28 15:12,SPY,SPY260728P00740000,0,0.425,VETO,,down,-0.5925
2026-07-28 15:12,PLTR,PLTR260731C00123000,0,0.444,VETO,,up,0.3375
2026-07-28 15:12,PLTR,PLTR260731C00124000,0,0.444,VETO,,up,0.3157
2026-07-28 15:12,PLTR,PLTR260731C00125000,0,0.444,VETO,,up,0.3189
2026-07-28 15:12,PLTR,PLTR260731C00126000,0,0.444,VETO,,up,0.3075
2026-07-28 15:12,QQQ,QQQ260728C00680000,0,0.425,VETO,,up,0.8854
2026-07-28 15:12,SPY,SPY260807C00748000,0,0.425,VETO,,up,0.3255
2026-07-28 15:12,RIVN,RIVN260918C00020000,0,0.343,VETO,,down,-0.5352
2026-07-28 15:12,USB,USB260918C00065000,0,0.115,VETO,,down,-1.0026
2026-07-28 15:12,PLTR,PLTR260731C00127000,0,0.444,VETO,,up,0.2901
2026-07-28 15:12,LRCX,LRCX260731C00330000,0,0.267,VETO,,down,-1.1167
2026-07-28 15:12,LVS,LVS260918P00047500,0,0.115,VETO,,down,-1.0308
2026-07-28 15:12,EWZ,EWZ260807P00035500,0,0.184,VETO,,down,-0.875
2026-07-28 15:12,FCEL,FCEL260731C00020000,0,0.161,VETO,,down,-1.0714
2026-07-28 15:12,TLT,TLT260731C00083500,0,0.184,VETO,,up,0.2986
2026-07-28 15:12,FIVN,FIVN261016C00037500,0,0.115,VETO,,down,-0.9958
2026-07-28 15:23,TSLA,TSLA260803C00320000,0,0.425,VETO,,up,0.3225
2026-07-28 15:23,SPY,SPY260728C00740000,0,0.425,VETO,,up,0.3168
2026-07-28 15:23,SPY,SPY260728C00741000,0,0.425,VETO,,up,0.3212
2026-07-28 15:23,FIG,FIG260821C00023500,0,0.184,VETO,,down,-1.0819
2026-07-28 15:23,CRM,CRM260821C00210000,0,0.425,VETO,,down,-1.0246
2026-07-28 15:23,RSP,RSP260821P00210000,0,0.267,VETO,,down,-1.0833
2026-07-28 15:23,XLE,XLE260918C00061000,0,0.252,VETO,,up,0.2636
2026-07-28 15:23,MRK,MRK260821P00125000,0,0.252,VETO,,up,0.3021
2026-07-28 15:23,SQQQ,SQQQ260918P00039000,0,0.343,VETO,,down,-0.718
2026-07-28 15:23,VG,VG261120P00012500,0,0.173,VETO,,vertical,-0.3429
2026-07-28 15:23,NNE,NNE261016C00026000,0,0.09,VETO,,down,-0.5875
2026-07-28 15:23,FCX,FCX260821P00055000,0,0.343,VETO,,down,-1.0417
2026-07-28 15:23,CCL,CCL260731C00027500,0,0.161,VETO,,down,-0.7619
2026-07-28 15:23,XLE,XLE260904C00058500,0,0.252,VETO,,down,-0.8912
2026-07-28 15:23,CAR,CAR260821P00140000,0,0.184,VETO,,up,0.1974
2026-07-28 15:23,TEM,TEM260807P00036000,0,0.184,VETO,,down,-0.7722
2026-07-28 15:23,DGX,DGX261120C00270000,0,0.115,VETO,,down,-0.7513
2026-07-28 15:32,SPY,SPY260731P00718000,0,0.425,VETO,,up,0.3475
2026-07-28 15:32,SPY,SPY260728P00744000,0,0.425,VETO,,vertical,-0.0285
2026-07-28 15:32,QQQ,QQQ260728C00677000,0,0.425,VETO,,up,0.3904
2026-07-28 15:32,EWT,EWT260821P00090000,0,0.252,VETO,,up,0.3093
2026-07-28 15:32,IBIT,IBIT260918P00035000,0,0.267,VETO,,vertical,0.0172
2026-07-28 15:32,IREN,IREN260731P00032000,0,0.343,VETO,,up,0.3981
2026-07-28 15:32,BBWI,BBWI260814C00021000,0,0.09,VETO,,down,-0.7905
2026-07-28 15:32,WDAY,WDAY260807P00150000,0,0.173,VETO,,down,-0.6472
2026-07-28 15:32,BNO,BNO270115C00060000,0,0.252,VETO,,vertical,0.0175
2026-07-28 15:32,NBIS,NBIS260731C00200000,0,0.343,VETO,,down,-0.7448
2026-07-28 15:32,PGY,PGY260821C00020000,0,0.051,VETO,,down,-0.7364
2026-07-28 15:42,CLF,CLF261016C00012000,0,0.173,VETO,,down,-0.9048
2026-07-28 15:42,INTC,INTC260803P00079000,0,0.444,VETO,,up,0.315
2026-07-28 15:42,VXX,VXX260918C00022000,0,0.184,VETO,,down,-0.5638
2026-07-28 15:42,EWZ,EWZ261016C00040000,0,0.184,VETO,,down,-1.033
2026-07-28 15:42,QQQ,QQQ260731P00636000,0,0.425,VETO,,up,0.2969
2026-07-28 15:42,SBUX,SBUX261016C00115000,0,0.345,VETO,,down,-0.9086
2026-07-28 15:42,CNC,CNC260814C00061000,0,0.345,VETO,,up,0.2672
2026-07-28 15:42,USO,USO260805P00120000,0,0.408,VETO,,down,-0.6592
2026-07-28 15:42,COLB,COLB261120C00030000,0,0.09,VETO,,down,-0.6919
2026-07-28 15:42,ASTS,ASTS260807C00065000,0,0.408,VETO,,down,-0.618
2026-07-28 15:42,CNC,CNC260821C00062500,0,0.345,VETO,,up,0.3375
2026-07-28 15:42,MGM,MGM260731P00043000,0,0.161,VETO,,down,-0.8556
2026-07-28 15:53,PLTR,PLTR260731P00123000,0,0.444,VETO,,down,-0.5429
2026-07-28 15:53,CRWD,CRWD260807P00166250,0,0.425,VETO,,down,-1.0233
2026-07-28 15:53,SPCX,SPCX260807C00330000,0,0.425,VETO,,down,-0.7
2026-07-28 15:53,QQQ,QQQ260728P00680000,0,0.425,VETO,,up,0.3399
2026-07-28 15:53,QQQ,QQQ260731P00637000,0,0.425,VETO,,up,0.3284
2026-07-28 15:53,SPOT,SPOT260918P00380000,0,0.252,VETO,,down,-0.7299
2026-07-28 15:53,MRK,MRK261016P00115000,0,0.252,VETO,,down,-1.037
2026-07-28 15:53,ASTS,ASTS260731C00058000,0,0.408,VETO,,down,-0.5435
2026-07-28 15:53,SMH,SMH260821C00650000,0,0.408,VETO,,down,-0.5437
2026-07-28 15:53,VGT,VGT260918P00107000,0,0.232,VETO,,vertical,-0.4485
2026-07-28 15:53,ADBE,ADBE260731C00255000,0,0.425,VETO,,up,0.6198
2026-07-28 15:53,EWY,EWY260821C00190000,0,0.345,VETO,,down,-1.0128
2026-07-28 15:53,CRWD,CRWD260731C00183750,0,0.425,VETO,,down,-0.556
2026-07-28 15:53,TEVA,TEVA260918C00035000,0,0.161,VETO,,down,-0.9187
2026-07-28 15:53,DRAM,DRAM260731P00047000,0,0.408,VETO,,up,0.2562
2026-07-28 15:53,BE,BE260821C00230000,0,0.267,VETO,,up,0.857
2026-07-28 16:03,NOW,NOW260807P00106000,0,0.425,VETO,,down,-0.9947
2026-07-28 16:03,IWM,IWM260807P00293000,0,0.343,VETO,,up,0.4471
2026-07-28 16:03,SOFI,SOFI260807P00015500,0,0.267,VETO,,up,0.7444
2026-07-28 16:03,KO,KO260821C00090000,0,0.345,VETO,,down,-1.0164
2026-07-28 16:03,XLV,XLV260918C00170000,0,0.252,VETO,,down,-0.591
2026-07-28 16:03,UBER,UBER261016P00067500,0,0.267,VETO,,down,-0.53
2026-07-28 16:03,KORU,KORU260821C00015000,0,0.267,VETO,,down,-1.0429
2026-07-28 16:03,EMR,EMR260821P00140000,0,0.343,VETO,,down,-0.8357
2026-07-28 16:03,AAOI,AAOI260731C00094000,0,0.161,VETO,,down,-0.6567
2026-07-28 16:03,DVN,DVN261016C00045000,0,0.343,VETO,,up,0.2991
2026-07-28 16:03,HIMS,HIMS260731P00027000,0,0.267,VETO,,down,-1.0889
2026-07-28 16:03,KRE,KRE260821C00081000,0,0.252,VETO,,down,-0.75
2026-07-28 16:03,RMBS,RMBS260918P00065000,0,0.184,VETO,,down,-0.5786
2026-07-28 16:03,QQQ,QQQ260803C00679000,0,0.425,VETO,,down,-0.5057
2026-07-28 16:12,CRWV,CRWV261016C00120000,0,0.345,VETO,,up,0.3418
2026-07-28 16:12,CTSH,CTSH261218C00085000,0,0.252,VETO,,down,-0.7833
2026-07-28 16:12,SPY,SPY260728C00742000,0,0.425,VETO,,up,0.4059
2026-07-28 16:12,EBAY,EBAY260731P00120000,0,0.252,VETO,,down,-0.5482
2026-07-28 16:12,AMD,AMD260729C00480000,0,0.425,VETO,,down,-0.5742
2026-07-28 16:12,SPY,SPY260728P00741000,0,0.425,VETO,,down,-0.5465
2026-07-28 16:12,CRM,CRM260807P00170000,0,0.425,VETO,,down,-1.0436
2026-07-28 16:12,AZN,AZN260821C00175000,0,0.184,VETO,,down,-0.7061
2026-07-28 16:12,CTSH,CTSH261218C00072500,0,0.252,VETO,,down,-0.7724
2026-07-28 16:12,BSX,BSX260918P00040000,0,0.267,VETO,,down,-1.0263
2026-07-28 16:12,RIOT,RIOT260821P00021000,0,0.345,VETO,,up,0.2833
2026-07-28 16:12,CBRS,CBRS260814C00320000,0,0.161,VETO,,down,-0.7612
2026-07-28 16:12,SIRI,SIRI260731P00030000,0,0.173,VETO,,down,-1.0476
2026-07-28 16:12,CCL,CCL270115C00032000,0,0.161,VETO,,down,-0.6086
2026-07-28 16:12,QBTS,QBTS260814C00019500,0,0.232,VETO,,down,-0.6568
2026-07-28 16:12,CRCL,CRCL260918C00130000,0,0.267,VETO,,down,-0.6887
2026-07-28 16:12,CHKP,CHKP260821C00160000,0,0.184,VETO,,down,-0.698
2026-07-28 16:12,BROS,BROS260821P00053000,0,0.161,VETO,,down,-1.1111
2026-07-28 16:12,AGX,AGX260821P00530000,0,0.161,VETO,,down,-0.5607
2026-07-28 16:23,SNDK,SNDK260731P00750000,0,0.343,VETO,,down,-0.9632
2026-07-28 16:23,SPXS,SPXS261016P00026000,0,0.161,VETO,,down,-0.7301
2026-07-28 16:23,QQQ,QQQ260803P00635000,0,0.425,VETO,,up,0.4688
2026-07-28 16:23,GOOGL,GOOGL260729C00335000,0,0.425,VETO,,down,-0.5423
2026-07-28 16:23,QCOM,QCOM260731C00190000,0,0.343,VETO,,down,-0.7345
2026-07-28 16:23,KRE,KRE261016C00080000,0,0.252,VETO,,down,-0.9956
2026-07-28 16:23,DBI,DBI270115C00010000,0,0.027,VETO,,down,-0.7571
2026-07-28 16:23,XLE,XLE270617P00052500,0,0.252,VETO,,vertical,-0.3027
2026-07-28 16:23,DIA,DIA260821C00547000,0,0.343,VETO,,down,-0.6271
2026-07-28 16:23,CLSK,CLSK260807P00013000,0,0.267,VETO,,up,0.3864
2026-07-28 16:23,FLUT,FLUT260821P00100000,0,0.232,VETO,,up,0.3911
2026-07-28 16:23,FMC,FMC260821P00010000,0,0.047,VETO,,down,-1.125
2026-07-28 16:23,U,U261120C00040000,0,0.232,VETO,,vertical,-0.1718
2026-07-28 16:23,TROW,TROW260821P00115000,0,0.115,VETO,,down,-0.9314
2026-07-28 16:34,EEM,EEM261218C00070000,0,0.267,VETO,,down,-0.9406
2026-07-28 16:34,BE,BE260821P00095000,0,0.267,VETO,,down,-0.8324
2026-07-28 16:34,MUU,MUU260918C00075000,0,0.232,VETO,,down,-0.775
2026-07-28 16:34,SPY,SPY260728P00742000,0,0.425,VETO,,down,-0.592
2026-07-28 16:34,QQQ,QQQ260803P00625000,0,0.425,VETO,,up,0.2955
2026-07-28 16:34,PSKY,PSKY260918P00009000,0,0.161,VETO,,down,-0.5524
2026-07-28 16:34,UPS,UPS260918C00110000,0,0.267,VETO,,vertical,-0.4471
2026-07-28 16:34,FIG,FIG260821C00024000,0,0.184,VETO,,down,-0.8101
2026-07-28 16:34,BX,BX260918C00150000,0,0.267,VETO,,down,-0.6458
2026-07-28 16:34,LUV,LUV260918P00045000,0,0.252,VETO,,down,-1.0325
2026-07-28 16:34,SOXX,SOXX260918C00700000,0,0.267,VETO,,down,-1.075
2026-07-28 16:34,APLD,APLD260918C00030000,0,0.345,VETO,,down,-0.5891
2026-07-28 16:34,RGTI,RGTI260731C00015000,0,0.184,VETO,,down,-0.9231
2026-07-28 16:34,GIS,GIS260918P00037500,0,0.184,VETO,,down,-1.0455
2026-07-28 16:34,FIG,FIG260821P00017500,0,0.184,VETO,,down,-0.7455
2026-07-28 16:34,BMNR,BMNR261120C00020000,0,0.267,VETO,,down,-0.7151
2026-07-28 16:42,VST,VST260821C00165000,0,0.267,VETO,,down,-0.56
2026-07-28 16:42,VST,VST260918C00180000,0,0.267,VETO,,vertical,-0.2905
2026-07-28 16:42,KWEB,KWEB260918C00030000,0,0.173,VETO,,up,0.3679
2026-07-28 16:42,SPY,SPY260729P00741000,0,0.425,VETO,,up,0.5457
2026-07-28 16:42,BAH,BAH260918C00075000,0,0.115,VETO,,down,-0.5486
2026-07-28 16:42,TEVA,TEVA260731C00031000,0,0.161,VETO,,down,-0.6192
2026-07-28 16:42,TOST,TOST260904P00032000,0,0.252,VETO,,down,-0.625
2026-07-28 16:42,KHC,KHC260731C00025000,0,0.408,VETO,,up,0.2732
2026-07-28 16:42,W,W261120P00090000,0,0.184,VETO,,vertical,0.124
2026-07-28 16:53,SGHC,SGHC261016C00014000,0,0.027,VETO,,down,-1.022
2026-07-28 16:53,XYZ,XYZ260821P00072500,0,0.267,VETO,,vertical,-0.2212
2026-07-28 16:53,CHAT,CHAT260821C00080000,0,0.184,VETO,,down,-0.5771
2026-07-28 16:53,LBRT,LBRT260821C00019000,0,0.173,VETO,,down,-0.72
2026-07-28 16:53,MDT,MDT260814P00083000,0,0.267,VETO,,down,-1.172
2026-07-28 16:53,SLV,SLV260918C00067500,0,0.267,VETO,,down,-0.8913
2026-07-28 16:53,CRWV,CRWV260731C00070000,0,0.345,VETO,,down,-0.569
2026-07-28 16:53,TAN,TAN260821C00049000,0,0.173,VETO,,down,-1.0607
2026-07-28 16:53,DRV,DRV260918C00016000,0,0.051,VETO,,down,-0.5593
2026-07-28 16:53,GLOB,GLOB260918C00040000,0,0.09,VETO,,down,-0.8963
2026-07-28 16:53,CDW,CDW260918C00165000,0,0.267,VETO,,up,0.3222
2026-07-28 16:53,BIIB,BIIB260918P00175000,0,0.161,VETO,,down,-0.8164
2026-07-28 17:02,SPY,SPY260807P00725000,0,0.425,VETO,,up,0.4195
2026-07-28 17:02,AMZN,AMZN260731P00220000,0,0.425,VETO,,up,0.3273
2026-07-28 17:02,SPY,SPY260731P00720000,0,0.425,VETO,,up,0.3145
2026-07-28 17:02,NVDA,NVDA260803C00200000,0,0.444,VETO,,down,-0.5324
2026-07-28 17:02,PFE,PFE261120P00025000,0,0.161,VETO,,vertical,-0.0115
2026-07-28 17:02,UVXY,UVXY260731C00023000,0,0.345,VETO,,up,0.3012
2026-07-28 17:02,CIA,CIA261120P00005000,0,0.01,VETO,,down,-1.0714
2026-07-28 17:02,KORU,KORU260814C00022000,0,0.267,VETO,,down,-1.0667
2026-07-28 17:02,PYPL,PYPL260918C00060000,0,0.267,VETO,,vertical,-0.3721
2026-07-28 17:02,TOST,TOST260918C00035000,0,0.252,VETO,,vertical,-0.263
2026-07-28 17:02,HTZ,HTZ260821P00002000,0,0.345,VETO,,up,0.3
2026-07-28 17:02,KORU,KORU260821P00015000,0,0.267,VETO,,down,-0.5941
2026-07-28 17:02,JBLU,JBLU270115P00005000,0,0.161,VETO,,vertical,-0.1466
2026-07-28 17:07,QQQ,QQQ260804P00650000,0,0.425,VETO,,up,0.2917
2026-07-28 17:07,PLTR,PLTR260731P00125000,0,0.444,VETO,,down,-0.5318
2026-07-28 17:07,SLV,SLV261218P00045000,0,0.267,VETO,,down,-0.8612
2026-07-28 17:07,TLT,TLT260821C00083500,0,0.184,VETO,,down,-0.5161
2026-07-28 17:07,SGML,SGML270115C00011000,0,0.047,VETO,,vertical,-0.015
2026-07-28 17:07,SPY,SPY260804P00714000,0,0.425,VETO,,up,0.4747
2026-07-28 17:07,LVS,LVS261016P00045000,0,0.115,VETO,,down,-0.8812
2026-07-28 17:07,RBA,RBA260821C00120000,0,0.161,VETO,,down,-1.1447
2026-07-28 17:07,XBI,XBI260731P00152000,0,0.343,VETO,,up,0.2873
2026-07-28 17:07,KD,KD260821P00012000,0,0.09,VETO,,down,-1.0714
2026-07-28 17:07,TLT,TLT260805C00084000,0,0.184,VETO,,down,-0.6441
2026-07-28 17:07,STUB,STUB260731C00008500,0,0.09,VETO,,down,-0.675
2026-07-28 17:07,U,U260807C00036000,0,0.232,VETO,,down,-0.9632
2026-07-28 17:07,BSP,BSP261016P00030000,0,0.252,VETO,,vertical,-0.5276
2026-07-28 17:12,ECHO,ECHO261218C00125000,0,0.267,VETO,,vertical,-0.2118
2026-07-28 17:12,CNC,CNC260918C00065000,0,0.345,VETO,,down,-0.5253
2026-07-28 17:12,SPY,SPY260729P00742000,0,0.425,VETO,,up,0.3676
2026-07-28 17:12,IREN,IREN260821P00030000,0,0.343,VETO,,up,0.3054
2026-07-28 17:12,TSLA,TSLA260731P00300000,0,0.425,VETO,,up,0.5261
2026-07-28 17:12,OWL,OWL280121P00008000,0,0.161,VETO,,down,-0.7848
2026-07-28 17:12,XLP,XLP260918P00086000,0,0.343,VETO,,up,0.3903
2026-07-28 17:12,FOUR,FOUR260821C00060000,0,0.09,VETO,,down,-0.86
2026-07-28 17:12,XLP,XLP260918P00088000,0,0.343,VETO,,up,0.332
2026-07-28 17:12,QCOM,QCOM260821C00200000,0,0.343,VETO,,down,-0.6402
2026-07-28 17:12,CNXC,CNXC260918P00025000,0,0.079,VETO,,down,-0.8481
2026-07-28 17:12,STUB,STUB260807C00008500,0,0.09,VETO,,down,-1.125
2026-07-28 17:12,XLC,XLC260821C00108000,0,0.184,VETO,,down,-0.5361
2026-07-28 17:12,SPXS,SPXS260918P00030000,0,0.161,VETO,,down,-0.5424
2026-07-28 17:12,TTMI,TTMI260918C00200000,0,0.161,VETO,,down,-1.0837
2026-07-28 17:12,CLX,CLX260821C00100000,0,0.252,VETO,,down,-0.6135
2026-07-28 17:22,OWL,OWL280121P00010000,0,0.161,VETO,,vertical,-0.2074
2026-07-28 17:22,DAL,DAL260821C00090000,0,0.267,VETO,,down,-0.7529
2026-07-28 17:22,TLT,TLT260828C00084500,0,0.184,VETO,,down,-0.9938
2026-07-28 17:22,NCLH,NCLH260821P00023500,0,0.184,VETO,,down,-0.868
2026-07-28 17:22,INTC,INTC260807P00070000,0,0.444,VETO,,up,0.3421
2026-07-28 17:22,BMY,BMY261016P00057500,0,0.184,VETO,,down,-0.504
2026-07-28 17:22,SG,SG260821C00005500,0,0.051,VETO,,vertical,-0.044
2026-07-28 17:22,SBUX,SBUX260821C00105000,0,0.345,VETO,,up,0.3194
2026-07-28 17:22,PSIX,PSIX260918C00035000,0,0.09,VETO,,down,-0.5863
2026-07-28 17:22,RUN,RUN260918P00010000,0,0.173,VETO,,vertical,-0.119
2026-07-28 17:22,CCL,CCL260918C00030000,0,0.161,VETO,,down,-0.752
2026-07-28 17:22,NBIS,NBIS260731P00131000,0,0.343,VETO,,down,-0.6667
2026-07-28 17:22,APA,APA260814C00037000,0,0.252,VETO,,up,0.7213
2026-07-28 17:22,VNQ,VNQ260918C00100000,0,0.252,VETO,,down,-0.5889
2026-07-28 17:22,JETS,JETS260821P00034000,0,0.115,VETO,,vertical,-0.2327
2026-07-28 17:22,AS,AS260918C00040000,0,0.09,VETO,,down,-1.0323
2026-07-28 17:44,XYZ,XYZ260918C00100000,0,0.267,VETO,,vertical,-0.3813
2026-07-28 17:44,CORZ,CORZ260821C00023000,0,0.267,VETO,,down,-0.601
2026-07-28 17:44,BMNR,BMNR270115C00040000,0,0.267,VETO,,down,-1.012
2026-07-28 17:44,ACN,ACN260821P00141000,0,0.267,VETO,,down,-1.0962
2026-07-28 17:44,CLF,CLF261016C00014000,0,0.173,VETO,,down,-1.0192
2026-07-28 17:44,GSK,GSK260731P00053000,0,0.232,VETO,,down,-0.8091
2026-07-28 17:44,IBM,IBM260731C00230000,0,0.343,VETO,,down,-0.626
2026-07-28 17:44,SOXX,SOXX260731C00540000,0,0.267,VETO,,down,-0.7552
2026-07-28 17:44,SOFI,SOFI280121C00040000,0,0.267,VETO,,vertical,-0.1912
2026-07-28 17:54,SPY,SPY260729C00741000,0,0.425,VETO,,down,-0.5189
2026-07-28 17:54,RSP,RSP261016P00210000,0,0.267,VETO,,up,0.2969
2026-07-28 17:54,SPY,SPY260728P00743000,0,0.425,VETO,,vertical,-0.0046
2026-07-28 17:54,TSLA,TSLA270115C00690000,0,0.425,VETO,,down,-1.0161
2026-07-28 17:54,AMD,AMD261016P00260000,0,0.425,VETO,,down,-1.0253
2026-07-28 17:54,QQQ,QQQ260805P00610000,0,0.425,VETO,,up,0.3305
2026-07-28 17:54,FCX,FCX260731P00061000,0,0.343,VETO,,down,-0.8853
2026-07-28 17:54,SMH,SMH260729C00567500,0,0.408,VETO,,down,-0.6935
2026-07-28 17:54,COIN,COIN260821C00250000,0,0.267,VETO,,down,-1.0455
2026-07-28 17:54,GEHC,GEHC260731C00068000,0,0.252,VETO,,down,-1.0091
2026-07-28 17:54,ZG,ZG261218C00040000,0,0.09,VETO,,down,-0.5971
2026-07-28 17:54,INTC,INTC260729P00086000,0,0.444,VETO,,down,-0.5971
2026-07-28 17:54,AMRX,AMRX260821P00017500,0,0.01,VETO,,down,-1.3259
2026-07-28 17:54,SEI,SEI260821P00037500,0,0.173,VETO,,down,-0.9171
2026-07-28 17:54,BTDR,BTDR260918P00007500,0,0.408,VETO,,up,0.2615
2026-07-28 18:04,BAC,BAC261016C00065000,0,0.173,VETO,,down,-0.7842
2026-07-28 18:04,TEAM,TEAM261218C00180000,0,0.184,VETO,,down,-0.97
2026-07-28 18:04,SPY,SPY260814C00760000,0,0.425,VETO,,down,-0.5197
2026-07-28 18:04,IWM,IWM260807P00287500,0,0.343,VETO,,up,0.3728
2026-07-28 18:04,NEE,NEE260821P00090000,0,0.232,VETO,,down,-0.622
2026-07-28 18:04,FIG,FIG260821C00030000,0,0.184,VETO,,down,-1.0036
2026-07-28 18:04,TLT,TLT260729C00084000,0,0.184,VETO,,down,-0.6515
2026-07-28 18:04,NEE,NEE260918C00092500,0,0.232,VETO,,down,-0.9167
2026-07-28 18:04,SCHW,SCHW260731C00105000,0,0.173,VETO,,down,-0.9748
2026-07-28 18:04,PATH,PATH260821C00014000,0,0.343,VETO,,up,0.3167
2026-07-28 18:04,FTNT,FTNT260821P00130000,0,0.252,VETO,,down,-1.0733
2026-07-28 18:04,XLY,XLY260821C00113000,0,0.267,VETO,,up,0.3212
2026-07-28 18:04,UNM,UNM260918C00090000,0,0.161,VETO,,down,-1.0128
2026-07-28 18:04,OUT,OUT261218C00034000,0,0.047,VETO,,down,-0.7698
2026-07-28 18:12,TSLA,TSLA260729P00305000,0,0.425,VETO,,up,0.7194
2026-07-28 18:12,CTSH,CTSH260821P00050000,0,0.252,VETO,,down,-0.65
2026-07-28 18:12,TLT,TLT260814C00084000,0,0.184,VETO,,down,-0.6053
2026-07-28 18:12,SPY,SPY260730P00720000,0,0.425,VETO,,up,0.6548
2026-07-28 18:12,JPM,JPM260731C00357500,0,0.252,VETO,,down,-0.5492
2026-07-28 18:12,NFLX,NFLX260828P00073000,0,0.425,VETO,,up,0.3026
2026-07-28 18:12,AA,AA261016C00050000,0,0.184,VETO,,vertical,0.0296
2026-07-28 18:12,MARA,MARA260731C00011500,0,0.267,VETO,,down,-0.7692
2026-07-28 18:12,SOXX,SOXX260731C00535000,0,0.267,VETO,,down,-0.673
2026-07-28 18:12,PCG,PCG270319P00019000,0,0.09,VETO,,vertical,0.0088
2026-07-28 18:12,GDXJ,GDXJ260731C00096000,0,0.252,VETO,,down,-0.594
2026-07-28 18:12,CORZ,CORZ260828P00017000,0,0.267,VETO,,down,-0.6875
2026-07-28 18:12,ADSK,ADSK260731P00235000,0,0.252,VETO,,down,-0.8766
2026-07-28 18:23,CVX,CVX260807P00185000,0,0.343,VETO,,down,-0.5404
2026-07-28 18:23,QQQ,QQQ260730P00641000,0,0.425,VETO,,up,0.4
2026-07-28 18:23,AMC,AMC260918P00002500,0,0.184,VETO,,vertical,-0.1452
2026-07-28 18:23,XOM,XOM260821P00150000,0,0.343,VETO,,vertical,-0.4342
2026-07-28 18:23,RKLB,RKLB260731C00065000,0,0.345,VETO,,down,-0.5523
2026-07-28 18:23,VOD,VOD270115P00015000,0,0.051,VETO,,down,-1.2
2026-07-28 18:23,DIS,DIS260807P00095000,0,0.343,VETO,,up,0.4059
2026-07-28 18:23,PENG,PENG260918P00035000,0,0.184,VETO,,down,-0.5903
2026-07-28 18:23,TOST,TOST261016C00033000,0,0.252,VETO,,vertical,-0.1935
2026-07-28 18:23,HAS,HAS260821C00100000,0,0.173,VETO,,down,-0.915
2026-07-28 18:23,NAT,NAT261016C00005500,0,0.051,VETO,,down,-0.8692
2026-07-28 18:23,TE,TE270617C00007000,0,0.09,VETO,,down,-0.9
2026-07-28 18:23,COIN,COIN260807C00220000,0,0.267,VETO,,down,-0.8306
2026-07-28 18:23,CVNA,CVNA260821C00070000,0,0.345,VETO,,up,0.3659
2026-07-28 18:23,CPB,CPB260918C00025000,0,0.09,VETO,,down,-0.7583
2026-07-28 18:33,TPG,TPG260821C00042500,0,0.115,VETO,,down,-0.7929
2026-07-28 18:33,RKLB,RKLB260731C00063000,0,0.345,VETO,,down,-0.5428
2026-07-28 18:33,SPY,SPY260918P00665000,0,0.425,VETO,,up,0.2988
2026-07-28 18:33,IWM,IWM260821C00300000,0,0.343,VETO,,down,-0.603
2026-07-28 18:33,UAL,UAL260918P00110000,0,0.267,VETO,,vertical,-0.0778
2026-07-28 18:33,DGX,DGX260821P00230000,0,0.115,VETO,,down,-0.9095
2026-07-28 18:33,CAPR,CAPR260821C00015000,0,0.115,VETO,,down,-0.8474
2026-07-28 18:33,PDD,PDD260807C00090000,0,0.267,VETO,,down,-1.0692
2026-07-28 18:33,UNM,UNM260918C00095000,0,0.161,VETO,,down,-0.8255
2026-07-28 18:33,DIG,DIG260918C00065000,0,0.426,VETO,,up,0.1733
2026-07-28 18:33,UNM,UNM260821C00095000,0,0.161,VETO,,down,-0.9529
2026-07-28 18:33,WDAY,WDAY260814P00140000,0,0.173,VETO,,down,-0.9804
2026-07-28 18:33,ACHC,ACHC260821P00030000,0,0.09,VETO,,down,-0.7944
2026-07-28 18:33,RIO,RIO270115C00095000,0,0.267,VETO,,up,0.2913
2026-07-28 18:51,SKHY,SKHY260731C00150000,0,0.408,VETO,,down,-0.6881
2026-07-28 18:51,TLT,TLT261218C00090000,0,0.184,VETO,,vertical,-0.4464
2026-07-28 18:51,TSLA,TSLA261120C00695000,0,0.425,VETO,,down,-0.7468
2026-07-28 18:51,KO,KO261016C00092500,0,0.345,VETO,,down,-0.949
2026-07-28 18:51,NFLX,NFLX260828P00072000,0,0.425,VETO,,up,0.3295
2026-07-28 18:51,EL,EL260918C00100000,0,0.232,VETO,,down,-1.0139
2026-07-28 18:51,TLT,TLT260918C00085000,0,0.184,VETO,,down,-0.5549
2026-07-28 18:51,DIA,DIA260731P00520000,0,0.343,VETO,,up,0.813
2026-07-28 18:51,SNXX,SNXX270115C00030000,0,0.267,VETO,,down,-0.6936
2026-07-28 18:51,AAL,AAL260918P00015000,0,0.252,VETO,,vertical,-0.1429
2026-07-28 18:51,KR,KR261016C00062500,0,0.173,VETO,,down,-1.0151
2026-07-28 18:51,USAR,USAR260918C00013000,0,0.425,VETO,,up,0.2947
2026-07-28 18:51,XLP,XLP260918C00088000,0,0.343,VETO,,down,-0.6302
2026-07-28 18:51,CVNA,CVNA260731P00054000,0,0.345,VETO,,down,-0.9731
2026-07-28 19:04,XLP,XLP270115C00088000,0,0.343,VETO,,vertical,-0.355
2026-07-28 19:04,CORZ,CORZ260918C00022000,0,0.267,VETO,,down,-0.5622
2026-07-28 19:04,BAC,BAC260731C00062000,0,0.173,VETO,,down,-0.6494
2026-07-28 19:04,UBER,UBER260807C00070000,0,0.267,VETO,,vertical,-0.2779
2026-07-28 19:04,NFLX,NFLX260821C00073000,0,0.425,VETO,,vertical,-0.3284
2026-07-28 19:04,SPY,SPY260803P00713000,0,0.425,VETO,,up,0.4245
2026-07-28 19:04,QQQ,QQQ260728C00678000,0,0.425,VETO,,down,-0.7857
2026-07-28 19:04,FIG,FIG260918C00025000,0,0.184,VETO,,down,-1.0278
2026-07-28 19:04,GLD,GLD270115C00500000,0,0.345,VETO,,vertical,-0.0628
2026-07-28 19:04,EWZ,EWZ260807C00036000,0,0.184,VETO,,down,-0.5522
2026-07-28 19:04,BE,BE260821P00075000,0,0.267,VETO,,down,-0.9286
2026-07-28 19:04,UBER,UBER270115C00085000,0,0.267,VETO,,down,-0.6729
2026-07-28 19:04,GDX,GDX260918C00085000,0,0.345,VETO,,vertical,-0.2455
2026-07-28 19:04,ENPH,ENPH260731C00037000,0,0.161,VETO,,down,-0.5441
2026-07-28 19:04,COIN,COIN260918C00280000,0,0.267,VETO,,down,-1.05
2026-07-28 19:04,CCXI,CCXI260821C00012500,0,0.01,VETO,,down,-1.0429
2026-07-28 19:04,TLN,TLN260821C00450000,0,0.161,VETO,,down,-1.2333
2026-07-28 19:04,DOCN,DOCN260821P00100000,0,0.115,VETO,,down,-0.7782
2026-07-28 19:13,QQQ,QQQ260731C00690000,0,0.425,VETO,,down,-0.529
2026-07-28 19:13,ADTN,ADTN261120P00007000,0,0.027,VETO,,down,-0.64
2026-07-28 19:13,IONQ,IONQ260821C00035000,0,0.252,VETO,,up,0.2726
2026-07-28 19:13,COIN,COIN260807C00197500,0,0.267,VETO,,down,-0.5599
2026-07-28 19:13,AAPL,AAPL260807C00350000,0,0.345,VETO,,up,0.2987
2026-07-28 19:13,CVX,CVX260918C00200000,0,0.343,VETO,,up,0.2884
2026-07-28 19:13,TSLA,TSLA260729P00300000,0,0.425,VETO,,down,-0.5657
2026-07-28 19:13,SPY,SPY260804P00713000,0,0.425,VETO,,up,0.3654
2026-07-28 19:13,IONQ,IONQ260821C00038500,0,0.252,VETO,,down,-0.6485
2026-07-28 19:13,VZ,VZ260821P00048000,0,0.267,VETO,,up,0.537
2026-07-28 19:13,QCOM,QCOM260731P00152500,0,0.343,VETO,,up,0.5236
2026-07-28 19:13,IONQ,IONQ260731C00033500,0,0.252,VETO,,down,-0.6035
2026-07-28 19:13,IONQ,IONQ260918P00022500,0,0.252,VETO,,down,-1.0506
2026-07-28 19:13,TLT,TLT260810C00083500,0,0.184,VETO,,down,-0.9792
2026-07-28 19:13,MS,MS261120C00220000,0,0.161,VETO,,vertical,-0.1123
2026-07-28 19:13,SCCO,SCCO260821P00162500,0,0.09,VETO,,down,-0.7398
2026-07-28 19:23,SPCX,SPCX260814C00190000,0,0.425,VETO,,down,-0.5256
2026-07-28 19:23,SPY,SPY260729C00742000,0,0.425,VETO,,down,-0.6037
2026-07-28 19:23,BXP,BXP260821C00070000,0,0.115,VETO,,down,-0.9741
2026-07-28 19:23,CMG,CMG270617C00047500,0,0.252,VETO,,down,-1.0455
2026-07-28 19:23,NVO,NVO260918P00045000,0,0.252,VETO,,down,-0.8119
2026-07-28 19:23,TLT,TLT260918P00085000,0,0.184,VETO,,up,0.4719
2026-07-28 19:23,SLV,SLV260828P00048000,0,0.267,VETO,,vertical,-0.3624
2026-07-28 19:23,ECHO,ECHO261218C00145000,0,0.267,VETO,,vertical,-0.4171
2026-07-28 19:23,KWEB,KWEB261218C00029000,0,0.173,VETO,,vertical,0.2088
2026-07-28 19:23,DFTX,DFTX260821P00038000,0,0.09,VETO,,down,-0.9455
2026-07-28 19:32,QQQ,QQQ260731P00640000,0,0.425,VETO,,up,0.5211
2026-07-28 19:32,QQQ,QQQ260805P00625000,0,0.425,VETO,,up,0.412
2026-07-28 19:32,NVDA,NVDA260731C00197500,0,0.444,VETO,,down,-0.5506
2026-07-28 19:32,KO,KO260731C00088000,0,0.345,VETO,,down,-1.0115
2026-07-28 19:32,ZS,ZS260918C00220000,0,0.161,VETO,,vertical,-0.367
2026-07-28 19:32,OKLO,OKLO260731C00040000,0,0.267,VETO,,down,-1.0204
2026-07-28 19:32,AWK,AWK260821P00135000,0,0.184,VETO,,down,-1.0204
2026-07-28 19:32,IREN,IREN260731C00037000,0,0.343,VETO,,down,-0.5337
2026-07-28 19:32,CRWV,CRWV260821C00110000,0,0.345,VETO,,down,-0.713
2026-07-28 19:32,CAR,CAR260918C00300000,0,0.184,VETO,,down,-1.3958
2026-07-28 19:32,KBR,KBR270115C00040000,0,0.09,VETO,,down,-1.0172
2026-07-28 19:32,CECO,CECO260918C00080000,0,0.09,VETO,,down,-0.7861
2026-07-28 19:32,CELH,CELH260918C00037500,0,0.115,VETO,,down,-0.5511
2026-07-28 19:32,GLD,GLD260828C00400000,0,0.345,VETO,,up,0.2886
2026-07-28 19:42,NVDA,NVDA260803C00212500,0,0.444,VETO,,down,-0.5976
2026-07-28 19:42,NVDA,NVDA260731C00202500,0,0.444,VETO,,down,-0.5759
2026-07-28 19:42,SPY,SPY260821P00705000,0,0.425,VETO,,up,0.3301
2026-07-28 19:42,BMNR,BMNR260731C00017000,0,0.267,VETO,,down,-0.9615
2026-07-28 19:42,AAOI,AAOI260731C00096000,0,0.161,VETO,,down,-0.7625
2026-07-28 19:42,HOOD,HOOD260807P00085000,0,0.411,VETO,,down,-0.5922
2026-07-28 19:42,GOLD,GOLD260821C00040000,0,0.051,VETO,,down,-0.7302
2026-07-28 19:42,TEM,TEM260731C00047000,0,0.184,VETO,,down,-0.7214
2026-07-28 19:42,VFC,VFC260731P00018000,0,0.232,VETO,,up,2.3125
2026-07-28 19:42,EGO,EGO260918C00033000,0,0.09,VETO,,down,-0.552
2026-07-28 19:42,TLN,TLN260807P00280000,0,0.161,VETO,,down,-0.8925
2026-07-28 19:42,DRAM,DRAM261016C00122000,0,0.408,VETO,,down,-0.7717
2026-07-28 19:42,LNC,LNC260821P00040000,0,0.079,VETO,,down,-1.0882
2026-07-28 19:42,TSM,TSM270617C00610000,0,0.252,VETO,,vertical,-0.0786
2026-07-28 19:54,IREN,IREN260731P00030000,0,0.343,VETO,,up,0.3077
2026-07-28 19:54,HOOD,HOOD260731C00100000,0,0.411,VETO,,down,-0.5098
2026-07-28 19:54,QQQ,QQQ260729C00685000,0,0.425,VETO,,down,-0.6957
2026-07-28 19:54,PSKY,PSKY280121C00015000,0,0.161,VETO,,vertical,-0.401
2026-07-28 19:54,TTD,TTD260821P00017500,0,0.252,VETO,,down,-0.5607
2026-07-28 19:54,OXY,OXY260918P00055000,0,0.267,VETO,,vertical,-0.526
2026-07-28 19:54,DELL,DELL260807C00470000,0,0.343,VETO,,down,-0.6522
2026-07-28 19:54,WULF,WULF260918C00015000,0,0.267,VETO,,vertical,0.0244
2026-07-28 19:54,NKE,NKE261016C00045000,0,0.252,VETO,,vertical,-0.2774
2026-07-28 19:54,ASTS,ASTS260807C00060000,0,0.408,VETO,,up,0.3681
2026-07-28 19:54,AAL,AAL260731P00015500,0,0.252,VETO,,up,0.3333
2026-07-28 19:54,UMC,UMC260821P00017000,0,0.184,VETO,,down,-1.0333
2026-07-28 19:54,VFC,VFC260731C00017500,0,0.232,VETO,,down,-0.7419
2026-07-28 19:54,KEEL,KEEL270115P00004000,0,0.161,VETO,,vertical,-0.1804
2026-07-28 19:54,MTH,MTH260821C00082500,0,0.09,VETO,,down,-0.9826
2026-07-28 19:54,FHN,FHN261120C00027000,0,0.027,VETO,,down,-1.0417
2026-07-28 19:54,WING,WING260821P00110000,0,0.115,VETO,,down,-0.6846
2026-07-28 19:54,STX,STX260731C00747500,0,0.184,VETO,,up,0.2957
2026-07-29 13:32,SPY,SPY260730P00735000,0,0.425,VETO,,up,0.476
2026-07-29 13:32,SPY,SPY260729P00735000,0,0.425,VETO,,up,0.6799
2026-07-29 13:32,SPY,SPY260729C00740000,0,0.425,VETO,,down,-0.5656
2026-07-29 13:32,SPY,SPY260729P00738000,0,0.425,VETO,,up,0.7372
2026-07-29 13:32,QQQ,QQQ260729P00674000,0,0.426,VETO,,up,0.6621
2026-07-29 13:32,PLTR,PLTR260731C00128000,0,0.425,VETO,,down,-0.586
2026-07-29 13:32,USO,USO260828P00111000,0,0.345,VETO,,down,-0.8734
2026-07-29 13:32,INTC,INTC260731P00083000,0,0.444,VETO,,up,0.256
2026-07-29 13:32,USO,USO260731P00125000,0,0.345,VETO,,down,-0.893
2026-07-29 13:32,GLD,GLD260729P00368000,0,0.345,VETO,,down,-0.5696
2026-07-29 13:32,EWY,EWY260821P00125000,0,0.425,VETO,,down,-1.0929
2026-07-29 13:32,DVN,DVN260918C00047500,0,0.184,VETO,,down,-1.0448
2026-07-29 13:32,DIA,DIA260807P00515000,0,0.267,VETO,,up,0.3712
2026-07-29 13:42,NOK,NOK261120C00010000,0,0.343,VETO,,up,0.2917
2026-07-29 13:42,BSX,BSX261120P00040000,0,0.252,VETO,,down,-0.6203
2026-07-29 13:42,SPY,SPY260730P00739000,0,0.425,VETO,,up,0.616
2026-07-29 13:42,SPY,SPY260731P00735000,0,0.425,VETO,,up,0.5472
2026-07-29 13:42,NVDA,NVDA260807C00200000,0,0.444,VETO,,up,0.3197
2026-07-29 13:42,AMD,AMD260731C00495000,0,0.425,VETO,,down,-0.5264
2026-07-29 13:42,SOFI,SOFI260821P00017000,0,0.252,VETO,,down,-0.5465
2026-07-29 13:42,BHP,BHP261120P00072500,0,0.252,VETO,,down,-0.7741
2026-07-29 13:42,FANG,FANG260821C00220000,0,0.161,VETO,,down,-0.7171
2026-07-29 13:42,SOFI,SOFI270115C00020000,0,0.252,VETO,,vertical,0.1585
2026-07-29 13:42,FIG,FIG260821C00028000,0,0.252,VETO,,down,-1.0242
2026-07-29 13:42,INTC,INTC260729P00086000,0,0.444,VETO,,up,0.5431
2026-07-29 13:42,GDX,GDX260807C00074000,0,0.267,VETO,,up,0.3234
2026-07-29 13:42,OMC,OMC260918P00075000,0,0.173,VETO,,down,-1.05
2026-07-29 13:42,DRAM,DRAM261016C00085000,0,0.343,VETO,,down,-0.6607
2026-07-29 13:42,ASTS,ASTS260731P00058000,0,0.425,VETO,,up,0.3306
2026-07-29 13:52,NVDA,NVDA260807P00185000,0,0.444,VETO,,up,0.4211
2026-07-29 13:52,NVDA,NVDA260821C00210000,0,0.444,VETO,,up,0.3377
2026-07-29 13:52,QQQ,QQQ260729P00670000,0,0.426,VETO,,up,0.3319
2026-07-29 13:52,QQQ,QQQ260729C00674000,0,0.426,VETO,,down,-0.5684
2026-07-29 13:52,SPY,SPY260729P00739000,0,0.425,VETO,,up,0.4087
2026-07-29 13:52,IREN,IREN260821P00029500,0,0.425,VETO,,up,0.3229
2026-07-29 13:52,SPCX,SPCX260731C00125000,0,0.425,VETO,,up,0.5864
2026-07-29 13:52,ORCL,ORCL260918P00075000,0,0.425,VETO,,down,-0.6368
2026-07-29 13:52,SQQQ,SQQQ260807C00048500,0,0.343,VETO,,up,0.2643
2026-07-29 13:52,SOXL,SOXL260731P00084000,0,0.345,VETO,,up,0.2909
2026-07-29 13:52,TLT,TLT260803C00084000,0,0.161,VETO,,down,-0.6395
2026-07-29 13:52,GEHC,GEHC260918P00065000,0,0.232,VETO,,down,-0.6794
2026-07-29 13:52,IREN,IREN260731P00033000,0,0.425,VETO,,up,0.3421
2026-07-29 13:52,FRMI,FRMI260821C00009000,0,0.184,VETO,,down,-0.74
2026-07-29 14:02,USO,USO260731C00130000,0,0.345,VETO,,down,-0.5984
2026-07-29 14:02,GOOGL,GOOGL260729P00335000,0,0.425,VETO,,down,-0.6197
2026-07-29 14:02,ORCL,ORCL260731P00118000,0,0.425,VETO,,up,0.3918
2026-07-29 14:02,NVDA,NVDA260821C00215000,0,0.444,VETO,,up,0.2961
2026-07-29 14:02,IGV,IGV260821C00095000,0,0.173,VETO,,down,-0.6479
2026-07-29 14:02,QQQ,QQQ260729C00680000,0,0.426,VETO,,down,-0.5409
2026-07-29 14:02,PFE,PFE260807P00025000,0,0.173,VETO,,up,0.475
2026-07-29 14:02,IGV,IGV260821P00088000,0,0.173,VETO,,down,-0.8722
2026-07-29 14:02,UPS,UPS260828P00097000,0,0.267,VETO,,down,-0.696
2026-07-29 14:02,DRAM,DRAM260731C00050000,0,0.343,VETO,,down,-0.516
2026-07-29 14:13,NVO,NVO261016P00047500,0,0.252,VETO,,down,-0.5933
2026-07-29 14:13,QQQ,QQQ260729C00673000,0,0.426,VETO,,down,-0.5708
2026-07-29 14:13,NVDA,NVDA260918C00240000,0,0.444,VETO,,up,0.3808
2026-07-29 14:13,SPY,SPY260729P00737000,0,0.425,VETO,,up,0.3513
2026-07-29 14:13,BRO,BRO260821C00075000,0,0.161,VETO,,down,-0.6326
2026-07-29 14:13,SQQQ,SQQQ260807C00060000,0,0.343,VETO,,down,-1.0532
2026-07-29 14:13,AG,AG260821P00016000,0,0.09,VETO,,down,-0.5357
2026-07-29 14:13,AVTR,AVTR261120C00015000,0,0.051,VETO,,down,-1.0417
2026-07-29 14:13,DRAM,DRAM260821C00060000,0,0.343,VETO,,up,0.3468
2026-07-29 14:13,CMG,CMG260821P00032500,0,0.173,VETO,,down,-0.9667
2026-07-29 14:13,IREN,IREN261218C00070000,0,0.425,VETO,,up,0.3383
2026-07-29 14:13,DIA,DIA260731P00518000,0,0.267,VETO,,up,0.3804
2026-07-29 14:23,XOM,XOM260918P00150000,0,0.345,VETO,,up,0.3727
2026-07-29 14:23,U,U260821P00033000,0,0.232,VETO,,vertical,-0.14
2026-07-29 14:23,IWM,IWM260731P00286000,0,0.343,VETO,,up,0.4808
2026-07-29 14:23,TLT,TLT270617P00085000,0,0.161,VETO,,down,-0.5175
2026-07-29 14:23,ASTS,ASTS260731C00060000,0,0.425,VETO,,down,-0.5957
2026-07-29 14:23,SLV,SLV260807C00055500,0,0.252,VETO,,up,0.2838
2026-07-29 14:23,HYG,HYG260821P00079000,0,0.115,VETO,,down,-0.7917
2026-07-29 14:23,BMNR,BMNR260807C00017500,0,0.252,VETO,,down,-0.9826
2026-07-29 14:23,HAL,HAL261218P00030000,0,0.161,VETO,,down,-0.6808
2026-07-29 14:23,AFRM,AFRM260807P00066000,0,0.161,VETO,,down,-0.9969
2026-07-29 14:23,NU,NU260918P00013000,0,0.115,VETO,,vertical,-0.1375
2026-07-29 14:23,USO,USO260828C00155000,0,0.345,VETO,,vertical,-0.3812
2026-07-29 14:23,CORZ,CORZ260918P00020000,0,0.267,VETO,,down,-0.6362
2026-07-29 14:23,SQQQ,SQQQ280121P00020000,0,0.343,VETO,,vertical,-0.1781
2026-07-29 14:23,META,META261218P00560000,0,0.425,VETO,,up,0.5191
2026-07-29 14:34,IWM,IWM260821P00277000,0,0.343,VETO,,down,-0.5605
2026-07-29 14:34,TSLA,TSLA260729P00305000,0,0.425,VETO,,up,0.5603
2026-07-29 14:34,QQQ,QQQ260731P00655000,0,0.426,VETO,,up,0.3008
2026-07-29 14:34,IWM,IWM260731P00285000,0,0.343,VETO,,up,0.3761
2026-07-29 14:34,GOOGL,GOOGL260729P00330000,0,0.425,VETO,,down,-0.618
2026-07-29 14:34,TQQQ,TQQQ260731P00060000,0,0.267,VETO,,down,-0.5795
2026-07-29 14:34,BUD,BUD260807P00081000,0,0.161,VETO,,down,-0.8829
2026-07-29 14:34,BWXT,BWXT260821C00185000,0,0.09,VETO,,down,-0.7947
2026-07-29 14:34,WULF,WULF260821C00016000,0,0.267,VETO,,up,0.4511
2026-07-29 14:34,CL,CL261120C00100000,0,0.184,VETO,,down,-0.6483
2026-07-29 14:34,SOXL,SOXL260807P00060000,0,0.345,VETO,,down,-1.0059
2026-07-29 14:34,HUT,HUT260918P00060000,0,0.173,VETO,,down,-0.7063
2026-07-29 14:34,RKLB,RKLB260821C00100000,0,0.343,VETO,,down,-0.8953
2026-07-29 14:34,SOFI,SOFI261016P00013000,0,0.252,VETO,,down,-0.6197
2026-07-29 14:42,GOOGL,GOOGL260729C00330000,0,0.425,VETO,,up,0.5451
2026-07-29 14:42,SPY,SPY260731P00730000,0,0.425,VETO,,down,-0.6462
2026-07-29 14:42,RSP,RSP261016P00210000,0,0.184,VETO,,vertical,-0.0472
2026-07-29 14:42,TSLA,TSLA260729P00302500,0,0.425,VETO,,up,0.5768
2026-07-29 14:42,ORCL,ORCL260731C00120000,0,0.425,VETO,,up,0.2889
2026-07-29 14:42,QQQ,QQQ260729P00665000,0,0.426,VETO,,up,0.3024
2026-07-29 14:42,WMB,WMB260918C00070000,0,0.173,VETO,,vertical,0.0361
2026-07-29 14:42,SPY,SPY261016P00600000,0,0.425,VETO,,vertical,-0.3327
2026-07-29 14:42,DRAM,DRAM260807P00037500,0,0.343,VETO,,down,-0.875
2026-07-29 14:42,CRM,CRM260807C00195000,0,0.425,VETO,,up,0.3661
2026-07-29 14:42,VLY,VLY261218P00014000,0,0.051,VETO,,down,-0.7682
2026-07-29 14:42,SPXS,SPXS260731C00027500,0,0.09,VETO,,down,-0.6444
2026-07-29 14:42,TEX,TEX260821C00070000,0,0.123,VETO,,down,-0.8266
2026-07-29 14:42,ARKK,ARKK260731P00069000,0,0.173,VETO,,down,-0.686
2026-07-29 14:42,DRAM,DRAM260731P00046000,0,0.343,VETO,,up,0.4005
2026-07-29 14:42,CMG,CMG260918C00035000,0,0.173,VETO,,up,1.3085
2026-07-29 14:42,VIXY,VIXY260821P00021000,0,0.09,VETO,,down,-0.725
2026-07-29 14:52,CSCO,CSCO260807C00115000,0,0.408,VETO,,down,-0.6544
2026-07-29 14:52,TLT,TLT260814C00084500,0,0.161,VETO,,down,-0.5625
2026-07-29 14:52,QQQ,QQQ260731C00685000,0,0.426,VETO,,up,0.609
2026-07-29 14:52,NOW,NOW260731P00109000,0,0.425,VETO,,down,-0.7321
2026-07-29 14:52,CMG,CMG270617C00047500,0,0.173,VETO,,down,-0.5482
2026-07-29 14:52,CMG,CMG270319C00045000,0,0.173,VETO,,up,0.5332
2026-07-29 14:52,KRE,KRE260918C00076000,0,0.173,VETO,,down,-0.6314
2026-07-29 14:52,KORU,KORU260821C00015000,0,0.444,VETO,,up,0.2744
2026-07-29 14:52,CMG,CMG270617C00045000,0,0.173,VETO,,down,-0.9198
2026-07-29 14:52,CVNA,CVNA260731P00055000,0,0.343,VETO,,down,-0.9121
2026-07-29 14:52,SPY,SPY260904C00735000,0,0.425,VETO,,up,0.3214
2026-07-29 15:02,SPY,SPY260731C00741000,0,0.425,VETO,,up,0.3247
2026-07-29 15:02,JCI,JCI261016P00120000,0,0.184,VETO,,down,-0.7717
2026-07-29 15:02,NVDA,NVDA270115P00125000,0,0.444,VETO,,vertical,-0.2687
2026-07-29 15:02,QQQ,QQQ260731P00640000,0,0.426,VETO,,up,0.307
2026-07-29 15:02,OXY,OXY261120C00060000,0,0.184,VETO,,down,-0.5587
2026-07-29 15:02,KRE,KRE261016P00075000,0,0.173,VETO,,vertical,-0.0829
2026-07-29 15:02,DIS,DIS260904P00099000,0,0.425,VETO,,up,0.4637
2026-07-29 15:02,SCO,SCO260821C00027500,0,0.173,VETO,,down,-0.8344
2026-07-29 15:02,IMAX,IMAX270319C00060000,0,0.09,VETO,,down,-0.8353
2026-07-29 15:02,QBTS,QBTS260918C00018000,0,0.267,VETO,,up,0.2868
2026-07-29 15:02,IREN,IREN260731P00030000,0,0.425,VETO,,up,0.4453
2026-07-29 15:02,OXY,OXY260807C00057000,0,0.184,VETO,,down,-0.563
2026-07-29 15:02,AAOI,AAOI260807C00105000,0,0.267,VETO,,up,0.25
2026-07-29 15:02,SOFI,SOFI261016C00016000,0,0.252,VETO,,up,0.3429
2026-07-29 15:02,IREN,IREN260731C00031000,0,0.425,VETO,,down,-0.5435
2026-07-29 15:13,MSTR,MSTR260731P00093000,0,0.444,VETO,,up,0.316
2026-07-29 15:13,BUD,BUD260821P00085000,0,0.161,VETO,,down,-0.9086
2026-07-29 15:13,PFE,PFE270115P00025000,0,0.173,VETO,,vertical,-0.0433
2026-07-29 15:13,SPY,SPY260729C00736000,0,0.425,VETO,,up,0.3339
2026-07-29 15:13,CCJ,CCJ260918P00075000,0,0.184,VETO,,down,-1.0324
2026-07-29 15:13,MDT,MDT260821C00087000,0,0.161,VETO,,down,-0.6381
2026-07-29 15:13,BA,BA260731P00205000,0,0.267,VETO,,down,-0.6359
2026-07-29 15:13,DAL,DAL260731C00088000,0,0.252,VETO,,down,-0.599
2026-07-29 15:13,GDX,GDX260807P00068000,0,0.267,VETO,,down,-1.0536
2026-07-29 15:13,PG,PG260807C00145000,0,0.252,VETO,,down,-0.6105
2026-07-29 15:13,GDX,GDX260807P00071000,0,0.267,VETO,,down,-0.9021
2026-07-29 15:13,SHEL,SHEL261218C00097500,0,0.252,VETO,,up,0.2851
2026-07-29 15:13,CLW,CLW260821C00020000,0,0.079,VETO,,down,-1.063
2026-07-29 15:13,LQDA,LQDA260821P00055000,0,0.051,VETO,,down,-1.2115
2026-07-29 15:13,MXL,MXL260821P00040000,0,0.232,VETO,,down,-1.1562
2026-07-29 15:13,FIS,FIS260821C00050000,0,0.161,VETO,,down,-1.0588
2026-07-29 15:13,DJT,DJT260918C00010000,0,0.09,VETO,,vertical,-0.2125
2026-07-29 15:13,AMZN,AMZN260918P00240000,0,0.425,VETO,,down,-0.849
2026-07-29 15:19,GOOGL,GOOGL260729C00335000,0,0.425,VETO,,down,-0.5506
2026-07-29 15:19,SOFI,SOFI261120P00015000,0,0.252,VETO,,vertical,-0.2838
2026-07-29 15:19,SPY,SPY260731C00745000,0,0.425,VETO,,up,0.4669
2026-07-29 15:19,BE,BE260918C00330000,0,0.426,VETO,,up,1.277
2026-07-29 15:19,WRAP,WRAP270115C00003000,0,0.01,VETO,,down,-0.7375
2026-07-29 15:19,HOOD,HOOD260731P00085000,0,0.343,VETO,,down,-0.8477
2026-07-29 15:19,LCID,LCID260807C00007000,0,0.09,VETO,,down,-1.1466
2026-07-29 15:19,HOOD,HOOD260814C00105000,0,0.343,VETO,,down,-0.5771
2026-07-29 15:19,PBR,PBR261120P00016000,0,0.079,VETO,,down,-0.637
2026-07-29 15:19,SNDK,SNDK260731C01400000,0,0.425,VETO,,up,0.4174
2026-07-29 15:19,XLK,XLK260731C00169000,0,0.252,VETO,,down,-0.6007
2026-07-29 15:19,QGEN,QGEN260821C00050000,0,0.027,VETO,,down,-0.8385
2026-07-29 15:19,TQQQ,TQQQ260807C00062000,0,0.267,VETO,,up,0.3453
2026-07-29 15:22,IWM,IWM260821P00276000,0,0.343,VETO,,down,-0.8115
2026-07-29 15:22,CORZ,CORZ260821C00018000,0,0.267,VETO,,up,0.5969
2026-07-29 15:22,IWM,IWM260731P00284000,0,0.343,VETO,,down,-0.7981
2026-07-29 15:22,SPY,SPY260731C00744000,0,0.425,VETO,,up,0.3667
2026-07-29 15:22,TSLA,TSLA260729P00300000,0,0.425,VETO,,up,0.652
2026-07-29 15:22,QQQ,QQQ260729P00666000,0,0.426,VETO,,up,0.4675
2026-07-29 15:22,AVTR,AVTR261016C00014000,0,0.051,VETO,,down,-1.0435
2026-07-29 15:22,SLV,SLV270115C00060000,0,0.252,VETO,,vertical,0.0236
2026-07-29 15:22,XLU,XLU270115C00045000,0,0.161,VETO,,down,-0.9622
2026-07-29 15:22,WULF,WULF261120C00036000,0,0.267,VETO,,down,-0.9909
2026-07-29 15:22,PAYX,PAYX260918C00140000,0,0.252,VETO,,down,-1.1111
2026-07-29 15:22,BYD,BYD260821C00090000,0,0.115,VETO,,down,-0.7694
2026-07-29 15:33,TE,TE270115P00003000,0,0.09,VETO,,down,-0.6333
2026-07-29 15:33,SPY,SPY260729P00734000,0,0.425,VETO,,up,0.538
2026-07-29 15:33,SKHY,SKHY260918P00065000,0,0.408,VETO,,down,-0.8971
2026-07-29 15:33,CTSH,CTSH260821P00055000,0,0.252,VETO,,up,0.417
2026-07-29 15:33,OXY,OXY260918C00057500,0,0.184,VETO,,down,-0.7398
2026-07-29 15:33,IWM,IWM260806P00283000,0,0.343,VETO,,down,-0.8691
2026-07-29 15:33,DT,DT260821C00042500,0,0.09,VETO,,vertical,-0.1122
2026-07-29 15:33,WULF,WULF260918C00018000,0,0.267,VETO,,up,0.4438
2026-07-29 15:33,IBM,IBM260918P00175000,0,0.425,VETO,,down,-1.0625
2026-07-29 15:33,SNXX,SNXX270319C00032000,0,0.408,VETO,,down,-0.841
2026-07-29 15:33,EEM,EEM260807C00064000,0,0.184,VETO,,down,-0.9792
2026-07-29 15:33,BLSH,BLSH260828C00023000,0,0.09,VETO,,down,-0.9119
2026-07-29 15:33,ADM,ADM270319C00100000,0,0.115,VETO,,down,-0.5545
2026-07-29 15:42,NU,NU261016C00015000,0,0.115,VETO,,vertical,-0.0842
2026-07-29 15:42,GDX,GDX260821P00070000,0,0.267,VETO,,down,-0.599
2026-07-29 15:42,HD,HD260731P00337500,0,0.252,VETO,,down,-0.664
2026-07-29 15:42,NTGR,NTGR261218C00030000,0,0.051,VETO,,down,-1.4222
2026-07-29 15:42,VICR,VICR260821P00140000,0,0.161,VETO,,down,-1.0167
2026-07-29 15:42,TTD,TTD260807C00020000,0,0.184,VETO,,down,-0.6078
2026-07-29 15:42,IBKR,IBKR260918P00080000,0,0.184,VETO,,down,-0.5709
2026-07-29 15:42,TLT,TLT260821C00084000,0,0.161,VETO,,down,-0.5205
2026-07-29 15:42,OUST,OUST260821C00045000,0,0.425,VETO,,up,0.2594
2026-07-29 15:42,BNO,BNO260821C00055000,0,0.252,VETO,,down,-0.6439
2026-07-29 15:52,NVDA,NVDA260729C00192500,0,0.444,VETO,,up,0.5824
2026-07-29 15:52,SAP,SAP260731C00185000,0,0.267,VETO,,down,-0.9667
2026-07-29 15:52,SPY,SPY260807P00715000,0,0.425,VETO,,down,-0.5455
2026-07-29 15:52,QCOM,QCOM260814C00190000,0,0.425,VETO,,down,-1.0825
2026-07-29 15:52,FSLY,FSLY260731C00020000,0,0.115,VETO,,down,-0.7316
2026-07-29 15:52,SPY,SPY260729C00734000,0,0.425,VETO,,up,0.5153
2026-07-29 15:52,QQQ,QQQ260729C00667000,0,0.426,VETO,,up,0.6339
2026-07-29 15:52,WFC,WFC260731P00085000,0,0.267,VETO,,up,0.3402
2026-07-29 15:52,KRE,KRE260731C00077500,0,0.173,VETO,,down,-0.9608
2026-07-29 15:52,NFLX,NFLX260814C00076000,0,0.345,VETO,,up,0.2988
2026-07-29 15:52,IGV,IGV260807C00092500,0,0.173,VETO,,down,-0.6143
2026-07-29 15:52,FCEL,FCEL270115P00010000,0,0.232,VETO,,down,-1.0714
2026-07-29 16:03,ACMR,ACMR260918P00045000,0,0.184,VETO,,down,-0.7183
2026-07-29 16:03,CIFR,CIFR260807C00020000,0,0.5,VETO,,up,0.3091
2026-07-29 16:03,WULF,WULF260918C00015000,0,0.267,VETO,,up,0.3339
2026-07-29 16:03,GLOB,GLOB261120C00050000,0,0.09,VETO,,down,-0.6306
2026-07-29 16:03,GRMN,GRMN260821C00320000,0,0.252,VETO,,down,-0.6983
2026-07-29 16:03,PAYX,PAYX260821C00130000,0,0.252,VETO,,down,-1.05
2026-07-29 16:03,WULF,WULF260918C00024000,0,0.267,VETO,,down,-0.6071
2026-07-29 16:03,CELH,CELH261218C00035000,0,0.09,VETO,,vertical,-0.1523
2026-07-29 16:03,LYFT,LYFT280121C00020000,0,0.184,VETO,,down,-0.7873
2026-07-29 16:03,SOFI,SOFI260918C00018000,0,0.252,VETO,,up,0.3646
2026-07-29 16:03,VG,VG260807P00014000,0,0.09,VETO,,down,-0.564
2026-07-29 16:12,AMKR,AMKR260821P00039000,0,0.184,VETO,,down,-0.5545
2026-07-29 16:12,NLY,NLY260821P00023000,0,0.01,VETO,,down,-0.6923
2026-07-29 16:12,MSFT,MSFT260821C00470000,0,0.444,VETO,,up,1.2471
2026-07-29 16:12,SPY,SPY260731P00711000,0,0.425,VETO,,down,-0.5196
2026-07-29 16:12,MSFT,MSFT260731C00445000,0,0.444,VETO,,up,1.5229
2026-07-29 16:12,F,F261016P00014000,0,0.09,VETO,,down,-0.6222
2026-07-29 16:12,IWM,IWM260729C00294000,0,0.343,VETO,,up,0.3026
2026-07-29 16:12,FIG,FIG260821C00035000,0,0.252,VETO,,down,-1.0941
2026-07-29 16:12,NEM,NEM261016P00080000,0,0.184,VETO,,down,-0.7669
2026-07-29 16:12,CLW,CLW261016C00020000,0,0.079,VETO,,down,-0.6985
2026-07-29 16:12,GOOS,GOOS280121C00015000,0,0.01,VETO,,down,-0.7652
2026-07-29 16:12,XLE,XLE261218C00060000,0,0.184,VETO,,vertical,-0.0055
2026-07-29 16:12,SLV,SLV260821C00052000,0,0.252,VETO,,up,0.3125
2026-07-29 16:12,PRCH,PRCH260821C00015000,0,0.01,VETO,,down,-0.8067
2026-07-29 16:12,ONDS,ONDS260731C00007000,0,0.343,VETO,,up,0.2714
2026-07-29 16:12,WULF,WULF260821C00015000,0,0.267,VETO,,up,0.4612
2026-07-29 16:12,AOSL,AOSL260918P00022500,0,0.09,VETO,,down,-0.7339
2026-07-29 16:12,CRWV,CRWV260814C00060000,0,0.425,VETO,,up,0.3655
2026-07-29 16:22,IWM,IWM260729C00293000,0,0.343,VETO,,up,0.4
2026-07-29 16:22,RGTI,RGTI260821P00013500,0,0.343,VETO,,down,-0.6107
2026-07-29 16:22,SPY,SPY260729P00730000,0,0.425,VETO,,down,-0.5625
2026-07-29 16:22,NVDA,NVDA260803C00192500,0,0.444,VETO,,up,0.6072
2026-07-29 16:22,GEHC,GEHC260821C00073000,0,0.232,VETO,,down,-0.8487
2026-07-29 16:22,NVO,NVO261120C00075000,0,0.252,VETO,,down,-1.1552
2026-07-29 16:22,ISRG,ISRG260731C00360000,0,0.232,VETO,,down,-0.6415
2026-07-29 16:22,COHR,COHR260814P00150000,0,0.252,VETO,,down,-1.0268
2026-07-29 16:22,CDE,CDE270319C00017500,0,0.161,VETO,,down,-0.8273
2026-07-29 16:33,GOOGL,GOOGL260814P00295000,0,0.425,VETO,,down,-0.6716
2026-07-29 16:33,SPY,SPY260729C00732000,0,0.425,VETO,,up,0.4557
2026-07-29 16:33,TQQQ,TQQQ260918P00052000,0,0.267,VETO,,vertical,-0.5358
2026-07-29 16:33,XLY,XLY260814C00114000,0,0.173,VETO,,down,-1.1061
2026-07-29 16:33,SPY,SPY260805P00712000,0,0.425,VETO,,down,-1.006
2026-07-29 16:33,NFLX,NFLX260731C00073000,0,0.345,VETO,,down,-0.7196
2026-07-29 16:33,BB,BB261218P00007000,0,0.161,VETO,,vertical,-0.3407
2026-07-29 16:33,RIOT,RIOT260821P00019000,0,0.252,VETO,,down,-0.5567
2026-07-29 16:33,GDX,GDX260731C00073000,0,0.267,VETO,,up,0.3091
2026-07-29 16:33,SOFI,SOFI270617C00025000,0,0.252,VETO,,vertical,0.1149
2026-07-29 16:33,INTW,INTW260821C00018750,0,0.408,VETO,,up,0.1935
2026-07-29 16:33,SOXL,SOXL260731C00110000,0,0.345,VETO,,up,0.3083
2026-07-29 16:33,RDW,RDW260821C00009000,0,0.09,VETO,,down,-1.0455
2026-07-29 16:43,MCHP,MCHP260918P00055000,0,0.343,VETO,,down,-0.8946
2026-07-29 16:43,TLT,TLT260821C00083500,0,0.161,VETO,,down,-0.6071
2026-07-29 16:43,GLD,GLD260731P00361000,0,0.345,VETO,,down,-0.7662
2026-07-29 16:43,DRAM,DRAM260731P00042000,0,0.343,VETO,,down,-0.6348
2026-07-29 16:43,GS,GS260828C01140000,0,0.252,VETO,,down,-1.1183
2026-07-29 16:43,MSTR,MSTR260731C00095000,0,0.444,VETO,,up,0.3855
2026-07-29 16:43,SMH,SMH260729C00522500,0,0.267,VETO,,up,0.3207
2026-07-29 16:43,CSCO,CSCO260731C00116000,0,0.408,VETO,,down,-0.8951
2026-07-29 16:43,GLBE,GLBE261120C00050000,0,0.051,VETO,,down,-0.9
2026-07-29 16:43,SOFI,SOFI260918P00016000,0,0.252,VETO,,vertical,-0.4126
2026-07-29 16:43,HIMS,HIMS260807P00026000,0,0.343,VETO,,up,0.2923
2026-07-29 16:53,NVDA,NVDA260821P00180000,0,0.444,VETO,,down,-0.5447
2026-07-29 16:53,SPCX,SPCX260821P00090000,0,0.425,VETO,,vertical,0.1054
2026-07-29 16:53,SPY,SPY260729P00732000,0,0.425,VETO,,down,-0.6357
2026-07-29 16:53,AAOI,AAOI260731C00083000,0,0.267,VETO,,up,0.398
2026-07-29 16:53,CORZ,CORZ260918P00016000,0,0.267,VETO,,down,-0.5271
2026-07-29 16:53,BULL,BULL270219P00007500,0,0.09,VETO,,down,-0.568
2026-07-29 16:53,ECHO,ECHO260821P00075000,0,0.252,VETO,,down,-0.8796
2026-07-29 16:53,MS,MS260918P00185000,0,0.232,VETO,,down,-0.7449
2026-07-29 16:53,AOSL,AOSL260918P00025000,0,0.09,VETO,,down,-0.8079
2026-07-29 16:53,BTU,BTU260731C00020500,0,0.027,VETO,,down,-0.8355
2026-07-29 16:53,AMPG,AMPG270115C00005000,0,0.01,VETO,,vertical,-0.175
2026-07-29 16:53,ARKK,ARKK261120C00090000,0,0.173,VETO,,down,-0.6698
2026-07-29 16:53,KEEL,KEEL270115C00003500,0,0.343,VETO,,up,0.3301
2026-07-29 16:53,XLE,XLE270115C00065000,0,0.184,VETO,,vertical,-0.0073
2026-07-29 16:53,TTAN,TTAN261016C00075000,0,0.161,VETO,,vertical,-0.1007
2026-07-29 17:06,BA,BA260731P00215000,0,0.267,VETO,,down,-0.5398
2026-07-29 17:06,AMZN,AMZN260731C00250000,0,0.425,VETO,,up,0.3967
2026-07-29 17:06,GOOGL,GOOGL260731C00340000,0,0.425,VETO,,up,0.3656
2026-07-29 17:06,TSLA,TSLA260729C00302500,0,0.425,VETO,,up,0.4093
2026-07-29 17:06,GFS,GFS260918P00040000,0,0.232,VETO,,down,-0.8745
2026-07-29 17:06,ARKK,ARKK260918P00070000,0,0.173,VETO,,vertical,-0.2863
2026-07-29 17:06,CORZ,CORZ260807P00018000,0,0.267,VETO,,down,-0.8631
2026-07-29 17:06,WULF,WULF260731C00016000,0,0.267,VETO,,down,-0.5574
2026-07-29 17:06,ASTS,ASTS260731C00055000,0,0.425,VETO,,up,0.4777
2026-07-29 17:06,MTCH,MTCH270115C00045000,0,0.09,VETO,,down,-0.6511
2026-07-29 17:06,RKLB,RKLB260814C00075000,0,0.343,VETO,,down,-0.8218
2026-07-29 17:06,DGXX,DGXX280121C00005000,0,0.01,VETO,,down,-1.0029
2026-07-29 17:06,AMSC,AMSC260918C00027000,0,0.051,VETO,,down,-0.5692
2026-07-29 17:06,EEM,EEM260731P00060500,0,0.184,VETO,,down,-0.6327
2026-07-29 17:13,SPY,SPY260821P00700000,0,0.425,VETO,,down,-0.5819
2026-07-29 17:13,QQQ,QQQ260729C00675000,0,0.426,VETO,,up,0.3394
2026-07-29 17:13,CSCO,CSCO260731C00114000,0,0.408,VETO,,down,-0.5929
2026-07-29 17:13,QCOM,QCOM260731P00155000,0,0.425,VETO,,up,0.3434
2026-07-29 17:13,BMNR,BMNR260814P00017000,0,0.252,VETO,,down,-0.5504
2026-07-29 17:13,ELF,ELF260731C00082000,0,0.115,VETO,,down,-0.6349
2026-07-29 17:13,SLS,SLS260814C00030000,0,0.115,VETO,,down,-1.075
2026-07-29 17:13,ASHR,ASHR260821C00034500,0,0.161,VETO,,vertical,-0.0303
2026-07-29 17:13,SEI,SEI260918P00032500,0,0.161,VETO,,down,-0.831
2026-07-29 17:13,HIMS,HIMS260814C00037000,0,0.343,VETO,,down,-1.0698
2026-07-29 17:23,GDX,GDX260731C00076000,0,0.267,VETO,,up,0.2391
2026-07-29 17:23,SPY,SPY260731P00720000,0,0.425,VETO,,down,-0.5905
2026-07-29 17:23,SPY,SPY260730C00740000,0,0.425,VETO,,up,0.3087
2026-07-29 17:23,SPY,SPY260805P00710000,0,0.425,VETO,,down,-0.5128
2026-07-29 17:23,AMAT,AMAT260731P00375000,0,0.343,VETO,,down,-1.2283
2026-07-29 17:23,INTC,INTC260821C00110000,0,0.444,VETO,,up,0.3444
2026-07-29 17:23,QCOM,QCOM260731P00152500,0,0.425,VETO,,up,0.3149
2026-07-29 17:23,SLV,SLV260731C00052500,0,0.252,VETO,,up,0.2947
2026-07-29 17:23,HPQ,HPQ260918C00029000,0,0.184,VETO,,down,-0.5184
2026-07-29 17:23,KRE,KRE261120P00074000,0,0.173,VETO,,vertical,-0.1266
2026-07-29 17:23,PINS,PINS260918C00025000,0,0.09,VETO,,vertical,-0.2163
2026-07-29 17:23,TTD,TTD260807P00016000,0,0.184,VETO,,down,-1.0714
2026-07-29 17:23,CLS,CLS260807C00382500,0,0.267,VETO,,down,-1.0711
2026-07-29 17:23,APLD,APLD260918C00025000,0,0.5,VETO,,up,0.3254
2026-07-29 17:23,SOFI,SOFI260807C00014500,0,0.252,VETO,,up,0.2835
2026-07-29 17:23,CRCL,CRCL260731C00064000,0,0.345,VETO,,up,0.3716
2026-07-29 17:23,DINO,DINO260918C00105000,0,0.09,VETO,,vertical,-0.2205
2026-07-29 17:23,IBKR,IBKR260731C00087000,0,0.184,VETO,,down,-1.0487
2026-07-29 17:35,MSFT,MSFT260731P00355000,0,0.444,VETO,,down,-1.0289
2026-07-29 17:35,QQQ,QQQ260729P00667000,0,0.426,VETO,,down,-0.5222
2026-07-29 17:35,XOP,XOP260918P00155000,0,0.184,VETO,,vertical,-0.5944
2026-07-29 17:35,NVDA,NVDA261218C00290000,0,0.444,VETO,,vertical,0.2294
2026-07-29 17:35,SPY,SPY260731C00740000,0,0.425,VETO,,up,0.475
2026-07-29 17:35,NDAQ,NDAQ260918P00095000,0,0.173,VETO,,vertical,0.1278
2026-07-29 17:35,KRE,KRE260821P00076000,0,0.173,VETO,,down,-0.5901
2026-07-29 17:35,CRWV,CRWV260807C00066000,0,0.425,VETO,,up,0.4838
2026-07-29 17:35,XLI,XLI260918P00160000,0,0.184,VETO,,down,-1.0303
2026-07-29 17:35,HOOD,HOOD260731P00080000,0,0.343,VETO,,down,-0.8969
2026-07-29 17:35,THC,THC260821P00240000,0,0.123,VETO,,down,-0.6293
2026-07-29 17:35,XRT,XRT260918P00085000,0,0.161,VETO,,vertical,-0.0042
2026-07-29 17:35,SPRY,SPRY260918C00007500,0,0.01,VETO,,down,-1.4444
2026-07-29 17:35,NCLH,NCLH260918P00021000,0,0.173,VETO,,up,0.4196
2026-07-29 17:35,RBLX,RBLX261120C00080000,0,0.252,VETO,,down,-1.0049
2026-07-29 17:35,RKT,RKT260731C00015000,0,0.115,VETO,,down,-0.8125
2026-07-29 17:42,IREN,IREN260821C00035000,0,0.425,VETO,,up,0.6834
2026-07-29 17:42,SPY,SPY260729P00736000,0,0.425,VETO,,down,-0.5142
2026-07-29 17:42,RKT,RKT260918C00015000,0,0.115,VETO,,down,-0.5466
2026-07-29 17:42,IWM,IWM260730C00292000,0,0.343,VETO,,up,0.4016
2026-07-29 17:42,AKAM,AKAM260918C00135000,0,0.173,VETO,,vertical,0.1093
2026-07-29 17:42,MU,MU260729P00750000,0,0.411,VETO,,down,-0.9029
2026-07-29 17:42,RGTI,RGTI260918C00014000,0,0.343,VETO,,up,0.2857
2026-07-29 17:42,SOFI,SOFI261120C00017000,0,0.252,VETO,,vertical,0.0804
2026-07-29 17:42,EXPE,EXPE260731P00300000,0,0.161,VETO,,down,-0.6919
2026-07-29 17:54,TLT,TLT260918P00083000,0,0.161,VETO,,up,0.348
2026-07-29 17:54,IWM,IWM260730P00289000,0,0.343,VETO,,down,-0.9974
2026-07-29 17:54,TSLA,TSLA260729C00300000,0,0.425,VETO,,up,0.7937
2026-07-29 17:54,NVDA,NVDA260918C00220000,0,0.444,VETO,,up,0.3176
2026-07-29 17:54,SOXL,SOXL260814C00200000,0,0.345,VETO,,up,0.1667
2026-07-29 17:54,CSCO,CSCO260918C00135000,0,0.408,VETO,,down,-0.7143
2026-07-29 17:54,JPM,JPM260731P00347500,0,0.252,VETO,,down,-0.6486
2026-07-29 17:54,SMH,SMH260731C00580000,0,0.267,VETO,,down,-0.7424
2026-07-29 17:54,OMC,OMC260918P00077500,0,0.173,VETO,,down,-0.9659
2026-07-29 17:54,GEHC,GEHC260731P00073000,0,0.232,VETO,,down,-0.7475
2026-07-29 17:54,CNP,CNP260821C00044000,0,0.09,VETO,,down,-1.0938
2026-07-29 17:54,CCL,CCL261016P00028000,0,0.161,VETO,,down,-0.7276
2026-07-29 17:54,HIVE,HIVE280121C00005000,0,0.115,VETO,,down,-1.0526
2026-07-29 17:54,VICI,VICI260918C00027500,0,0.09,VETO,,down,-0.7
2026-07-29 17:54,XLE,XLE260821C00059000,0,0.184,VETO,,vertical,0.1056
2026-07-29 17:54,BILL,BILL260731C00047000,0,0.09,VETO,,down,-0.7452
2026-07-29 17:54,CCL,CCL261016C00027000,0,0.161,VETO,,down,-0.859
2026-07-29 18:02,IREN,IREN260807C00030000,0,0.425,VETO,,up,0.4494
2026-07-29 18:02,SPY,SPY260806P00728000,0,0.425,VETO,,up,0.6827
2026-07-29 18:02,RIOT,RIOT270115P00013000,0,0.252,VETO,,vertical,-0.735
2026-07-29 18:02,ACAD,ACAD260821C00028000,0,0.09,VETO,,down,-0.6857
2026-07-29 18:02,EWY,EWY261016C00220000,0,0.425,VETO,,up,0.3067
2026-07-29 18:02,APPN,APPN260821C00032500,0,0.115,VETO,,down,-1.316
2026-07-29 18:02,MSTR,MSTR260731P00095000,0,0.444,VETO,,up,0.3427
2026-07-29 18:12,TLT,TLT260918P00082000,0,0.161,VETO,,up,0.4688
2026-07-29 18:12,TQQQ,TQQQ260807C00060000,0,0.267,VETO,,up,0.3867
2026-07-29 18:12,SPY,SPY260821P00702000,0,0.425,VETO,,up,0.3583
2026-07-29 18:12,TLT,TLT260918P00081000,0,0.161,VETO,,up,0.4455
2026-07-29 18:12,AGI,AGI260821C00028000,0,0.115,VETO,,down,-0.8653
2026-07-29 18:12,SPCX,SPCX260821C00225000,0,0.425,VETO,,vertical,-0.4387
2026-07-29 18:12,SPY,SPY260729P00741000,0,0.425,VETO,,down,-0.5156
2026-07-29 18:12,MRVL,MRVL260731C00180000,0,0.425,VETO,,down,-0.6653
2026-07-29 18:12,ET,ET260731C00018000,0,0.09,VETO,,down,-1.0366
2026-07-29 18:12,SLV,SLV260803P00051500,0,0.252,VETO,,up,0.386
2026-07-29 18:12,TQQQ,TQQQ260731C00060000,0,0.267,VETO,,down,-0.5382
2026-07-29 18:12,IGV,IGV260731P00089500,0,0.173,VETO,,down,-0.6571
2026-07-29 18:12,SLV,SLV281215C00050000,0,0.252,VETO,,vertical,-0.117
2026-07-29 18:15,QQQ,QQQ260731C00690000,0,0.426,VETO,,up,0.4295
2026-07-29 18:15,DRAM,DRAM260731P00043000,0,0.343,VETO,,up,0.4242
2026-07-29 18:15,NIO,NIO270416P00005000,0,0.123,VETO,,vertical,-0.2325
2026-07-29 18:15,MSTR,MSTR260731P00092000,0,0.444,VETO,,up,0.4286
2026-07-29 18:15,FIG,FIG260731C00026000,0,0.252,VETO,,down,-1.1191
2026-07-29 18:15,BMNR,BMNR260821C00018500,0,0.252,VETO,,down,-0.7429
2026-07-29 18:15,TOST,TOST280121P00025000,0,0.232,VETO,,vertical,-0.1878
2026-07-29 18:23,NVDA,NVDA260731P00192500,0,0.444,VETO,,up,0.3029
2026-07-29 18:23,TLT,TLT261218P00082000,0,0.161,VETO,,up,0.322
2026-07-29 18:23,BRUN,BRUN261120C00020000,0,0.408,VETO,,up,0.3405
2026-07-29 18:23,SPY,SPY260730P00731000,0,0.425,VETO,,down,-0.5291
2026-07-29 18:23,XOM,XOM260821P00150000,0,0.345,VETO,,vertical,-0.2138
2026-07-29 18:23,SPY,SPY260828P00691000,0,0.425,VETO,,up,0.3417
2026-07-29 18:23,DIS,DIS260821P00092000,0,0.425,VETO,,up,0.3661
2026-07-29 18:23,SQQQ,SQQQ260807C00050000,0,0.343,VETO,,up,0.3842
2026-07-29 18:23,CVNA,CVNA260821P00054000,0,0.343,VETO,,up,0.2708
2026-07-29 18:23,CRWV,CRWV260731P00065000,0,0.425,VETO,,down,-0.7797
2026-07-29 18:23,SNDK,SNDK260731C01300000,0,0.425,VETO,,up,0.6675
2026-07-29 18:23,SMH,SMH260731C00570000,0,0.267,VETO,,down,-0.7411
2026-07-29 18:23,CMG,CMG270319P00032500,0,0.173,VETO,,down,-0.5176
2026-07-29 18:23,TLT,TLT261231C00089000,0,0.161,VETO,,vertical,-0.3095
2026-07-29 18:23,TLT,TLT261231C00090000,0,0.161,VETO,,vertical,-0.3365
2026-07-29 18:33,SPY,SPY260729C00738000,0,0.425,VETO,,up,1.0123
2026-07-29 18:33,IREN,IREN260918C00041000,0,0.425,VETO,,up,0.727
2026-07-29 18:33,UNH,UNH260807P00410000,0,0.267,VETO,,down,-0.5451
2026-07-29 18:33,IREN,IREN260821C00040000,0,0.425,VETO,,up,0.7711
2026-07-29 18:33,UBER,UBER261120P00065000,0,0.343,VETO,,vertical,-0.0314
2026-07-29 18:33,MSTR,MSTR260731C00101000,0,0.444,VETO,,up,0.3234
2026-07-29 18:33,XOM,XOM260918C00175000,0,0.345,VETO,,down,-0.5556
2026-07-29 18:33,AMZN,AMZN260731P00215000,0,0.425,VETO,,up,0.3932
2026-07-29 18:33,AXP,AXP260918C00370000,0,0.252,VETO,,down,-1.0541
2026-07-29 18:33,PLTR,PLTR260828P00100000,0,0.425,VETO,,vertical,-0.1627
2026-07-29 18:33,AMBA,AMBA260731C00073000,0,0.184,VETO,,up,0.2635
2026-07-29 18:42,SPY,SPY260731P00725000,0,0.425,VETO,,up,0.5429
2026-07-29 18:42,MSFT,MSFT260821C00450000,0,0.444,VETO,,up,1.524
2026-07-29 18:42,TQQQ,TQQQ260814P00049000,0,0.267,VETO,,down,-0.8542
2026-07-29 18:42,IBM,IBM260731C00230000,0,0.425,VETO,,down,-0.9423
2026-07-29 18:42,AMD,AMD260729C00450000,0,0.425,VETO,,up,0.296
2026-07-29 18:42,SPY,SPY260730P00737000,0,0.425,VETO,,up,0.6349
2026-07-29 18:42,INTC,INTC260810C00090000,0,0.444,VETO,,up,0.2139
2026-07-29 18:42,UNP,UNP260918C00320000,0,0.184,VETO,,down,-0.902
2026-07-29 18:42,LUMN,LUMN280121C00010000,0,0.09,VETO,,vertical,0.0032
2026-07-29 18:42,OKLO,OKLO260731C00038000,0,0.267,VETO,,down,-0.6712
2026-07-29 18:42,AMBA,AMBA260731C00075000,0,0.184,VETO,,down,-0.5558
2026-07-29 18:52,BAC,BAC260821C00063000,0,0.184,VETO,,down,-0.5598
2026-07-29 18:52,BABA,BABA260807C00117000,0,0.408,VETO,,down,-0.5811
2026-07-29 18:52,TSLA,TSLA260805C00322500,0,0.425,VETO,,down,-0.5821
2026-07-29 18:52,ALLE,ALLE260821C00160000,0,0.079,VETO,,down,-0.6105
2026-07-29 18:52,TLT,TLT260918C00085000,0,0.161,VETO,,down,-0.5214
2026-07-29 18:52,MSFU,MSFU260821C00031000,0,0.161,VETO,,down,-0.7882
2026-07-29 18:52,SCHW,SCHW270617P00087500,0,0.173,VETO,,vertical,-0.2823
2026-07-29 18:52,ZM,ZM260814P00088000,0,0.345,VETO,,up,0.2727
2026-07-29 18:52,CVNA,CVNA260821C00080000,0,0.343,VETO,,down,-0.966
2026-07-29 18:52,NBIS,NBIS260731P00120000,0,0.411,VETO,,up,0.65
2026-07-29 18:52,ONDS,ONDS261218C00008000,0,0.343,VETO,,vertical,-0.0294
2026-07-29 19:02,SLV,SLV260821C00055000,0,0.252,VETO,,vertical,-0.3734
2026-07-29 19:02,NVO,NVO260828C00053000,0,0.252,VETO,,down,-0.8987
2026-07-29 19:02,XLK,XLK260731C00171000,0,0.252,VETO,,down,-0.7
2026-07-29 19:02,SPY,SPY260821P00706000,0,0.425,VETO,,up,0.4725
2026-07-29 19:02,APP,APP260731C00440000,0,0.161,VETO,,down,-0.8132
2026-07-29 19:02,SPY,SPY260731P00724000,0,0.425,VETO,,up,0.5536
2026-07-29 19:02,EEM,EEM260814P00058000,0,0.184,VETO,,down,-1.0745
2026-07-29 19:02,IBIT,IBIT260821P00035000,0,0.252,VETO,,up,0.3732
2026-07-29 19:02,TMUS,TMUS260821P00170000,0,0.252,VETO,,up,0.2588
2026-07-29 19:02,BILL,BILL260918C00060000,0,0.09,VETO,,down,-1.1
2026-07-29 19:02,MRVL,MRVL260731P00165000,0,0.425,VETO,,up,0.3909
2026-07-29 19:02,XRT,XRT260814C00090000,0,0.161,VETO,,down,-0.6187
2026-07-29 19:02,CIFR,CIFR261016C00022000,0,0.5,VETO,,up,0.4456
2026-07-29 19:02,BE,BE260731P00150000,0,0.426,VETO,,up,0.2682
2026-07-29 19:12,OXY,OXY270115C00065000,0,0.184,VETO,,vertical,-0.0511
2026-07-29 19:12,XLE,XLE260821C00063000,0,0.184,VETO,,down,-0.7625
2026-07-29 19:12,SLV,SLV261231C00070000,0,0.252,VETO,,vertical,-0.1555
2026-07-29 19:12,TLT,TLT260828P00082000,0,0.161,VETO,,up,0.3043
2026-07-29 19:12,UNH,UNH260731C00427500,0,0.267,VETO,,down,-1.0254
2026-07-29 19:12,TLT,TLT260930C00082000,0,0.161,VETO,,vertical,-0.2589
2026-07-29 19:12,SLV,SLV261218C00060000,0,0.252,VETO,,vertical,-0.1219
2026-07-29 19:12,TMUS,TMUS260731P00180000,0,0.252,VETO,,down,-0.6914
2026-07-29 19:12,TLT,TLT260918C00084000,0,0.161,VETO,,vertical,-0.3673
2026-07-29 19:12,TLT,TLT260918P00085000,0,0.161,VETO,,up,0.3276
2026-07-29 19:12,ARKK,ARKK260821P00066500,0,0.173,VETO,,vertical,-0.405
2026-07-29 19:22,TLT,TLT260930C00083000,0,0.161,VETO,,vertical,-0.2611
2026-07-29 19:22,NCLH,NCLH270115P00020000,0,0.173,VETO,,vertical,0.0263
2026-07-29 19:22,CMG,CMG260821P00034500,0,0.173,VETO,,down,-0.9347
2026-07-29 19:22,PBF,PBF260821P00060000,0,0.079,VETO,,down,-0.6263
2026-07-29 19:22,TLT,TLT260918C00083000,0,0.161,VETO,,vertical,-0.305
2026-07-29 19:22,FCX,FCX270115C00055000,0,0.267,VETO,,vertical,-0.0322
2026-07-29 19:22,SPOT,SPOT260821C00530000,0,0.161,VETO,,down,-0.5813
2026-07-29 19:22,IWM,IWM260918C00265000,0,0.343,VETO,,vertical,-0.0464
2026-07-29 19:33,NVDA,NVDA260729P00195000,0,0.444,VETO,,up,0.7614
2026-07-29 19:33,IWM,IWM260731P00290000,0,0.343,VETO,,up,0.5052
2026-07-29 19:33,DXCM,DXCM260821C00080000,0,0.161,VETO,,down,-0.6536
2026-07-29 19:33,SPY,SPY260730P00728000,0,0.425,VETO,,up,0.9167
2026-07-29 19:33,VLO,VLO260731P00285000,0,0.161,VETO,,down,-0.73
2026-07-29 19:33,GLOB,GLOB260918C00045000,0,0.09,VETO,,down,-0.778
2026-07-29 19:33,TLT,TLT260918P00084000,0,0.161,VETO,,vertical,0.174
2026-07-29 19:33,TLT,TLT280121C00090000,0,0.161,VETO,,vertical,-0.2228
2026-07-29 19:33,FRO,FRO260821C00040000,0,0.051,VETO,,down,-0.8457
2026-07-29 19:33,UAL,UAL260807P00115000,0,0.161,VETO,,down,-0.6488
2026-07-29 19:33,LQDA,LQDA260821P00060000,0,0.051,VETO,,down,-1.05
2026-07-29 19:33,NVTS,NVTS260918C00009000,0,0.252,VETO,,vertical,0.0848
2026-07-29 19:43,IRM,IRM260807P00120000,0,0.079,VETO,,down,-0.6395
2026-07-29 19:43,NVDA,NVDA261016P00150000,0,0.444,VETO,,vertical,-0.4708
2026-07-29 19:43,ORCL,ORCL260731C00125000,0,0.425,VETO,,up,1.5922
2026-07-29 19:43,IBIT,IBIT270115C00040000,0,0.252,VETO,,vertical,-0.1608
2026-07-29 19:43,QQQ,QQQ260730C00670000,0,0.426,VETO,,up,0.7105
2026-07-29 19:43,BMNR,BMNR261120P00018000,0,0.252,VETO,,vertical,-0.1095
2026-07-29 19:43,PLTR,PLTR260731P00118000,0,0.425,VETO,,up,0.45
2026-07-29 19:43,PLTR,PLTR260731P00120000,0,0.425,VETO,,up,0.4542
2026-07-29 19:43,BAC,BAC260821P00060000,0,0.184,VETO,,down,-0.526
2026-07-29 19:43,NVTS,NVTS270115C00025000,0,0.252,VETO,,vertical,0.0316
2026-07-29 19:43,AXTI,AXTI260821C00050000,0,0.411,VETO,,up,0.3045
2026-07-29 19:43,GDX,GDX260918C00090000,0,0.267,VETO,,vertical,-0.295
2026-07-29 19:43,USO,USO260807C00140000,0,0.345,VETO,,down,-0.5517
2026-07-29 19:43,ITB,ITB261016C00110000,0,0.161,VETO,,down,-1.0367
2026-07-29 19:43,CVNA,CVNA260821P00068500,0,0.343,VETO,,up,0.3455
2026-07-29 19:52,ETHA,ETHA260918C00015000,0,0.09,VETO,,vertical,-0.1807
2026-07-29 19:52,GLNG,GLNG260918C00050000,0,0.051,VETO,,down,-1.0848
2026-07-29 19:52,SPY,SPY260729C00731000,0,0.425,VETO,,vertical,-0.7475
2026-07-29 19:52,TLT,TLT270115P00082000,0,0.161,VETO,,vertical,0.1987
2026-07-29 19:52,PLTR,PLTR260807C00140000,0,0.425,VETO,,vertical,-0.1953
2026-07-29 19:52,HOOD,HOOD260731C00090000,0,0.343,VETO,,down,-0.55
2026-07-29 19:52,ATI,ATI260918P00140000,0,0.09,VETO,,down,-1.115
2026-07-29 19:52,SKM,SKM260821C00030000,0,0.09,VETO,,down,-0.8457
2026-07-29 19:52,NBIS,NBIS260807P00090000,0,0.411,VETO,,down,-1.0
2026-07-29 19:52,SLV,SLV260731P00052000,0,0.252,VETO,,down,-0.68
2026-07-29 19:52,BABA,BABA260731C00120000,0,0.408,VETO,,down,-0.7841
2026-07-29 19:52,MSTR,MSTR260731P00085000,0,0.444,VETO,,down,-0.6207
2026-07-29 19:52,ARKG,ARKG260731P00037000,0,0.09,VETO,,down,-0.8
2026-07-29 19:52,SNXX,SNXX260918C00006000,0,0.408,VETO,,up,0.1551
2026-07-29 19:58,BMY,BMY261218C00080000,0,0.09,VETO,,vertical,-0.2824
2026-07-29 19:58,IWM,IWM260731P00288000,0,0.343,VETO,,down,-0.6419
2026-07-29 19:58,SOFI,SOFI260821C00014000,0,0.252,VETO,,up,0.2771
2026-07-29 19:58,GLD,GLD260918C00400000,0,0.345,VETO,,vertical,-0.2139
2026-07-29 19:58,IWM,IWM260821P00275000,0,0.343,VETO,,down,-0.6037
2026-07-29 19:58,AMZN,AMZN260918C00260000,0,0.425,VETO,,up,0.3973
2026-07-29 19:58,TQQQ,TQQQ260821P00053000,0,0.267,VETO,,down,-0.5345
2026-07-29 19:58,GPC,GPC260821P00130000,0,0.09,VETO,,down,-0.9
2026-07-29 19:58,GLD,GLD260805P00367000,0,0.345,VETO,,down,-0.6
2026-07-29 19:58,XLF,XLF260918P00055000,0,0.115,VETO,,vertical,-0.3357
2026-07-30 13:32,SOXL,SOXL260731P00101000,0,0.252,VETO,,down,-0.8398
2026-07-30 13:32,SMCI,SMCI260731C00026500,0,0.161,VETO,,up,0.3288
2026-07-30 13:32,SLV,SLV260731P00052000,0,0.115,VETO,,down,-0.5833
2026-07-30 13:32,SOXL,SOXL260731P00090000,0,0.252,VETO,,down,-0.6014
2026-07-30 13:32,BAX,BAX270319C00030000,0,0.051,VETO,,down,-1.0205
2026-07-30 13:32,SOXL,SOXL260731P00099000,0,0.252,VETO,,down,-0.7138
2026-07-30 13:32,TECH,TECH270617C00070000,0,0.01,VETO,,vertical,-0.2103
2026-07-30 13:45,TQQQ,TQQQ260731P00061000,0,0.184,VETO,,down,-0.5461
2026-07-30 13:45,HIMS,HIMS260821P00023000,0,0.252,VETO,,down,-1.0559
2026-07-30 13:45,NVDA,NVDA261120P00110000,0,0.343,VETO,,vertical,-0.5421
2026-07-30 13:45,SPCX,SPCX260731C00115000,0,0.252,VETO,,up,0.4581
2026-07-30 13:45,QQQ,QQQ260730C00678000,0,0.408,VETO,,up,1.9971
2026-07-30 13:45,SPY,SPY260730P00735000,0,0.252,VETO,,down,-0.598
2026-07-30 13:45,QQQ,QQQ260730P00675000,0,0.408,VETO,,down,-0.5959
2026-07-30 13:45,QCOM,QCOM260731P00148000,0,0.267,VETO,,down,-0.6143
2026-07-30 13:45,RIG,RIG280121C00007000,0,0.079,VETO,,vertical,0.0059
2026-07-30 13:45,CORZ,CORZ260821C00025000,0,0.184,VETO,,up,0.3955
2026-07-30 13:45,CVNA,CVNA260731P00059000,0,0.252,VETO,,down,-0.61
2026-07-30 13:52,NVDA,NVDA260803P00195000,0,0.343,VETO,,down,-0.7595
2026-07-30 13:52,SPY,SPY260730P00734000,0,0.252,VETO,,up,0.8069
2026-07-30 13:52,DRAM,DRAM260731C00050000,0,0.267,VETO,,up,0.5167
2026-07-30 13:52,MSFT,MSFT260731C00460000,0,0.343,VETO,,down,-0.5232
2026-07-30 13:52,QQQ,QQQ260730C00681000,0,0.408,VETO,,up,0.3554
2026-07-30 13:52,INTC,INTC260731C00090000,0,0.408,VETO,,up,0.5533
2026-07-30 13:52,WULF,WULF260918C00024000,0,0.115,VETO,,vertical,-0.1429
2026-07-30 13:52,PLTR,PLTR260731C00121000,0,0.252,VETO,,down,-0.735
2026-07-30 13:52,SOXL,SOXL260731C00120000,0,0.252,VETO,,up,0.5567
2026-07-30 13:52,SOXL,SOXL260731P00100000,0,0.252,VETO,,down,-0.5682
2026-07-30 13:52,REGN,REGN260731C00705000,0,0.09,VETO,,down,-0.72
2026-07-30 14:02,IREN,IREN260918P00030000,0,0.343,VETO,,down,-0.5701
2026-07-30 14:02,SPY,SPY260730P00736000,0,0.252,VETO,,up,0.7522
2026-07-30 14:02,SPY,SPY260731C00740000,0,0.252,VETO,,down,-0.5092
2026-07-30 14:02,QQQ,QQQ260730P00680000,0,0.408,VETO,,up,0.4598
2026-07-30 14:02,FISV,FISV260807C00055000,0,0.09,VETO,,down,-0.7595
2026-07-30 14:02,ETHA,ETHA280121C00020000,0,0.079,VETO,,vertical,-0.2106
2026-07-30 14:02,EQX,EQX261016P00010000,0,0.047,VETO,,vertical,0.0035
2026-07-30 14:12,TQQQ,TQQQ260731P00062000,0,0.184,VETO,,down,-1.0039
2026-07-30 14:12,INTC,INTC260810P00088000,0,0.408,VETO,,down,-0.8255
2026-07-30 14:12,MRAM,MRAM261218C00030000,0,0.051,VETO,,vertical,-0.325
2026-07-30 14:12,SPY,SPY260730P00737000,0,0.252,VETO,,up,0.2995
2026-07-30 14:12,SPY,SPY260731C00738000,0,0.252,VETO,,up,0.3236
2026-07-30 14:12,CRWV,CRWV260821P00055000,0,0.267,VETO,,down,-0.5536
2026-07-30 14:12,IREN,IREN260814P00030000,0,0.343,VETO,,down,-0.8019
2026-07-30 14:12,HOOD,HOOD260821C00095000,0,0.252,VETO,,vertical,-0.3697
2026-07-30 14:12,FIG,FIG260821C00032000,0,0.115,VETO,,down,-0.7176
2026-07-30 14:12,VZ,VZ260731P00048000,0,0.115,VETO,,down,-0.705
2026-07-30 14:12,VRSK,VRSK260821P00190000,0,0.115,VETO,,down,-0.8532
2026-07-30 14:12,IREN,IREN260821P00027000,0,0.343,VETO,,down,-0.7087
2026-07-30 14:12,GLXY,GLXY260731P00020000,0,0.09,VETO,,down,-0.7803
2026-07-30 14:22,NVDA,NVDA260918C00230000,0,0.343,VETO,,vertical,0.1523
2026-07-30 14:22,DKNG,DKNG261120P00025000,0,0.09,VETO,,vertical,-0.1987
2026-07-30 14:22,ORCL,ORCL260821P00115000,0,0.343,VETO,,vertical,-0.4286
2026-07-30 14:22,BA,BA260807C00225000,0,0.252,VETO,,down,-0.8993
2026-07-30 14:22,LEU,LEU261016P00110000,0,0.079,VETO,,down,-1.1
2026-07-30 14:32,QQQ,QQQ260807C00700000,0,0.408,VETO,,up,0.6386
2026-07-30 14:32,UAL,UAL260807C00123000,0,0.161,VETO,,vertical,-0.8216
2026-07-30 14:32,CCJ,CCJ260731P00085000,0,0.123,VETO,,down,-1.027
2026-07-30 14:32,SPY,SPY261016C00798000,0,0.252,VETO,,up,0.3116
2026-07-30 14:32,INTC,INTC260731P00088000,0,0.408,VETO,,up,0.3333
2026-07-30 14:32,INTC,INTC260731P00090000,0,0.408,VETO,,up,0.338
2026-07-30 14:32,BIDU,BIDU260807P00097000,0,0.115,VETO,,down,-0.5987
2026-07-30 14:32,SOFI,SOFI260731P00016500,0,0.184,VETO,,down,-0.6143
2026-07-30 14:32,DXYZ,DXYZ260821P00020000,0,0.079,VETO,,down,-0.6222
2026-07-30 14:42,TLT,TLT260821P00081000,0,0.079,VETO,,up,0.7564
2026-07-30 14:42,SPY,SPY260731P00728000,0,0.252,VETO,,up,0.6875
2026-07-30 14:42,HON,HON260821P00222500,0,0.115,VETO,,down,-0.7477
2026-07-30 14:42,SAP,SAP260807P00172500,0,0.09,VETO,,down,-0.5735
2026-07-30 14:42,INTC,INTC260731C00095000,0,0.408,VETO,,down,-0.5167
2026-07-30 14:42,CVNA,CVNA260821C00066000,0,0.252,VETO,,vertical,0.1213
2026-07-30 14:42,TLT,TLT261218P00080000,0,0.079,VETO,,up,0.2929
2026-07-30 14:42,NOW,NOW260807P00101000,0,0.252,VETO,,down,-0.5126
2026-07-30 14:42,SONY,SONY261016C00025000,0,0.051,VETO,,vertical,-0.3063
2026-07-30 14:42,OKLO,OKLO260814C00042000,0,0.184,VETO,,vertical,-0.4779
2026-07-30 14:42,SMCI,SMCI260807C00030000,0,0.161,VETO,,vertical,-0.1798
2026-07-30 14:42,SPCX,SPCX270115P00085000,0,0.252,VETO,,vertical,0.1177
2026-07-30 14:52,QQQ,QQQ260806P00651000,0,0.408,VETO,,down,-0.6828
2026-07-30 14:52,IWM,IWM260812C00295000,0,0.252,VETO,,up,0.385
2026-07-30 14:52,QQQ,QQQ260821C00730000,0,0.408,VETO,,up,0.5941
2026-07-30 14:52,SPY,SPY260803P00736000,0,0.252,VETO,,up,0.3196
2026-07-30 14:52,SLV,SLV270115C00060000,0,0.115,VETO,,vertical,-0.0788
2026-07-30 14:52,ABBV,ABBV260821P00240000,0,0.161,VETO,,down,-0.7213
2026-07-30 14:52,SCHW,SCHW261016C00110000,0,0.09,VETO,,vertical,0.0498
2026-07-30 14:52,IREN,IREN260731C00037000,0,0.343,VETO,,up,0.3878
2026-07-30 14:52,TLT,TLT260918C00082000,0,0.079,VETO,,vertical,-0.1657
2026-07-30 14:52,MDB,MDB260731C00327500,0,0.161,VETO,,down,-0.9217
2026-07-30 15:03,TLT,TLT260828P00079500,1,0.051,VETO,,up,0.483
2026-07-30 15:03,QCOM,QCOM260821C00180000,0,0.267,VETO,,vertical,-0.5662
2026-07-30 15:03,MSFT,MSFT260731P00440000,0,0.343,VETO,,down,-0.6463
2026-07-30 15:03,ORCL,ORCL260821C00140000,0,0.343,VETO,,vertical,0.0813
2026-07-30 15:03,HYG,HYG260828C00079000,0,0.051,VETO,,down,-1.0469
2026-07-30 15:03,QQQ,QQQ260730P00678000,0,0.408,VETO,,down,-0.6947
2026-07-30 15:03,TSLA,TSLA260731P00300000,0,0.345,VETO,,down,-0.5738
2026-07-30 15:03,CSIQ,CSIQ280121P00010000,0,0.027,VETO,,vertical,-0.1734
2026-07-30 15:03,GLW,GLW260731C00140000,0,0.343,VETO,,up,0.2778
2026-07-30 15:03,BSX,BSX260918P00045000,0,0.161,VETO,,down,-0.9115
2026-07-30 15:03,GDX,GDX260807P00073000,0,0.232,VETO,,down,-0.5901
2026-07-30 15:03,ECHO,ECHO260918C00105000,0,0.173,VETO,,down,-0.632
2026-07-30 15:03,TLT,TLT260807P00085000,0,0.079,VETO,,vertical,0.1396
2026-07-30 15:03,SQQQ,SQQQ260814C00046000,0,0.161,VETO,,down,-0.7556
2026-07-30 15:03,GIS,GIS270319P00035000,0,0.161,VETO,,vertical,-0.0419
2026-07-30 15:03,QUBT,QUBT260814C00008000,0,0.051,VETO,,vertical,-0.1083
2026-07-30 15:03,ZTS,ZTS260821C00085000,0,0.123,VETO,,vertical,-0.1214
2026-07-30 15:11,IBIT,IBIT260828C00038000,1,0.09,VETO,,down,-0.5053
2026-07-30 15:11,TLT,TLT280121C00085000,0,0.079,VETO,,vertical,-0.1284
2026-07-30 15:11,CELH,CELH260828C00028000,0,0.09,VETO,,vertical,-0.105
2026-07-30 15:11,IBIT,IBIT260807C00037000,0,0.09,VETO,,down,-0.5923
2026-07-30 15:11,QQQ,QQQ260730C00679000,0,0.408,VETO,,up,0.7252
2026-07-30 15:11,NFLX,NFLX261016C00100000,0,0.252,VETO,,vertical,-0.1429
2026-07-30 15:11,SPY,SPY260730P00738000,0,0.252,VETO,,up,0.5038
2026-07-30 15:11,NEE,NEE260821C00087500,0,0.115,VETO,,down,-0.5492
2026-07-30 15:11,GM,GM260918C00090000,0,0.115,VETO,,vertical,0.1862
2026-07-30 15:11,SPY,SPY260730C00737000,0,0.252,VETO,,up,0.9331
2026-07-30 15:11,SPY,SPY260731C00737000,0,0.252,VETO,,up,0.3343
2026-07-30 15:11,NVDA,NVDA260803C00200000,0,0.343,VETO,,up,0.2774
2026-07-30 15:11,TLT,TLT270115C00085000,0,0.079,VETO,,vertical,-0.104
2026-07-30 15:11,SPY,SPY260731C00736000,0,0.252,VETO,,up,0.3488
2026-07-30 15:11,COHR,COHR260807P00195000,0,0.161,VETO,,down,-1.1585
2026-07-30 15:11,LULU,LULU260821C00120000,0,0.252,VETO,,up,0.2987
2026-07-30 15:11,TLT,TLT261016C00083000,0,0.079,VETO,,vertical,-0.1349
2026-07-30 15:11,NCLH,NCLH260807C00020000,0,0.161,VETO,,down,-0.6167
2026-07-30 15:11,TLT,TLT260805P00082000,0,0.079,VETO,,up,0.3293
2026-07-30 15:23,IYR,IYR260821P00106000,0,0.079,VETO,,vertical,-0.3756
2026-07-30 15:23,IYR,IYR260821P00104500,0,0.079,VETO,,vertical,-0.529
2026-07-30 15:23,KO,KO260821P00089000,0,0.115,VETO,,down,-0.631
2026-07-30 15:23,GOOG,GOOG260807C00350000,0,0.345,VETO,,up,0.588
2026-07-30 15:23,KLAC,KLAC260821P00142000,0,0.232,VETO,,down,-0.5706
2026-07-30 15:23,QQQ,QQQ260731P00654000,0,0.408,VETO,,down,-0.5357
2026-07-30 15:23,IBIT,IBIT260918C00041000,0,0.09,VETO,,down,-0.5086
2026-07-30 15:23,NVTS,NVTS260918P00010000,0,0.09,VETO,,vertical,-0.1316
2026-07-30 15:23,BG,BG260821C00110000,0,0.161,VETO,,down,-1.2659
2026-07-30 15:23,SON,SON270115C00065000,0,0.051,VETO,,down,-0.7132
2026-07-30 15:23,QBTS,QBTS270115C00020000,0,0.09,VETO,,vertical,-0.0571
2026-07-30 15:23,ASTS,ASTS260731P00057000,0,0.267,VETO,,down,-0.5359
2026-07-30 15:32,AAL,AAL260828C00016000,1,0.115,VETO,,down,-0.7769
2026-07-30 15:32,GOOGL,GOOGL260807C00340000,0,0.343,VETO,,up,0.6147
2026-07-30 15:32,IWM,IWM260828P00265000,0,0.252,VETO,,vertical,-0.4308
2026-07-30 15:32,IREN,IREN260821P00033000,0,0.343,VETO,,vertical,-0.1264
2026-07-30 15:32,EWY,EWY260731C00164000,0,0.184,VETO,,up,0.1381
2026-07-30 15:32,ADM,ADM260821C00080000,0,0.079,VETO,,vertical,-0.2844
2026-07-30 15:32,XLP,XLP260918P00084000,0,0.09,VETO,,vertical,-0.1164
2026-07-30 15:32,ARM,ARM260918C00420000,0,0.267,VETO,,down,-1.0904
2026-07-30 15:32,AAL,AAL260821C00015000,0,0.115,VETO,,vertical,-0.1344
2026-07-30 15:32,TLT,TLT260821C00081500,0,0.079,VETO,,vertical,-0.1988
2026-07-30 15:32,TECH,TECH270115C00070000,0,0.01,VETO,,vertical,-0.1424
2026-07-30 15:32,WULF,WULF260821C00017500,0,0.115,VETO,,vertical,-0.1203
2026-07-30 15:32,MPT,MPT271217C00004500,0,0.01,VETO,,down,-0.565
2026-07-30 15:42,NVDA,NVDA260807P00190000,0,0.343,VETO,,down,-0.6135
2026-07-30 15:42,SLV,SLV260828P00048000,0,0.115,VETO,,vertical,-0.1646
2026-07-30 15:42,SPY,SPY260731P00735000,0,0.252,VETO,,down,-0.5329
2026-07-30 15:42,XOP,XOP261016P00155000,0,0.161,VETO,,vertical,-0.3629
2026-07-30 15:42,SPY,SPY260803P00715000,0,0.252,VETO,,down,-0.5545
2026-07-30 15:42,CRWD,CRWD260731P00177500,0,0.267,VETO,,down,-0.5382
2026-07-30 15:42,QQQ,QQQ260731C00684000,0,0.408,VETO,,up,0.5044
2026-07-30 15:42,ORCL,ORCL261016C00195000,0,0.343,VETO,,vertical,-0.16
2026-07-30 15:42,EEM,EEM260918P00057000,0,0.09,VETO,,down,-0.8763
2026-07-30 15:53,SPY,SPY260730C00739000,0,0.252,VETO,,up,0.5326
2026-07-30 15:53,QCOM,QCOM260807P00135000,0,0.267,VETO,,down,-0.8167
2026-07-30 15:53,SPY,SPY260730C00738000,0,0.252,VETO,,up,0.6281
2026-07-30 15:53,USO,USO270115P00100000,0,0.252,VETO,,vertical,-0.1532
2026-07-30 15:53,CRM,CRM260731P00177500,0,0.252,VETO,,down,-0.8289
2026-07-30 15:53,IGV,IGV260821P00089000,0,0.09,VETO,,down,-0.815
2026-07-30 15:53,IREN,IREN260821P00025000,0,0.343,VETO,,vertical,-0.2064
2026-07-30 15:53,SOFI,SOFI260918P00017000,0,0.184,VETO,,vertical,-0.1456
2026-07-30 15:53,EOSE,EOSE280121C00010000,0,0.09,VETO,,vertical,-0.1992
2026-07-30 15:53,SRAD,SRAD270716C00015000,0,0.027,VETO,,vertical,-0.173
2026-07-30 15:53,LMND,LMND260918P00045000,0,0.09,VETO,,down,-0.8375
2026-07-30 15:53,LQDA,LQDA260821P00060000,0,0.051,VETO,,down,-0.701
2026-07-30 15:53,GLD,GLD260918C00415000,0,0.252,VETO,,vertical,-0.3425
2026-07-30 15:53,DLTR,DLTR260918P00125000,0,0.115,VETO,,vertical,-0.0483
2026-07-30 16:03,QQQ,QQQ260730C00680000,0,0.408,VETO,,up,0.6914
2026-07-30 16:03,RIOT,RIOT260918C00027000,0,0.184,VETO,,vertical,-0.5026
2026-07-30 16:03,TTWO,TTWO260821C00290000,0,0.123,VETO,,vertical,-0.2
2026-07-30 16:03,ETHA,ETHA260904C00016000,0,0.079,VETO,,down,-0.8095
2026-07-30 16:03,SHOP,SHOP270115C00260000,0,0.184,VETO,,down,-0.6008
2026-07-30 16:03,SN,SN260821C00180000,0,0.09,VETO,,vertical,-0.3286
2026-07-30 16:03,TLT,TLT260828C00083000,0,0.079,VETO,,vertical,-0.2526
2026-07-30 16:03,SLV,SLV260821C00054000,0,0.115,VETO,,vertical,-0.2814
2026-07-30 16:03,MARA,MARA260821C00013000,0,0.09,VETO,,vertical,-0.2643
2026-07-30 16:13,AVGO,AVGO260731C00395000,0,0.267,VETO,,down,-0.8037
2026-07-30 16:13,CIFR,CIFR260821C00023500,0,0.267,VETO,,vertical,-0.2181
2026-07-30 16:13,HOOD,HOOD260731C00088000,0,0.252,VETO,,down,-0.7196
2026-07-30 16:13,NVDA,NVDA260803P00190000,0,0.343,VETO,,down,-0.7823
2026-07-30 16:13,GE,GE260807P00330000,0,0.09,VETO,,down,-0.655
2026-07-30 16:13,XLP,XLP260918C00086000,0,0.09,VETO,,vertical,-0.1345
2026-07-30 16:13,RDDT,RDDT260821P00140000,0,0.161,VETO,,up,1.0268
2026-07-30 16:13,SRAD,SRAD270219C00015000,0,0.027,VETO,,vertical,-0.1623
2026-07-30 16:13,TLT,TLT261016C00085000,0,0.079,VETO,,vertical,-0.189
2026-07-30 16:13,BABA,BABA260731P00115000,0,0.252,VETO,,down,-0.54
2026-07-30 16:13,JNJ,JNJ260821C00250000,0,0.184,VETO,,vertical,-0.0843
2026-07-30 16:22,SPY,SPY260730P00739000,0,0.252,VETO,,down,-0.5604
2026-07-30 16:22,NVDA,NVDA260731C00195000,0,0.343,VETO,,up,1.0168
2026-07-30 16:22,BANC,BANC270115C00020000,0,0.051,VETO,,down,-1.0385
2026-07-30 16:22,IBIT,IBIT260828P00034000,0,0.09,VETO,,up,0.3148
2026-07-30 16:22,IREN,IREN260731C00039000,0,0.343,VETO,,up,0.5455
2026-07-30 16:22,ARKK,ARKK260731C00073000,0,0.115,VETO,,down,-0.7339
2026-07-30 16:22,DRAM,DRAM261016C00122000,0,0.267,VETO,,down,-0.6667
2026-07-30 16:22,AXTI,AXTI260821C00060000,0,0.173,VETO,,up,2.7578
2026-07-30 16:22,AIZ,AIZ260918C00300000,0,0.051,VETO,,down,-0.85
2026-07-30 16:32,KORU,KORU260807C00017000,0,0.161,VETO,,vertical,-0.3061
2026-07-30 16:32,BMY,BMY260918P00060000,0,0.115,VETO,,down,-0.6455
2026-07-30 16:32,ORCL,ORCL260814C00157500,0,0.343,VETO,,vertical,-0.3857
2026-07-30 16:32,CORZ,CORZ260821P00022000,0,0.184,VETO,,up,0.3324
2026-07-30 16:32,SMH,SMH260731C00550000,0,0.252,VETO,,up,1.4253
2026-07-30 16:32,SAP,SAP260918P00160000,0,0.09,VETO,,vertical,-0.3634
2026-07-30 16:32,KORU,KORU260814C00015500,0,0.161,VETO,,vertical,-0.3133
2026-07-30 16:32,HIMS,HIMS260821P00021000,0,0.252,VETO,,down,-0.8165
2026-07-30 16:32,CIFR,CIFR260821C00023000,0,0.267,VETO,,vertical,-0.1609
2026-07-30 16:32,SLV,SLV261231C00075000,0,0.115,VETO,,vertical,-0.1928
2026-07-30 16:32,CAPR,CAPR260918C00006000,0,0.123,VETO,,vertical,-0.1895
2026-07-30 16:32,CAPR,CAPR260918P00003000,0,0.123,VETO,,down,-1.1071
2026-07-30 16:42,SPY,SPY260821P00680000,0,0.252,VETO,,down,-0.5075
2026-07-30 16:42,SPY,SPY260805P00725000,0,0.252,VETO,,down,-0.7198
2026-07-30 16:42,IWM,IWM260807P00288000,0,0.252,VETO,,down,-0.5445
2026-07-30 16:42,CVNA,CVNA260821P00053000,0,0.252,VETO,,down,-0.5646
2026-07-30 16:42,VG,VG260814C00012000,0,0.09,VETO,,vertical,-0.0471
2026-07-30 16:42,NVDA,NVDA260821P00180000,0,0.343,VETO,,down,-0.5514
2026-07-30 16:42,UAL,UAL260821C00135000,0,0.161,VETO,,vertical,-0.7132
2026-07-30 16:42,TLT,TLT260918P00085000,0,0.079,VETO,,vertical,0.1117
2026-07-30 16:42,CRWD,CRWD260821P00160000,0,0.267,VETO,,down,-0.5487
2026-07-30 16:42,IREN,IREN260731C00038000,0,0.343,VETO,,up,0.6398
2026-07-30 16:42,TQQQ,TQQQ260821C00064000,0,0.184,VETO,,vertical,0.0386
2026-07-30 16:42,TLT,TLT260918P00084000,0,0.079,VETO,,vertical,0.1659
2026-07-30 16:42,IREN,IREN260828P00030000,0,0.343,VETO,,vertical,-0.2556
2026-07-30 16:42,ASHR,ASHR260821C00034500,0,0.09,VETO,,down,-0.5494
2026-07-30 16:42,SQQQ,SQQQ260821P00045000,0,0.161,VETO,,vertical,-0.03
2026-07-30 16:42,CCXI,CCXI261120C00020000,0,0.01,VETO,,down,-0.7932
2026-07-30 16:52,NVDA,NVDA260807C00197500,0,0.343,VETO,,up,0.46
2026-07-30 16:52,GOOGL,GOOGL260731C00335000,0,0.343,VETO,,up,1.4816
2026-07-30 16:52,IBIT,IBIT261120P00034000,0,0.09,VETO,,vertical,0.0939
2026-07-30 16:52,SPY,SPY260805C00745000,0,0.252,VETO,,up,0.4113
2026-07-30 16:52,BHC,BHC260821C00006000,0,0.267,VETO,,up,0.3
2026-07-30 16:52,SPY,SPY260730P00741000,0,0.252,VETO,,down,-0.5146
2026-07-30 16:52,IWM,IWM260821P00280000,0,0.252,VETO,,up,0.3136
2026-07-30 16:52,SPCX,SPCX260731C00112000,0,0.252,VETO,,down,-0.7776
2026-07-30 16:52,DAR,DAR260918P00060000,0,0.09,VETO,,down,-0.9121
2026-07-30 16:52,TLT,TLT260918P00082000,0,0.079,VETO,,up,0.2958
2026-07-30 16:52,GIL,GIL260821C00052500,0,0.09,VETO,,down,-0.564
2026-07-30 17:02,BMNR,BMNR260828C00018500,1,0.161,VETO,,vertical,-0.2663
2026-07-30 17:02,SPY,SPY260731C00739000,0,0.252,VETO,,up,0.7215
2026-07-30 17:02,GLBE,GLBE261016C00040000,0,0.079,VETO,,down,-0.5564
2026-07-30 17:02,CRM,CRM260828P00160000,0,0.252,VETO,,down,-0.9594
2026-07-30 17:02,GDXJ,GDXJ260821P00095000,0,0.09,VETO,,vertical,0.0765
2026-07-30 17:02,FISV,FISV260807C00056000,0,0.09,VETO,,vertical,-0.1147
2026-07-30 17:02,BMNR,BMNR260918C00024000,0,0.161,VETO,,vertical,-0.2937
2026-07-30 17:02,PINS,PINS261120P00018000,0,0.09,VETO,,down,-0.5321
2026-07-30 17:02,KWEB,KWEB260918C00028000,0,0.09,VETO,,vertical,0.1051
2026-07-30 17:02,BXMT,BXMT270115P00014000,0,0.09,VETO,,down,-1.1364
2026-07-30 17:02,RIVN,RIVN261016P00016000,0,0.09,VETO,,down,-0.7342
2026-07-30 17:02,COIN,COIN260731C00170000,0,0.232,VETO,,down,-1.0217
2026-07-30 17:02,DRAM,DRAM260731P00051000,0,0.267,VETO,,down,-1.0035
2026-07-30 17:02,BMNR,BMNR260918C00016000,0,0.161,VETO,,vertical,-0.2397
2026-07-30 17:08,NKE,NKE260828C00044000,1,0.173,VETO,,down,-0.6582
2026-07-30 17:08,PYPL,PYPL260918C00062500,0,0.161,VETO,,vertical,-0.1818
2026-07-30 17:08,WMT,WMT260821P00108000,0,0.161,VETO,,vertical,-0.1004
2026-07-30 17:08,MARA,MARA260821C00012000,0,0.09,VETO,,vertical,-0.375
2026-07-30 17:08,SPCX,SPCX260731P00110000,0,0.252,VETO,,down,-0.5538
2026-07-30 17:08,BE,BE260731P00190000,0,0.343,VETO,,down,-0.6573
2026-07-30 17:08,CPRT,CPRT270115C00035000,0,0.051,VETO,,down,-0.576
2026-07-30 17:08,NKE,NKE260918C00045000,0,0.173,VETO,,vertical,-0.156
2026-07-30 17:08,DRAM,DRAM260807C00060000,0,0.267,VETO,,up,0.4881
2026-07-30 17:08,KWEB,KWEB260918P00027000,0,0.09,VETO,,vertical,-0.3312
2026-07-30 17:08,SOFI,SOFI261016C00017000,0,0.184,VETO,,vertical,-0.0076
2026-07-30 17:08,BRUN,BRUN260821C00017000,0,0.09,VETO,,vertical,-0.2927
2026-07-30 17:08,DRAM,DRAM260814P00050000,0,0.267,VETO,,vertical,-0.0438
2026-07-30 17:14,SPY,SPY260821P00704000,0,0.252,VETO,,down,-0.5172
2026-07-30 17:14,SPY,SPY260821P00700000,0,0.252,VETO,,down,-0.5373
2026-07-30 17:14,MSFT,MSFT260814C00485000,0,0.343,VETO,,down,-0.5297
2026-07-30 17:14,CRWV,CRWV260821P00065000,0,0.267,VETO,,vertical,0.0301
2026-07-30 17:14,NBIS,NBIS260807P00140000,0,0.267,VETO,,down,-0.8582
2026-07-30 17:14,ENPH,ENPH260918C00045000,0,0.161,VETO,,vertical,0.06
2026-07-30 17:14,FXI,FXI260814C00036500,0,0.079,VETO,,vertical,-0.28
2026-07-30 17:14,RIVN,RIVN260821P00015500,0,0.09,VETO,,down,-0.7439
2026-07-30 17:14,XLE,XLE261120P00060000,0,0.115,VETO,,vertical,-0.1963
2026-07-30 17:14,SPB,SPB261016P00075000,0,0.051,VETO,,down,-0.7364
2026-07-30 17:14,FXI,FXI260918C00037000,0,0.079,VETO,,vertical,-0.1179
2026-07-30 17:14,BRUN,BRUN260821C00020000,0,0.09,VETO,,vertical,-0.4267
2026-07-30 17:14,APLD,APLD260821C00035000,0,0.345,VETO,,up,0.4873
2026-07-30 17:14,PLNT,PLNT260918P00052500,0,0.115,VETO,,down,-0.6919
2026-07-30 17:14,INOD,INOD260821C00075000,0,0.09,VETO,,vertical,0.0793
2026-07-30 17:25,TSLA,TSLA260731C00307500,0,0.345,VETO,,up,0.3908
2026-07-30 17:25,SPCX,SPCX260807P00099000,0,0.252,VETO,,vertical,0.1718
2026-07-30 17:25,SOLS,SOLS260918P00055000,0,0.09,VETO,,vertical,-0.3394
2026-07-30 17:25,XLP,XLP260807P00085500,0,0.09,VETO,,vertical,-0.1697
2026-07-30 17:25,DELL,DELL260821C00570000,0,0.184,VETO,,vertical,-0.6622
2026-07-30 17:25,SEDG,SEDG260821C00045000,0,0.09,VETO,,vertical,-0.2543
2026-07-30 17:25,SOFI,SOFI260821C00014000,0,0.184,VETO,,vertical,-0.0711
2026-07-30 17:25,FRMI,FRMI261016C00008000,0,0.09,VETO,,vertical,-0.4957
2026-07-30 17:25,NBIS,NBIS260731C00190000,0,0.267,VETO,,up,0.5563
2026-07-30 17:32,QQQ,QQQ260731C00685000,0,0.408,VETO,,up,0.3439
2026-07-30 17:32,GOOGL,GOOGL260731P00332500,0,0.343,VETO,,down,-1.0114
2026-07-30 17:32,BMNR,BMNR260828C00020000,0,0.161,VETO,,vertical,-0.3333
2026-07-30 17:32,PG,PG260821C00144000,0,0.161,VETO,,vertical,0.0945
2026-07-30 17:32,SOXL,SOXL260814P00055000,0,0.252,VETO,,down,-0.9444
2026-07-30 17:32,ORCL,ORCL260918C00170000,0,0.343,VETO,,vertical,-0.0486
2026-07-30 17:32,MDB,MDB260821P00260000,0,0.161,VETO,,down,-0.7738
2026-07-30 17:32,AG,AG261218C00015000,0,0.09,VETO,,vertical,-0.156
2026-07-30 17:32,SOXL,SOXL270115P00020000,0,0.252,VETO,,vertical,-0.1366
2026-07-30 17:44,INTC,INTC260807C00100000,0,0.408,VETO,,vertical,-0.3881
2026-07-30 17:44,QQQ,QQQ260730P00681000,0,0.408,VETO,,down,-0.8125
2026-07-30 17:44,ETHA,ETHA260918P00015000,0,0.079,VETO,,vertical,0.0522
2026-07-30 17:44,IWM,IWM260731P00291000,0,0.252,VETO,,down,-0.529
2026-07-30 17:44,QQQ,QQQ260730P00683000,0,0.408,VETO,,down,-0.7365
2026-07-30 17:44,PEP,PEP260918C00145000,0,0.173,VETO,,vertical,-0.1166
2026-07-30 17:44,OKLO,OKLO260821P00035000,0,0.184,VETO,,vertical,0.0767
2026-07-30 17:44,SMH,SMH260918C00690000,0,0.252,VETO,,vertical,-0.1342
2026-07-30 17:44,SPXS,SPXS260821C00026000,0,0.09,VETO,,down,-0.6295
2026-07-30 17:44,BTDR,BTDR260731C00010000,0,0.123,VETO,,down,-0.5913
2026-07-30 17:44,GEO,GEO260918C00035000,0,0.047,VETO,,down,-0.995
2026-07-30 17:44,XLI,XLI260731P00179000,0,0.09,VETO,,down,-0.6908
2026-07-30 17:44,HBAN,HBAN260918P00017000,0,0.079,VETO,,down,-1.0059
2026-07-30 17:44,CCJ,CCJ260731P00090000,0,0.123,VETO,,down,-1.0449
2026-07-30 17:52,ORCL,ORCL260821P00112000,0,0.343,VETO,,vertical,-0.4911
2026-07-30 17:52,NFLX,NFLX260731P00073000,0,0.252,VETO,,up,0.42
2026-07-30 17:52,QQQ,QQQ260731P00675000,0,0.408,VETO,,down,-0.9206
2026-07-30 17:52,TE,TE260828P00003500,0,0.115,VETO,,down,-1.05
2026-07-30 17:52,SPY,SPY260731C00741000,0,0.252,VETO,,up,0.3878
2026-07-30 17:52,QQQ,QQQ260730C00682000,0,0.408,VETO,,up,0.5599
2026-07-30 17:52,ECHO,ECHO260918C00100000,0,0.173,VETO,,vertical,-0.2882
2026-07-30 17:52,KOPN,KOPN261016C00005000,0,0.01,VETO,,down,-0.95
2026-07-30 17:52,ORLY,ORLY260821C00090000,0,0.161,VETO,,down,-0.8667
2026-07-30 17:52,ORCL,ORCL260807C00130000,0,0.343,VETO,,up,0.2813
2026-07-30 17:52,CAT,CAT260918P00590000,0,0.184,VETO,,down,-1.1015
2026-07-30 17:52,CCXI,CCXI260821C00015000,0,0.01,VETO,,down,-0.6476
2026-07-30 17:52,BTDR,BTDR260821C00012000,0,0.123,VETO,,vertical,-0.436
2026-07-30 17:52,GLBE,GLBE261016C00045000,0,0.079,VETO,,down,-1.0023
2026-07-30 17:52,MARA,MARA260918C00013000,0,0.09,VETO,,vertical,-0.2165
2026-07-30 18:03,GOOGL,GOOGL260731C00332500,0,0.343,VETO,,up,0.7026
2026-07-30 18:03,SPY,SPY260730C00740000,0,0.252,VETO,,up,1.0983
2026-07-30 18:03,SPY,SPY260918P00650000,0,0.252,VETO,,vertical,-0.2764
2026-07-30 18:03,XLF,XLF270319P00050000,0,0.09,VETO,,vertical,-0.1215
2026-07-30 18:03,BW,BW260828P00007500,0,0.027,VETO,,down,-1.15
2026-07-30 18:03,APLD,APLD260828P00020000,0,0.345,VETO,,down,-1.0315
2026-07-30 18:03,CCL,CCL261120C00032000,0,0.173,VETO,,vertical,-0.0439
2026-07-30 18:03,UNH,UNH260731C00427500,0,0.123,VETO,,down,-0.5517
2026-07-30 18:03,PEP,PEP260814C00143000,0,0.173,VETO,,down,-0.5611
2026-07-30 18:03,EYPT,EYPT260821P00012500,0,0.01,VETO,,vertical,-0.3
2026-07-30 18:03,CAPR,CAPR270115C00011000,0,0.123,VETO,,down,-0.6714
2026-07-30 18:03,BIOA,BIOA260821P00020000,0,0.09,VETO,,up,1.1348
2026-07-30 18:03,RDDT,RDDT260807C00205000,0,0.161,VETO,,down,-1.0238
2026-07-30 18:03,XYZ,XYZ260821C00088000,0,0.115,VETO,,vertical,-0.2132
2026-07-30 18:12,IWM,IWM260821P00275000,0,0.252,VETO,,up,0.3874
2026-07-30 18:12,IWM,IWM260821P00277000,0,0.252,VETO,,up,0.3778
2026-07-30 18:12,ORCL,ORCL260828P00095000,0,0.343,VETO,,down,-0.6222
2026-07-30 18:12,HON,HON260918P00220000,0,0.115,VETO,,vertical,-0.3385
2026-07-30 18:12,IBIT,IBIT260918C00042000,0,0.09,VETO,,down,-0.5125
2026-07-30 18:12,RIVN,RIVN260821C00016000,0,0.09,VETO,,down,-0.529
2026-07-30 18:12,ETHA,ETHA260918C00015000,0,0.079,VETO,,vertical,-0.2444
2026-07-30 18:22,NFLX,NFLX260821P00074000,0,0.252,VETO,,up,0.3194
2026-07-30 18:22,SPCX,SPCX260807C00177500,0,0.252,VETO,,vertical,-0.1706
2026-07-30 18:22,OSCR,OSCR260828P00026000,0,0.09,VETO,,down,-1.0753
2026-07-30 18:22,CRWV,CRWV260807P00070000,0,0.267,VETO,,up,0.3357
2026-07-30 18:22,USO,USO260814P00120000,0,0.252,VETO,,vertical,-0.387
2026-07-30 18:22,ARKK,ARKK260814P00074500,0,0.115,VETO,,up,0.2699
2026-07-30 18:22,MARA,MARA280121P00005000,0,0.09,VETO,,vertical,-0.2545
2026-07-30 18:22,BKSY,BKSY260918C00025000,0,0.051,VETO,,down,-0.7894
2026-07-30 18:22,OPEN,OPEN260821C00004000,0,0.09,VETO,,vertical,-0.0806
2026-07-30 18:35,WFC,WFC261120P00077500,0,0.09,VETO,,vertical,-0.2866
2026-07-30 18:35,SPY,SPY260805C00749000,0,0.252,VETO,,up,0.5625
2026-07-30 18:35,IBIT,IBIT260918C00038000,0,0.09,VETO,,vertical,-0.3924
2026-07-30 18:35,IWM,IWM260807P00286000,0,0.252,VETO,,up,0.6765
2026-07-30 18:35,KWEB,KWEB260918P00028000,0,0.09,VETO,,vertical,-0.2863
2026-07-30 18:35,UCO,UCO260821C00055000,0,0.09,VETO,,vertical,-0.595
2026-07-30 18:35,EMN,EMN260918P00065000,0,0.079,VETO,,down,-0.6734
2026-07-30 18:35,FSLR,FSLR260731P00195000,0,0.161,VETO,,down,-1.0688
2026-07-30 18:35,EMN,EMN260821C00070000,0,0.079,VETO,,down,-0.938
2026-07-30 18:35,CCXI,CCXI270219P00010000,0,0.01,VETO,,down,-0.6353
2026-07-30 18:35,MSTR,MSTR260731C00100000,0,0.252,VETO,,down,-0.8
2026-07-30 18:35,SOFI,SOFI260821P00016500,0,0.184,VETO,,vertical,-0.1735
2026-07-30 18:41,RGTI,RGTI260828P00014000,1,0.161,VETO,,down,-1.0242
2026-07-30 18:41,TSLA,TSLA260731P00307500,0,0.345,VETO,,up,0.4551
2026-07-30 18:41,XLE,XLE260918C00060000,0,0.115,VETO,,vertical,0.1263
2026-07-30 18:41,SKHY,SKHY260807P00117000,0,0.252,VETO,,down,-0.7814
2026-07-30 18:41,NFLX,NFLX260918P00073000,0,0.252,VETO,,vertical,0.1264
2026-07-30 18:41,PINS,PINS260918C00025000,0,0.09,VETO,,vertical,-0.1777
2026-07-30 18:41,RGNX,RGNX260821C00010000,0,0.01,VETO,,vertical,-0.2833
2026-07-30 18:41,RGTI,RGTI260821P00015000,0,0.161,VETO,,vertical,-0.2546
2026-07-30 18:41,DIA,DIA260821C00536000,0,0.173,VETO,,vertical,-0.1063
2026-07-30 18:41,VST,VST260821C00165000,0,0.115,VETO,,vertical,-0.0385
2026-07-30 18:41,XLC,XLC260918C00107000,0,0.09,VETO,,vertical,0.1783
2026-07-30 18:41,ZETA,ZETA260918C00025000,0,0.09,VETO,,vertical,0.0039
2026-07-30 18:52,QUBT,QUBT260828C00008000,1,0.051,VETO,,vertical,0.0511
2026-07-30 18:52,AAPL,AAPL260821C00355000,0,0.252,VETO,,down,-0.9943
2026-07-30 18:52,ABR,ABR260821P00005000,0,0.027,VETO,,down,-0.81
2026-07-30 18:52,DXCM,DXCM260821C00085000,0,0.115,VETO,,down,-1.0704
2026-07-30 18:52,RDDT,RDDT260918P00130000,0,0.161,VETO,,up,0.8478
2026-07-30 18:52,EWZ,EWZ261120P00036000,0,0.09,VETO,,vertical,-0.0916
2026-07-30 18:52,DXCM,DXCM260821C00090000,0,0.115,VETO,,down,-1.1
2026-07-30 18:52,B,B260821P00036000,0,0.09,VETO,,vertical,0.027
2026-07-30 18:52,QUBT,QUBT261218C00008000,0,0.051,VETO,,vertical,-0.0112
2026-07-30 18:52,DXCM,DXCM260821P00061000,0,0.115,VETO,,down,-1.1733
2026-07-30 18:52,CRWV,CRWV260731C00075000,0,0.267,VETO,,up,0.3427
2026-07-30 18:52,ON,ON261016C00125000,0,0.09,VETO,,vertical,-0.3871
2026-07-30 18:52,MRNA,MRNA260807P00054000,0,0.115,VETO,,down,-0.7778
2026-07-30 19:00,U,U260807C00035000,0,0.09,VETO,,down,-0.6304
2026-07-30 19:00,SPY,SPY260803P00741000,0,0.252,VETO,,down,-0.5927
2026-07-30 19:00,CRWD,CRWD260731C00182500,0,0.267,VETO,,up,0.4281
2026-07-30 19:00,RKLB,RKLB260821P00050000,0,0.184,VETO,,vertical,-0.3642
2026-07-30 19:00,MRVL,MRVL260731C00182500,0,0.252,VETO,,up,0.2916
2026-07-30 19:00,NXT,NXT260918C00145000,0,0.079,VETO,,down,-0.9795
2026-07-30 19:00,EIX,EIX260821C00077500,0,0.079,VETO,,down,-1.0303
2026-07-30 19:00,AA,AA270319C00070000,0,0.079,VETO,,vertical,-0.252
2026-07-30 19:00,MSTR,MSTR260918P00035000,0,0.252,VETO,,down,-0.65
2026-07-30 19:00,MSTR,MSTR260821P00085000,0,0.252,VETO,,up,0.4245
2026-07-30 19:00,SOXX,SOXX260731P00442500,0,0.161,VETO,,down,-0.9833
2026-07-30 19:00,TEM,TEM260918P00045000,0,0.079,VETO,,vertical,-0.1578
2026-07-30 19:12,IWM,IWM260821C00298000,0,0.252,VETO,,vertical,-0.3142
2026-07-30 19:12,NBIS,NBIS260807P00150000,0,0.267,VETO,,down,-0.6222
2026-07-30 19:12,SLV,SLV260821P00050000,0,0.115,VETO,,up,0.3989
2026-07-30 19:12,SPY,SPY260730C00742000,0,0.252,VETO,,vertical,-0.115
2026-07-30 19:12,BBY,BBY260821P00087500,0,0.051,VETO,,down,-0.858
2026-07-30 19:12,IBIT,IBIT261218P00025000,0,0.09,VETO,,vertical,-0.1102
2026-07-30 19:12,CORZ,CORZ260807C00022000,0,0.184,VETO,,down,-0.5366
2026-07-30 19:12,SLV,SLV260805C00053500,0,0.115,VETO,,down,-0.684
2026-07-30 19:12,LITE,LITE260731P00600000,0,0.09,VETO,,down,-0.7654
2026-07-30 19:12,MTUM,MTUM260807C00305000,0,0.173,VETO,,up,0.705
2026-07-30 19:12,CENX,CENX260821C00050000,0,0.051,VETO,,vertical,-0.2743
2026-07-30 19:12,TDOC,TDOC271217C00012500,0,0.09,VETO,,down,-1.0943
2026-07-30 19:12,MSTR,MSTR260731C00105000,0,0.252,VETO,,down,-0.7361
2026-07-30 19:22,QQQ,QQQ260731C00690000,0,0.408,VETO,,up,0.6485
2026-07-30 19:22,EWY,EWY260821P00140000,0,0.184,VETO,,vertical,0.0659
2026-07-30 19:22,AMZN,AMZN260731C00260000,0,0.252,VETO,,up,1.5429
2026-07-30 19:22,AMZN,AMZN260731C00255000,0,0.252,VETO,,up,1.4297
2026-07-30 19:22,IREN,IREN260731P00037000,0,0.343,VETO,,down,-0.9358
2026-07-30 19:22,QQQ,QQQ260804P00640000,0,0.408,VETO,,down,-0.7981
2026-07-30 19:22,IREN,IREN260731P00034500,0,0.343,VETO,,down,-1.0444
2026-07-30 19:22,IONQ,IONQ260918C00040000,0,0.115,VETO,,vertical,-0.0066
2026-07-30 19:22,RIOT,RIOT260807C00025000,0,0.184,VETO,,down,-0.6013
2026-07-30 19:22,BABA,BABA260918C00130000,0,0.252,VETO,,up,0.3296
2026-07-30 19:22,RSI,RSI261016P00030000,0,0.079,VETO,,vertical,-0.2256
2026-07-30 19:22,ADBE,ADBE270617C00300000,0,0.184,VETO,,vertical,-0.0933
2026-07-30 19:22,AMD,AMD260731P00500000,0,0.252,VETO,,down,-0.7568
2026-07-30 19:22,CRCL,CRCL260807C00061000,0,0.173,VETO,,down,-0.526
2026-07-30 19:32,SPY,SPY260807C00750000,0,0.252,VETO,,up,0.4116
2026-07-30 19:32,SPY,SPY260731C00742000,0,0.252,VETO,,up,0.3723
2026-07-30 19:32,USO,USO260807C00132000,0,0.252,VETO,,up,0.2725
2026-07-30 19:32,UBER,UBER260807C00069000,0,0.173,VETO,,vertical,-0.0563
2026-07-30 19:32,SOFI,SOFI260731C00016000,0,0.184,VETO,,down,-0.5208
2026-07-30 19:32,TSM,TSM260731C00410000,0,0.161,VETO,,up,2.7594
2026-07-30 19:32,UCO,UCO260918C00050000,0,0.09,VETO,,vertical,-0.2949
2026-07-30 19:32,UAL,UAL260821P00117000,0,0.161,VETO,,vertical,-0.015
2026-07-30 19:32,TLT,TLT260821C00083000,0,0.079,VETO,,vertical,-0.2895
2026-07-30 19:32,JEF,JEF260918P00050000,0,0.047,VETO,,down,-1.0893
2026-07-30 19:32,UCO,UCO260821C00050000,0,0.09,VETO,,vertical,-0.1172
2026-07-30 19:44,COHR,COHR260807P00210000,0,0.161,VETO,,down,-0.8385
2026-07-30 19:44,AMZN,AMZN260821C00280000,0,0.252,VETO,,up,0.3193
2026-07-30 19:44,SMH,SMH260731P00515000,0,0.252,VETO,,down,-0.9613
2026-07-30 19:44,SOXL,SOXL260731P00110000,0,0.252,VETO,,down,-0.842
2026-07-30 19:44,TLT,TLT260812P00082000,0,0.079,VETO,,up,0.6122
2026-07-30 19:44,CNC,CNC260821C00062000,0,0.09,VETO,,vertical,0.1561
2026-07-30 19:44,RIOT,RIOT260807C00026000,0,0.184,VETO,,down,-0.6739
2026-07-30 19:44,DXCM,DXCM260918C00080000,0,0.115,VETO,,up,0.8922
2026-07-30 19:44,FRVO,FRVO260821C00025000,0,0.115,VETO,,vertical,-0.3406
2026-07-30 19:44,XLE,XLE260731P00059000,0,0.115,VETO,,down,-1.0135
2026-07-30 19:44,BMNR,BMNR260828P00018000,0,0.161,VETO,,up,0.3242
2026-07-30 19:44,DRAM,DRAM260731C00051500,0,0.267,VETO,,up,0.6799
2026-07-30 19:44,AGNC,AGNC270319P00009000,0,0.09,VETO,,vertical,-0.0161
2026-07-30 19:53,GDX,GDX260918C00080000,0,0.232,VETO,,vertical,-0.3028
2026-07-30 19:53,MSTR,MSTR260807C00110000,0,0.252,VETO,,down,-0.6292
2026-07-30 19:53,SGHC,SGHC260821C00014000,0,0.01,VETO,,down,-0.73
2026-07-30 19:53,NOK,NOK261120C00009000,0,0.09,VETO,,vertical,-0.0227
2026-07-30 19:53,KWEB,KWEB260918C00029000,0,0.09,VETO,,vertical,0.0258
2026-07-30 19:53,DRAM,DRAM260731C00055000,0,0.267,VETO,,up,0.7111
2026-07-30 19:53,PFSI,PFSI260918C00080000,0,0.09,VETO,,down,-0.6955
2026-07-30 19:53,MSTR,MSTR271217C00670000,0,0.252,VETO,,vertical,-0.636
2026-07-30 19:53,RBLX,RBLX260731C00049000,0,0.161,VETO,,down,-1.0532
2026-07-30 19:53,NOK,NOK261120P00008000,0,0.09,VETO,,vertical,-0.1047
2026-07-31 13:32,NOW,NOW260821C00115000,0,0.115,VETO,,up,0.2586
2026-07-31 13:32,AMZN,AMZN260731C00265000,0,0.161,VETO,,up,0.768
2026-07-31 13:32,QQQ,QQQ260731C00693000,0,0.267,VETO,,down,-0.5548
2026-07-31 13:32,GLD,GLD260803P00372000,0,0.09,VETO,,down,-0.5469
2026-07-31 13:32,QQQ,QQQ260731P00690000,0,0.267,VETO,,up,0.875
2026-07-31 13:32,IREN,IREN260731C00038000,0,0.079,VETO,,down,-0.7344
2026-07-31 13:32,ORCL,ORCL260731C00130000,0,0.252,VETO,,down,-0.7125
2026-07-31 13:32,U,U260731P00033000,0,0.027,VETO,,down,-0.6285
2026-07-31 13:32,SMCI,SMCI260807C00029000,0,0.079,VETO,,vertical,-0.2266
2026-07-31 13:32,TLT,TLT260731P00083000,0,0.027,VETO,,up,0.3667
2026-07-31 13:32,CRWV,CRWV260731C00078000,0,0.161,VETO,,down,-0.9162
2026-07-31 13:32,ASHR,ASHR260821C00034500,0,0.01,VETO,,vertical,-0.1284
2026-07-31 13:32,AAOI,AAOI260731C00100000,0,0.079,VETO,,down,-0.7634
2026-07-31 13:32,CVNA,CVNA260731C00060000,0,0.09,VETO,,down,-0.6736
2026-07-31 13:32,COIN,COIN260731P00150000,0,0.09,VETO,,up,1.3183
2026-07-31 13:41,INTC,INTC260821P00085000,0,0.184,VETO,,vertical,0.2942
2026-07-31 13:41,BMNR,BMNR260918C00022000,0,0.027,VETO,,vertical,-0.1067
2026-07-31 13:53,QQQ,QQQ260731C00687000,0,0.267,VETO,,down,-0.6359
2026-07-31 13:53,SPY,SPY260731P00742000,0,0.252,VETO,,up,1.1313
2026-07-31 13:53,BTDR,BTDR260807C00011000,0,0.051,VETO,,vertical,-0.4789
2026-07-31 13:53,GDX,GDX260918C00079000,0,0.051,VETO,,vertical,-0.0156
2026-07-31 13:53,TD,TD260821C00120000,0,0.027,VETO,,vertical,-0.2458
2026-07-31 13:53,TQQQ,TQQQ260821P00060000,0,0.09,VETO,,vertical,-0.2362
2026-07-31 13:53,TEM,TEM260828C00044000,0,0.01,VETO,,down,-0.628
2026-07-31 13:53,IBIT,IBIT260807P00036500,0,0.01,VETO,,vertical,0.0577
2026-07-31 13:53,BCRX,BCRX261218C00008000,0,0.01,VETO,,down,-0.9026
2026-07-31 13:53,NIO,NIO260918C00005000,0,0.079,VETO,,vertical,-0.0769
2026-07-31 13:53,EWZ,EWZ260731C00036000,0,0.01,VETO,,down,-0.5488
2026-07-31 13:53,COHR,COHR260807C00300000,0,0.161,VETO,,down,-0.8585
2026-07-31 13:53,SPY,SPY260831C00749000,0,0.252,VETO,,vertical,0.1318
2026-07-31 13:53,MU,MU260803C00920000,0,0.252,VETO,,down,-0.6146
2026-07-31 14:02,QQQ,QQQ260814P00650000,0,0.267,VETO,,vertical,-0.3206
2026-07-31 14:02,SPCX,SPCX260821P00080000,0,0.184,VETO,,vertical,-0.1475
2026-07-31 14:02,SPY,SPY260804P00721000,0,0.252,VETO,,up,0.5
2026-07-31 14:02,QQQ,QQQ260731C00690000,0,0.267,VETO,,down,-0.6794
2026-07-31 14:02,SPY,SPY260803C00743000,0,0.252,VETO,,up,0.3345
2026-07-31 14:02,SPCX,SPCX260807P00087000,0,0.184,VETO,,vertical,-0.2029
2026-07-31 14:02,AMZN,AMZN260731C00270000,0,0.161,VETO,,down,-0.5221
2026-07-31 14:02,RBLX,RBLX261120P00030000,0,0.09,VETO,,vertical,-0.2412
2026-07-31 14:02,BMNR,BMNR260807C00017000,0,0.027,VETO,,vertical,0.2254
2026-07-31 14:02,RKLB,RKLB260821P00050000,0,0.09,VETO,,vertical,-0.2902
2026-07-31 14:12,ETHA,ETHA260828C00014500,1,0.01,VETO,,vertical,-0.0182
2026-07-31 14:12,WMB,WMB260911P00064000,0,0.01,VETO,,down,-0.7429
2026-07-31 14:12,SPY,SPY260821P00680000,0,0.252,VETO,,down,-0.5074
2026-07-31 14:12,QQQ,QQQ260731P00681000,0,0.267,VETO,,down,-0.5404
2026-07-31 14:12,AMZN,AMZN260803P00265000,0,0.161,VETO,,down,-0.5675
2026-07-31 14:12,RDW,RDW280121C00020000,0,0.01,VETO,,vertical,-0.0765
2026-07-31 14:12,AMZN,AMZN260803P00267500,0,0.161,VETO,,down,-0.5514
2026-07-31 14:12,MU,MU260731C00900000,0,0.252,VETO,,up,0.3077
2026-07-31 14:12,MSTR,MSTR260807P00086000,0,0.161,VETO,,down,-0.5481
2026-07-31 14:12,ETHA,ETHA280616C00031000,0,0.01,VETO,,vertical,-0.2359
2026-07-31 14:12,DRAM,DRAM260731P00051500,0,0.123,VETO,,down,-0.6101
2026-07-31 14:12,ETHA,ETHA280616C00033000,0,0.01,VETO,,vertical,-0.2422
2026-07-31 14:12,ETHA,ETHA280616C00032000,0,0.01,VETO,,vertical,-0.2866
2026-07-31 14:12,SOXL,SOXL260731P00110000,0,0.184,VETO,,down,-0.7333
2026-07-31 14:22,QQQ,QQQ260731C00688000,0,0.267,VETO,,down,-0.6681
2026-07-31 14:22,SPY,SPY260821P00704000,0,0.252,VETO,,down,-0.5162
2026-07-31 14:22,SPY,SPY260807P00721000,0,0.252,VETO,,down,-0.5276
2026-07-31 14:22,QQQ,QQQ260803C00690000,0,0.267,VETO,,up,0.3889
2026-07-31 14:22,HYG,HYG260807P00079000,0,0.01,VETO,,down,-0.6452
2026-07-31 14:22,QQQ,QQQ260807C00700000,0,0.267,VETO,,vertical,-0.0132
2026-07-31 14:22,NFLX,NFLX260807P00074000,0,0.079,VETO,,vertical,-0.2803
2026-07-31 14:22,QQQ,QQQ260803P00670000,0,0.267,VETO,,down,-0.5618
2026-07-31 14:22,QQQ,QQQ260731C00683000,0,0.267,VETO,,up,0.3835
2026-07-31 14:22,QQQ,QQQ260731P00682000,0,0.267,VETO,,down,-0.5613
2026-07-31 14:22,SKHY,SKHY260731C00150000,0,0.184,VETO,,down,-0.55
2026-07-31 14:22,KHC,KHC260918C00027500,0,0.027,VETO,,vertical,-0.2578
2026-07-31 14:22,XBI,XBI260731P00149000,0,0.027,VETO,,vertical,-0.5254
2026-07-31 14:32,SOFI,SOFI260828C00016500,1,0.051,VETO,,vertical,0.0532
2026-07-31 14:32,PAA,PAA261120C00022000,0,0.01,VETO,,vertical,0.0339
2026-07-31 14:32,MSFT,MSFT260731P00455000,0,0.343,VETO,,down,-0.705
2026-07-31 14:32,SPY,SPY260731C00739000,0,0.252,VETO,,up,0.41
2026-07-31 14:32,APP,APP260821P00250000,0,0.051,VETO,,vertical,-0.7346
2026-07-31 14:32,FIG,FIG261016C00025000,0,0.01,VETO,,vertical,0.0041
2026-07-31 14:32,KR,KR260821P00057500,0,0.01,VETO,,vertical,-0.1455
2026-07-31 14:32,SCHW,SCHW261120C00115000,0,0.01,VETO,,vertical,-0.0934
2026-07-31 14:32,SOFI,SOFI270115C00018000,0,0.047,VETO,,vertical,0.0284
2026-07-31 14:32,SOXS,SOXS260918C00105000,0,0.161,VETO,,vertical,-0.3989
2026-07-31 14:32,SMR,SMR260731C00008000,0,0.01,VETO,,vertical,-0.6597
2026-07-31 14:43,USAR,USAR260918P00011000,0,0.01,VETO,,vertical,-0.2661
2026-07-31 14:43,NVDA,NVDA260731C00195000,0,0.345,VETO,,down,-0.5887
2026-07-31 14:43,SPY,SPY260804P00726000,0,0.252,VETO,,down,-0.5143
2026-07-31 14:43,DXCM,DXCM260918C00085000,0,0.09,VETO,,vertical,0.0486
2026-07-31 14:43,PCG,PCG260918C00019000,0,0.01,VETO,,vertical,-0.1607
2026-07-31 14:43,CLSK,CLSK260918C00015000,0,0.01,VETO,,vertical,-0.0636
2026-07-31 14:43,LTH,LTH260918C00045000,0,0.01,VETO,,vertical,-0.1485
2026-07-31 14:43,UVXY,UVXY260731P00024500,0,0.01,VETO,,down,-0.641
2026-07-31 14:43,GDDY,GDDY260918C00105000,0,0.079,VETO,,down,-1.5
2026-07-31 14:43,COLM,COLM260918C00060000,0,0.0,VETO,,vertical,-0.4618
2026-07-31 14:43,IGV,IGV260814P00087500,0,0.051,VETO,,down,-0.6789
2026-07-31 14:43,RIVN,RIVN260918C00015000,0,0.027,VETO,,vertical,-0.2646
2026-07-31 14:43,IREN,IREN260731P00038500,0,0.079,VETO,,up,0.3111
2026-07-31 14:43,TLT,TLT261016C00083000,0,0.027,VETO,,vertical,0.0115
2026-07-31 14:43,UEC,UEC261120P00009000,0,0.01,VETO,,vertical,-0.1444
2026-07-31 14:54,AMZN,AMZN260803C00272500,0,0.161,VETO,,down,-0.5413
2026-07-31 14:54,AVGO,AVGO260805P00355000,0,0.173,VETO,,vertical,-1.0385
2026-07-31 14:54,ZM,ZM260807C00096000,0,0.184,VETO,,up,0.1806
2026-07-31 14:54,SPY,SPY260731C00740000,0,0.252,VETO,,up,0.4314
2026-07-31 14:54,QQQ,QQQ260731C00686000,0,0.267,VETO,,down,-0.6939
2026-07-31 14:54,GOOGL,GOOGL260803C00350000,0,0.408,VETO,,up,0.5114
2026-07-31 14:54,TSLA,TSLA260731C00307500,0,0.161,VETO,,down,-0.7384
2026-07-31 14:54,AMZN,AMZN260803P00270000,0,0.161,VETO,,up,0.5857
2026-07-31 14:54,ZM,ZM260814C00099000,0,0.184,VETO,,down,-0.646
2026-07-31 14:54,NOK,NOK260918P00008000,0,0.027,VETO,,vertical,-0.025
2026-07-31 14:54,COIN,COIN260807C00150000,0,0.09,VETO,,up,0.3345
2026-07-31 14:54,ASTH,ASTH261120C00040000,0,0.01,VETO,,vertical,-0.1658
2026-07-31 14:54,ZM,ZM260807C00097000,0,0.184,VETO,,up,0.126
2026-07-31 14:54,ZM,ZM260814C00097000,0,0.184,VETO,,up,0.1947
2026-07-31 14:54,SOLV,SOLV260821C00090000,0,0.027,VETO,,vertical,-0.4121
2026-07-31 14:54,CSTM,CSTM261120C00032000,0,0.01,VETO,,vertical,-0.1405
2026-07-31 15:02,TLT,TLT280121C00087000,0,0.027,VETO,,vertical,-0.0336
2026-07-31 15:02,ADBE,ADBE260807C00265000,0,0.252,VETO,,up,0.1412
2026-07-31 15:02,TSLA,TSLA261016C00500000,0,0.161,VETO,,vertical,0.0192
2026-07-31 15:02,META,META261016C00790000,0,0.267,VETO,,vertical,-0.1442
2026-07-31 15:02,KORU,KORU260918C00020000,0,0.115,VETO,,vertical,-0.1735
2026-07-31 15:02,SPY,SPY260731C00742000,0,0.252,VETO,,up,0.6099
2026-07-31 15:02,NEE,NEE270115P00080000,0,0.051,VETO,,vertical,-0.1142
2026-07-31 15:02,VG,VG270115C00012500,0,0.01,VETO,,vertical,-0.079
2026-07-31 15:02,PLTR,PLTR260731P00121000,0,0.252,VETO,,down,-0.7389
2026-07-31 15:02,MRNA,MRNA260807P00056000,0,0.027,VETO,,vertical,0.366
2026-07-31 15:02,DIA,DIA260807P00515000,0,0.09,VETO,,down,-0.5629
2026-07-31 15:02,MU,MU260918C00990000,0,0.252,VETO,,vertical,-0.1527
2026-07-31 15:12,SPY,SPY260821P00708000,0,0.252,VETO,,vertical,-0.393
2026-07-31 15:12,AMD,AMD260731C00500000,0,0.232,VETO,,down,-0.6587
2026-07-31 15:12,MSTR,MSTR260731P00093000,0,0.161,VETO,,down,-0.585
2026-07-31 15:12,SPY,SPY260804P00738000,0,0.252,VETO,,down,-0.5723
2026-07-31 15:12,MSTR,MSTR260731C00090000,0,0.161,VETO,,up,0.7028
2026-07-31 15:12,JOBY,JOBY260918C00008000,0,0.01,VETO,,vertical,-0.0766
2026-07-31 15:12,RIVN,RIVN260918C00014000,0,0.027,VETO,,vertical,-0.1853
2026-07-31 15:12,DKNG,DKNG260821C00026000,0,0.01,VETO,,vertical,-0.1791
2026-07-31 15:12,DECK,DECK260918P00095000,0,0.01,VETO,,vertical,-0.0611
2026-07-31 15:12,NBIS,NBIS260807P00150000,0,0.252,VETO,,vertical,-0.2537
2026-07-31 15:12,CLF,CLF260821C00012500,0,0.01,VETO,,down,-0.5208
2026-07-31 15:12,LULU,LULU260821C00130000,0,0.027,VETO,,vertical,-0.0417
2026-07-31 15:12,DRAM,DRAM260731P00051000,0,0.123,VETO,,up,0.3878
2026-07-31 15:12,CVNA,CVNA260821C00064000,0,0.09,VETO,,vertical,0.2469
2026-07-31 15:12,MSTR,MSTR260918P00050000,0,0.161,VETO,,vertical,-0.4821
2026-07-31 15:12,CCJ,CCJ260918P00075000,0,0.027,VETO,,vertical,-0.0984
2026-07-31 15:22,DRAM,DRAM260918P00045000,0,0.123,VETO,,vertical,-0.0361
2026-07-31 15:22,AAPL,AAPL260731C00305000,0,0.267,VETO,,down,-0.6176
2026-07-31 15:22,SPY,SPY260731C00741000,0,0.252,VETO,,up,0.3267
2026-07-31 15:22,INTC,INTC260731P00095000,0,0.184,VETO,,vertical,0.6922
2026-07-31 15:22,AAPL,AAPL260803C00305000,0,0.267,VETO,,up,0.3239
2026-07-31 15:22,PDD,PDD260828P00087000,0,0.047,VETO,,vertical,-0.5833
2026-07-31 15:22,AAPL,AAPL260803P00292500,0,0.267,VETO,,up,0.2432
2026-07-31 15:22,USO,USO260731C00130000,0,0.161,VETO,,down,-0.7208
2026-07-31 15:22,EEM,EEM260821P00061000,0,0.027,VETO,,vertical,-0.3103
2026-07-31 15:22,CVNA,CVNA260807C00060000,0,0.09,VETO,,up,0.3423
2026-07-31 15:22,CCL,CCL261016C00032000,0,0.01,VETO,,vertical,-0.0156
2026-07-31 15:22,PFE,PFE260807C00025000,0,0.051,VETO,,vertical,0.0109
2026-07-31 15:22,AMKR,AMKR260807P00043000,0,0.01,VETO,,vertical,-1.0308
2026-07-31 15:22,VZ,VZ260918C00048000,0,0.047,VETO,,vertical,-0.0957
2026-07-31 15:22,CRDO,CRDO260731C00220000,0,0.079,VETO,,down,-1.0462
2026-07-31 15:28,SPY,SPY260731P00740000,0,0.252,VETO,,down,-0.536
2026-07-31 15:28,SPY,SPY260731P00738000,0,0.252,VETO,,down,-0.6264
2026-07-31 15:28,TQQQ,TQQQ260821P00058000,0,0.09,VETO,,vertical,-0.515
2026-07-31 15:28,NEM,NEM261016P00082500,0,0.047,VETO,,vertical,-0.1142
2026-07-31 15:28,PYPL,PYPL261016C00060000,0,0.01,VETO,,vertical,0.0767
2026-07-31 15:28,TAL,TAL261016C00013000,0,0.01,VETO,,vertical,-0.2125
2026-07-31 15:28,ARES,ARES260807P00127000,0,0.01,VETO,,vertical,-0.5462
2026-07-31 15:28,IREN,IREN260918P00030000,0,0.079,VETO,,vertical,-0.187
2026-07-31 15:28,TENX,TENX260821C00030000,0,0.01,VETO,,vertical,-0.1382
2026-07-31 15:28,OKLO,OKLO260821P00032000,0,0.01,VETO,,vertical,-0.098
2026-07-31 15:28,SOXX,SOXX260731P00500000,0,0.184,VETO,,down,-0.9115
2026-07-31 15:28,TQQQ,TQQQ261218P00030000,0,0.09,VETO,,vertical,-0.2945
2026-07-31 15:32,SPY,SPY260821P00706000,0,0.252,VETO,,vertical,-0.4736
2026-07-31 15:32,DIS,DIS260821P00095000,0,0.01,VETO,,vertical,-0.1855
2026-07-31 15:32,SPY,SPY260806C00750000,0,0.252,VETO,,up,0.4643
2026-07-31 15:32,CRWD,CRWD260731P00190000,0,0.184,VETO,,down,-0.6471
2026-07-31 15:32,SPY,SPY260807P00720000,0,0.252,VETO,,down,-0.563
2026-07-31 15:32,HOOD,HOOD260807P00080000,0,0.161,VETO,,down,-0.5387
2026-07-31 15:32,UBER,UBER261016C00075000,0,0.047,VETO,,vertical,0.0029
2026-07-31 15:32,CSCO,CSCO260807C00114000,0,0.051,VETO,,up,0.3123
2026-07-31 15:32,TLT,TLT261218P00080000,0,0.027,VETO,,vertical,-0.0583
2026-07-31 15:32,RBLX,RBLX280121C00085000,0,0.09,VETO,,vertical,-0.0897
2026-07-31 15:32,W,W260731P00085000,0,0.027,VETO,,down,-0.949
2026-07-31 15:32,AGI,AGI280121P00023000,0,0.01,VETO,,vertical,-0.2237
2026-07-31 15:44,INTC,INTC260803P00086000,0,0.184,VETO,,vertical,0.4184
2026-07-31 15:44,QQQ,QQQ260731P00684000,0,0.267,VETO,,down,-0.7197
2026-07-31 15:44,IBIT,IBIT261016P00031000,0,0.01,VETO,,vertical,-0.1129
2026-07-31 15:44,BKNG,BKNG260918C00221600,0,0.051,VETO,,vertical,-0.9324
2026-07-31 15:44,IWM,IWM260810C00291000,0,0.09,VETO,,vertical,-0.0142
2026-07-31 15:44,XOM,XOM260821C00155000,0,0.09,VETO,,vertical,0.168
2026-07-31 15:44,SPY,SPY260731P00741000,0,0.252,VETO,,down,-0.539
2026-07-31 15:44,NVDA,NVDA260803C00195000,0,0.345,VETO,,up,0.3081
2026-07-31 15:44,TQQQ,TQQQ260911P00052000,0,0.09,VETO,,vertical,-0.4783
2026-07-31 15:44,QQQ,QQQ260731C00682000,0,0.267,VETO,,up,0.6243
2026-07-31 15:44,ALAB,ALAB260731C00327500,0,0.115,VETO,,down,-0.802
2026-07-31 15:44,FTNT,FTNT260731P00157500,0,0.079,VETO,,down,-0.7719
2026-07-31 15:44,KWEB,KWEB260828C00028000,0,0.051,VETO,,vertical,-0.0
2026-07-31 15:44,SOFI,SOFI270115C00020000,0,0.047,VETO,,vertical,0.0106
2026-07-31 15:44,AAOI,AAOI260821P00070000,0,0.079,VETO,,vertical,-0.175
2026-07-31 15:44,AAPL,AAPL260918P00290000,0,0.267,VETO,,vertical,-0.3064
2026-07-31 15:53,SLV,SLV260828C00054000,1,0.027,VETO,,vertical,-0.0247
2026-07-31 15:53,DKS,DKS260918P00160000,0,0.027,VETO,,vertical,-0.4458
2026-07-31 15:53,KO,KO260807P00091000,0,0.051,VETO,,vertical,-0.0691
2026-07-31 15:53,CRWV,CRWV260918C00140000,0,0.161,VETO,,vertical,-0.2101
2026-07-31 15:53,WULF,WULF260918P00015000,0,0.027,VETO,,vertical,-0.066
2026-07-31 15:53,MSFT,MSFT260821P00425000,0,0.343,VETO,,vertical,-0.2702
2026-07-31 15:53,CALM,CALM260918C00090000,0,0.01,VETO,,vertical,-0.1417
2026-07-31 15:53,AAPL,AAPL260918C00350000,0,0.267,VETO,,up,0.301
2026-07-31 15:53,SLV,SLV260812C00056000,0,0.027,VETO,,vertical,-0.1351
2026-07-31 15:53,IREN,IREN261218C00070000,0,0.079,VETO,,vertical,-0.0341
2026-07-31 15:53,OXY,OXY260821P00055000,0,0.01,VETO,,vertical,-0.2938
2026-07-31 15:53,BA,BA270617C00350000,0,0.09,VETO,,vertical,-0.3571
2026-07-31 15:53,SOFI,SOFI260918P00014000,0,0.047,VETO,,vertical,-0.0897
2026-07-31 15:53,ETHA,ETHA260814P00013500,0,0.01,VETO,,vertical,-0.0758
2026-07-31 15:53,FSLR,FSLR260807P00200000,0,0.09,VETO,,vertical,-0.642
2026-07-31 15:53,LVS,LVS260918C00050000,0,0.01,VETO,,vertical,-0.1417
2026-07-31 15:53,CBRE,CBRE260821C00165000,0,0.01,VETO,,down,-0.9059
2026-07-31 15:53,FISV,FISV260731C00053000,0,0.01,VETO,,down,-0.5846
2026-07-31 16:03,VRT,VRT260821P00175000,0,0.09,VETO,,down,-0.7414
2026-07-31 16:03,SPY,SPY260803C00742000,0,0.252,VETO,,up,0.4781
2026-07-31 16:03,AAPL,AAPL260803P00300000,0,0.267,VETO,,down,-0.5769
2026-07-31 16:03,SPY,SPY260731P00743000,0,0.252,VETO,,down,-0.5625
2026-07-31 16:03,IREN,IREN260807C00038000,0,0.079,VETO,,up,0.3363
2026-07-31 16:03,IREN,IREN260807C00037000,0,0.079,VETO,,up,0.3014
2026-07-31 16:03,ASTS,ASTS260731C00055000,0,0.161,VETO,,up,0.2607
2026-07-31 16:03,INTU,INTU260814C00350000,0,0.051,VETO,,vertical,-0.2597
2026-07-31 16:03,FSLR,FSLR260821C00300000,0,0.09,VETO,,down,-0.8855
2026-07-31 16:03,KORU,KORU260821P00015500,0,0.115,VETO,,vertical,-0.0545
2026-07-31 16:03,OKLO,OKLO260807C00039000,0,0.01,VETO,,vertical,-0.1636
2026-07-31 16:03,JD,JD260918C00035000,0,0.079,VETO,,vertical,-0.1058
2026-07-31 16:03,TQQQ,TQQQ260807P00056000,0,0.09,VETO,,vertical,-0.5156
2026-07-31 16:03,RKT,RKT261016C00016000,0,0.027,VETO,,vertical,-0.1667
2026-07-31 16:14,CNC,CNC260828P00060000,1,0.01,VETO,,vertical,-0.119
2026-07-31 16:14,SPY,SPY260918P00665000,0,0.252,VETO,,vertical,-0.1875
2026-07-31 16:14,TSLA,TSLA260731C00305000,0,0.161,VETO,,up,0.3275
2026-07-31 16:14,DRAM,DRAM260807P00041500,0,0.123,VETO,,down,-0.6842
2026-07-31 16:14,RGTI,RGTI260821P00014000,0,0.01,VETO,,vertical,-0.1618
2026-07-31 16:14,SPY,SPY260731C00743000,0,0.252,VETO,,up,0.4441
2026-07-31 16:14,SMH,SMH260803P00512500,0,0.161,VETO,,down,-0.69
2026-07-31 16:14,QQQ,QQQ260806P00667000,0,0.267,VETO,,vertical,-0.3845
2026-07-31 16:14,SPY,SPY260803P00742000,0,0.252,VETO,,down,-0.5154
2026-07-31 16:14,ABT,ABT260807C00109000,0,0.027,VETO,,vertical,-0.5818
2026-07-31 16:14,PEP,PEP260904C00147000,0,0.047,VETO,,vertical,-0.8238
2026-07-31 16:14,MRSH,MRSH260918C00200000,0,0.01,VETO,,vertical,-0.7554
2026-07-31 16:14,IBIT,IBIT270115P00030000,0,0.01,VETO,,vertical,-0.0879
2026-07-31 16:14,SLV,SLV260821P00051500,0,0.027,VETO,,vertical,-0.2016
2026-07-31 16:14,CRCL,CRCL260731P00060000,0,0.051,VETO,,down,-0.6768
2026-07-31 16:14,SLV,SLV260821C00052000,0,0.027,VETO,,vertical,0.0189
2026-07-31 16:14,ZM,ZM260918P00082500,0,0.184,VETO,,vertical,-0.3172
2026-07-31 16:14,IOVA,IOVA261218P00004000,0,0.01,VETO,,vertical,-0.3
2026-07-31 16:14,ETHA,ETHA260821C00014000,0,0.01,VETO,,vertical,-0.0423
2026-07-31 16:14,IREN,IREN260731P00034500,0,0.079,VETO,,down,-0.7262
2026-07-31 16:14,XLE,XLE260821P00056000,0,0.051,VETO,,vertical,-0.4362
2026-07-31 16:24,SPCX,SPCX260807C00330000,0,0.184,VETO,,vertical,-0.4857
2026-07-31 16:24,INTC,INTC260803P00087000,0,0.184,VETO,,vertical,0.3099
2026-07-31 16:24,IBM,IBM260918C00250000,0,0.161,VETO,,vertical,0.1597
2026-07-31 16:24,CRWV,CRWV260807P00060000,0,0.161,VETO,,vertical,-0.3882
2026-07-31 16:24,GOOG,GOOG260807C00362500,0,0.408,VETO,,up,0.3771
2026-07-31 16:24,NOW,NOW260814C00127000,0,0.115,VETO,,vertical,-0.1699
2026-07-31 16:24,GOOGL,GOOGL260731C00355000,0,0.408,VETO,,up,0.52
2026-07-31 16:24,PLTR,PLTR260814P00100000,0,0.252,VETO,,vertical,-0.2233
2026-07-31 16:24,CLX,CLX261016C00105000,0,0.01,VETO,,vertical,-0.275
2026-07-31 16:24,MGM,MGM260918P00043000,0,0.01,VETO,,down,-0.8041
2026-07-31 16:24,IREN,IREN260918C00065000,0,0.079,VETO,,vertical,-0.1795
2026-07-31 16:24,DRAM,DRAM260807C00056000,0,0.123,VETO,,vertical,-0.2899
2026-07-31 16:24,CHTR,CHTR260918C00195000,0,0.01,VETO,,vertical,-0.6414
2026-07-31 16:24,SEI,SEI260821P00045000,0,0.01,VETO,,vertical,-0.45
2026-07-31 16:24,TLT,TLT270319P00080000,0,0.027,VETO,,vertical,-0.0151
2026-07-31 16:24,ETHA,ETHA260918C00015000,0,0.01,VETO,,vertical,0.0379
2026-07-31 16:34,CRCL,CRCL260807P00059000,0,0.051,VETO,,vertical,-0.3271
2026-07-31 16:34,ADBE,ADBE260807C00275000,0,0.252,VETO,,vertical,-0.3455
2026-07-31 16:34,GOOGL,GOOGL260803C00355000,0,0.408,VETO,,up,0.2913
2026-07-31 16:34,MU,MU260731P00820000,0,0.252,VETO,,up,0.34
2026-07-31 16:34,SPY,SPY260803C00745000,0,0.252,VETO,,up,0.314
2026-07-31 16:34,KR,KR260821C00059000,0,0.01,VETO,,vertical,-0.3684
2026-07-31 16:34,INTC,INTC260731C00090000,0,0.184,VETO,,vertical,-1.0272
2026-07-31 16:34,DRAM,DRAM260821C00070000,0,0.123,VETO,,vertical,-0.2246
2026-07-31 16:34,XOP,XOP260807P00165000,0,0.047,VETO,,down,-0.75
2026-07-31 16:34,SQQQ,SQQQ260904C00045000,0,0.047,VETO,,vertical,-0.5154
2026-07-31 16:34,SMCI,SMCI261218C00040000,0,0.079,VETO,,vertical,0.015
2026-07-31 16:34,CRWV,CRWV260731C00071000,0,0.161,VETO,,vertical,-0.6116
2026-07-31 16:42,TSLA,TSLA260803P00307500,0,0.161,VETO,,vertical,-0.4123
2026-07-31 16:42,GLD,GLD260812C00377000,0,0.09,VETO,,vertical,-0.1845
2026-07-31 16:42,INTC,INTC260821P00080000,0,0.184,VETO,,vertical,0.0668
2026-07-31 16:42,BSX,BSX260814C00050000,0,0.01,VETO,,down,-0.8273
2026-07-31 16:42,NVDA,NVDA260821P00165000,0,0.345,VETO,,vertical,-0.3651
2026-07-31 16:42,ISRG,ISRG260821C00380000,0,0.079,VETO,,vertical,-0.1921
2026-07-31 16:42,OXY,OXY260814C00057000,0,0.01,VETO,,vertical,0.2026
2026-07-31 16:42,WDAY,WDAY260814C00180000,0,0.051,VETO,,vertical,-0.3805
2026-07-31 16:42,FSLR,FSLR260918C00300000,0,0.09,VETO,,vertical,-0.3387
2026-07-31 16:42,XYZ,XYZ260814C00085000,0,0.047,VETO,,vertical,-0.1177
2026-07-31 16:42,IREN,IREN260731C00037000,0,0.079,VETO,,up,0.3611
2026-07-31 16:42,MOD,MOD260918C00195000,0,0.027,VETO,,vertical,-0.1257
2026-07-31 16:53,IWM,IWM260821P00276000,0,0.09,VETO,,vertical,-0.2047
2026-07-31 16:53,IWM,IWM260821P00274000,0,0.09,VETO,,vertical,-0.2298
2026-07-31 16:53,DINO,DINO260918C00100000,0,0.01,VETO,,vertical,-0.1379
2026-07-31 16:53,CRML,CRML261120C00005000,0,0.01,VETO,,vertical,-0.1214
2026-07-31 16:53,UBER,UBER260918C00072500,0,0.047,VETO,,vertical,0.0288
2026-07-31 16:53,CF,CF261120P00105000,0,0.01,VETO,,vertical,-0.25
2026-07-31 16:53,NOK,NOK260814C00009500,0,0.027,VETO,,vertical,-0.1286
2026-07-31 16:53,IGV,IGV260821C00095000,0,0.051,VETO,,vertical,-0.0255
2026-07-31 16:53,IBM,IBM260821C00240000,0,0.161,VETO,,vertical,0.184
2026-07-31 16:53,BMNR,BMNR260821P00015000,0,0.027,VETO,,vertical,-0.3214
2026-07-31 16:53,HIMS,HIMS261016C00032000,0,0.051,VETO,,vertical,-0.0612
2026-07-31 16:53,ALHC,ALHC261120C00020000,0,0.01,VETO,,down,-0.5538
2026-07-31 16:53,BBY,BBY261016C00105000,0,0.01,VETO,,vertical,-0.3931
2026-07-31 16:53,NVT,NVT260918P00125000,0,0.027,VETO,,vertical,-0.4513
2026-07-31 17:02,SPY,SPY260821P00710000,0,0.252,VETO,,vertical,-0.2455
2026-07-31 17:02,INTC,INTC260821C00110000,0,0.184,VETO,,vertical,-0.3053
2026-07-31 17:02,SPY,SPY260731C00745000,0,0.252,VETO,,up,0.6912
2026-07-31 17:02,QQQ,QQQ260807P00665000,0,0.267,VETO,,vertical,-0.2542
2026-07-31 17:02,SLV,SLV260821P00049000,0,0.027,VETO,,vertical,-0.2204
2026-07-31 17:02,MDT,MDT260918C00095000,0,0.01,VETO,,vertical,-0.0357
2026-07-31 17:02,KWEB,KWEB261120C00032000,0,0.051,VETO,,vertical,-0.0376
2026-07-31 17:02,RIVN,RIVN261016C00015000,0,0.027,VETO,,vertical,-0.1048
2026-07-31 17:02,HAL,HAL270319C00033000,0,0.01,VETO,,vertical,-0.0521
2026-07-31 17:02,BE,BE260731C00217500,0,0.161,VETO,,vertical,-0.6846
2026-07-31 17:11,EWY,EWY260807P00140000,0,0.173,VETO,,vertical,-0.6683
2026-07-31 17:11,ETHA,ETHA260821P00013000,0,0.01,VETO,,vertical,-0.1897
2026-07-31 17:11,IBIT,IBIT260918P00034000,0,0.01,VETO,,vertical,-0.0812
2026-07-31 17:11,NOW,NOW260814C00118000,0,0.115,VETO,,vertical,-0.0576
2026-07-31 17:11,KKR,KKR261016P00085000,0,0.01,VETO,,vertical,-0.3526
2026-07-31 17:11,AGIO,AGIO261016C00035000,0,0.01,VETO,,down,-0.9359
2026-07-31 17:11,XBI,XBI260821C00150000,0,0.027,VETO,,vertical,-0.1353
2026-07-31 17:11,XLU,XLU260918C00045000,0,0.01,VETO,,vertical,-0.3088
2026-07-31 17:11,PSKY,PSKY261218C00010000,0,0.027,VETO,,vertical,-0.2667
2026-07-31 17:11,XLE,XLE260918P00055000,0,0.051,VETO,,vertical,-0.2671
2026-07-31 17:11,TLT,TLT260821P00081500,0,0.027,VETO,,vertical,-0.1882
2026-07-31 17:11,RIVN,RIVN260918P00017000,0,0.027,VETO,,vertical,0.0689
2026-07-31 17:11,ENVX,ENVX261016P00004000,0,0.0,VETO,,vertical,-0.1582
2026-07-31 17:11,TECH,TECH270319C00070000,0,0.01,VETO,,vertical,-0.2086
2026-07-31 17:11,RDDT,RDDT260731C00137000,0,0.267,VETO,,up,0.7
2026-07-31 17:11,RSI,RSI260821P00030000,0,0.027,VETO,,vertical,-0.0234
2026-07-31 17:11,CF,CF261016C00155000,0,0.01,VETO,,vertical,-0.2182
2026-07-31 17:11,TLT,TLT261016C00085000,0,0.027,VETO,,vertical,0.0887
2026-07-31 17:22,TSLA,TSLA260803P00310000,0,0.161,VETO,,vertical,-0.2133
2026-07-31 17:22,PG,PG260918C00150000,0,0.051,VETO,,vertical,-0.0847
2026-07-31 17:22,SPY,SPY261218P00450000,0,0.252,VETO,,vertical,-0.004
2026-07-31 17:22,SPY,SPY260803P00745000,0,0.252,VETO,,down,-0.5386
2026-07-31 17:22,AMBA,AMBA260807P00086000,0,0.09,VETO,,down,-0.9317
2026-07-31 17:22,PATH,PATH260807C00012000,0,0.051,VETO,,vertical,-0.1353
2026-07-31 17:22,SE,SE260918C00125000,0,0.01,VETO,,vertical,-0.2012
2026-07-31 17:22,TQQQ,TQQQ260731P00067000,0,0.09,VETO,,vertical,-0.2095
2026-07-31 17:22,CCL,CCL260821P00027500,0,0.01,VETO,,vertical,-0.156
2026-07-31 17:22,TLT,TLT260828P00082000,0,0.027,VETO,,vertical,-0.1375
2026-07-31 17:22,XLV,XLV260904P00157000,0,0.079,VETO,,vertical,-0.5425
2026-07-31 17:22,MUU,MUU260807C00025000,0,0.079,VETO,,vertical,-0.381
2026-07-31 17:22,FCEL,FCEL260807C00025500,0,0.01,VETO,,down,-0.725
2026-07-31 17:22,ZM,ZM260807C00098000,0,0.184,VETO,,vertical,-0.1443
2026-07-31 17:22,GDX,GDX260807P00071000,0,0.051,VETO,,vertical,-0.3768
2026-07-31 17:22,ON,ON260807P00076000,0,0.047,VETO,,vertical,-0.3465
2026-07-31 17:22,AMSC,AMSC260918C00031000,0,0.01,VETO,,vertical,-0.1838
2026-07-31 17:33,AAPL,AAPL260731C00297500,0,0.267,VETO,,up,0.2936
2026-07-31 17:33,SPY,SPY260821P00702000,0,0.252,VETO,,vertical,-0.1858
2026-07-31 17:33,RCAT,RCAT270115C00022000,0,0.01,VETO,,vertical,-0.1522
2026-07-31 17:33,TSLA,TSLA260731C00310000,0,0.161,VETO,,vertical,-0.243
2026-07-31 17:33,B,B260911C00037000,0,0.01,VETO,,vertical,-0.1422
2026-07-31 17:33,RIVN,RIVN280121C00025000,0,0.027,VETO,,vertical,-0.1986
2026-07-31 17:33,ACN,ACN260807C00175000,0,0.051,VETO,,vertical,-0.335
2026-07-31 17:33,TLT,TLT260918C00084000,0,0.027,VETO,,vertical,0.0593
2026-07-31 17:33,TLT,TLT260812C00082000,0,0.027,VETO,,vertical,0.1048
2026-07-31 17:33,NVTS,NVTS260821C00012500,0,0.01,VETO,,vertical,-0.2101
2026-07-31 17:33,AXP,AXP260918C00340000,0,0.051,VETO,,vertical,-0.1202
2026-07-31 17:42,HL,HL260918C00016000,0,0.01,VETO,,vertical,-0.1951
2026-07-31 17:42,SOXL,SOXL260904P00050000,0,0.184,VETO,,vertical,-0.3935
2026-07-31 17:42,MSFT,MSFT260807P00427500,0,0.343,VETO,,vertical,-0.5287
2026-07-31 17:42,QQQ,QQQ260810P00650000,0,0.267,VETO,,vertical,-0.1483
2026-07-31 17:42,UBER,UBER260918P00065000,0,0.047,VETO,,vertical,-0.1262
2026-07-31 17:42,CSX,CSX260821C00048000,0,0.01,VETO,,vertical,-0.5514
2026-07-31 17:42,EWZ,EWZ261120C00038000,0,0.01,VETO,,vertical,-0.0494
2026-07-31 17:42,IWM,IWM260814P00290000,0,0.09,VETO,,vertical,-0.0391
2026-07-31 17:42,COST,COST260731C00950000,0,0.051,VETO,,vertical,-0.9895
2026-07-31 17:42,INTC,INTC260807C00100000,0,0.184,VETO,,vertical,-0.3452
2026-07-31 17:42,IBIT,IBIT260918C00038000,0,0.01,VETO,,vertical,-0.0684
2026-07-31 17:42,RBLX,RBLX260918C00035000,0,0.09,VETO,,vertical,0.0797
2026-07-31 17:42,CF,CF261120C00165000,0,0.01,VETO,,vertical,-0.2633
2026-07-31 17:42,IBIT,IBIT260918C00039000,0,0.01,VETO,,vertical,-0.0373
2026-07-31 17:42,HOOD,HOOD260807C00095000,0,0.161,VETO,,vertical,-0.2035
2026-07-31 17:42,RDDT,RDDT260807P00130000,0,0.267,VETO,,vertical,-0.4086
2026-07-31 17:42,USO,USO261016P00110000,0,0.161,VETO,,vertical,-0.1275
2026-07-31 17:42,SOFI,SOFI260918C00018000,0,0.047,VETO,,vertical,-0.097
2026-07-31 17:52,DRAM,DRAM261218C00090000,0,0.123,VETO,,vertical,-0.3465
2026-07-31 17:52,MSTR,MSTR260807C00095000,0,0.161,VETO,,vertical,-0.1652
2026-07-31 17:52,SPY,SPY261218C00835000,0,0.252,VETO,,vertical,0.0703
2026-07-31 17:52,GE,GE260918C00420000,0,0.047,VETO,,vertical,-0.4046
2026-07-31 17:52,BE,BE260731P00207500,0,0.161,VETO,,up,0.3597
2026-07-31 17:52,KRE,KRE270115P00074000,0,0.01,VETO,,vertical,-0.2345
2026-07-31 17:52,KRE,KRE261016P00070000,0,0.01,VETO,,vertical,-0.0508
2026-07-31 17:52,GM,GM260821P00087000,0,0.01,VETO,,vertical,-0.0689
2026-07-31 17:52,CVX,CVX260807P00195000,0,0.09,VETO,,vertical,-0.3587
2026-07-31 17:52,IREN,IREN260918P00028000,0,0.079,VETO,,vertical,-0.0711
2026-07-31 17:52,KRE,KRE270115P00071000,0,0.01,VETO,,vertical,-0.0771
2026-07-31 17:52,ASTS,ASTS260814C00068000,0,0.161,VETO,,vertical,-0.1283
2026-07-31 17:52,SNOW,SNOW260828C00305000,0,0.184,VETO,,vertical,-0.2767
2026-07-31 18:03,BAC,BAC260731C00060000,0,0.01,VETO,,vertical,-0.2059
2026-07-31 18:03,CRWV,CRWV260807C00075000,0,0.161,VETO,,vertical,-0.1359
2026-07-31 18:03,SKHY,SKHY260807P00125000,0,0.184,VETO,,vertical,0.1929
2026-07-31 18:03,CSCO,CSCO261016C00140000,0,0.051,VETO,,vertical,-0.1489
2026-07-31 18:03,BAC,BAC261016C00062500,0,0.01,VETO,,vertical,-0.0358
2026-07-31 18:03,MSTR,MSTR260918P00065000,0,0.161,VETO,,vertical,-0.2456
2026-07-31 18:03,RKLB,RKLB260828P00045000,0,0.09,VETO,,vertical,-0.4611
2026-07-31 18:03,KRE,KRE260821C00076000,0,0.01,VETO,,vertical,-0.0723
2026-07-31 18:03,DDOG,DDOG260918P00160000,0,0.09,VETO,,vertical,-0.7533
2026-07-31 18:03,KR,KR260904C00060000,0,0.01,VETO,,vertical,-0.2355
2026-07-31 18:03,NVT,NVT260821P00135000,0,0.027,VETO,,vertical,-0.3655
2026-07-31 18:03,BLDR,BLDR260918P00060000,0,0.01,VETO,,vertical,-0.3637
2026-07-31 18:03,CIFR,CIFR260807P00022500,0,0.047,VETO,,vertical,-0.0054
2026-07-31 18:03,BTDR,BTDR260807P00009500,0,0.051,VETO,,vertical,-0.1833
2026-07-31 18:03,NBIS,NBIS270115P00060000,0,0.252,VETO,,vertical,-0.1394
2026-07-31 18:03,SMCI,SMCI261218C00060000,0,0.079,VETO,,vertical,-0.2333
2026-07-31 18:03,HIMS,HIMS260821C00027500,0,0.051,VETO,,vertical,-0.1688
2026-07-31 18:03,FSLR,FSLR260807C00240000,0,0.09,VETO,,down,-0.61
2026-07-31 18:12,AMZN,AMZN260805P00270000,0,0.161,VETO,,vertical,-0.0195
2026-07-31 18:12,AMZN,AMZN260807P00267500,0,0.161,VETO,,vertical,-0.0055
2026-07-31 18:12,NOW,NOW260814C00114000,0,0.115,VETO,,vertical,-0.095
2026-07-31 18:12,LPLA,LPLA260821C00400000,0,0.027,VETO,,down,-1.1722
2026-07-31 18:12,IBIT,IBIT260821P00034500,0,0.01,VETO,,vertical,0.0074
2026-07-31 18:12,AMZN,AMZN260807C00275000,0,0.161,VETO,,vertical,0.0711
2026-07-31 18:12,EIX,EIX270115P00065000,0,0.027,VETO,,vertical,-0.0961
2026-07-31 18:12,AAPL,AAPL260805P00290000,0,0.267,VETO,,down,-0.5489
2026-07-31 18:12,INTC,INTC260812P00080000,0,0.184,VETO,,vertical,-0.1947
2026-07-31 18:12,TLT,TLT260911P00081500,0,0.027,VETO,,vertical,-0.1418
2026-07-31 18:12,BTDR,BTDR260731C00010000,0,0.051,VETO,,vertical,-0.6625
2026-07-31 18:12,RBLX,RBLX261016C00055000,0,0.09,VETO,,vertical,-0.4298
2026-07-31 18:12,TLT,TLT260828C00081500,0,0.027,VETO,,vertical,0.0683
2026-07-31 18:12,TLT,TLT270416C00086000,0,0.027,VETO,,vertical,0.0065
2026-07-31 18:12,CMG,CMG260918C00042500,0,0.01,VETO,,vertical,-0.2041
2026-07-31 18:12,KRE,KRE260821P00076000,0,0.01,VETO,,vertical,-0.1656
2026-07-31 18:12,PLAY,PLAY260821P00010000,0,0.0,VETO,,vertical,-0.34
2026-07-31 18:24,RDDT,RDDT260807C00150000,0,0.267,VETO,,vertical,-0.3258
2026-07-31 18:24,MARA,MARA260918C00013000,0,0.079,VETO,,vertical,-0.1638
2026-07-31 18:24,ACAD,ACAD261016C00027000,0,0.027,VETO,,vertical,0.0194
2026-07-31 18:24,SPY,SPY260806P00744000,0,0.252,VETO,,vertical,-0.147
2026-07-31 18:24,CSGP,CSGP270115C00035000,0,0.01,VETO,,vertical,-0.2298
2026-07-31 18:24,AAPL,AAPL260807P00297500,0,0.267,VETO,,vertical,-0.5864
2026-07-31 18:24,KRE,KRE260918C00075000,0,0.01,VETO,,vertical,-0.0537
2026-07-31 18:24,CRWV,CRWV260807P00069000,0,0.161,VETO,,vertical,-0.1117
2026-07-31 18:24,TLT,TLT261120C00081000,0,0.027,VETO,,vertical,0.0417
2026-07-31 18:24,CRWV,CRWV260814C00085000,0,0.161,VETO,,vertical,-0.0926
2026-07-31 18:24,SAP,SAP260821C00200000,0,0.01,VETO,,vertical,-0.1278
2026-07-31 18:24,GLD,GLD260731C00371000,0,0.09,VETO,,vertical,-0.5759
2026-07-31 18:24,SOFI,SOFI261016C00020000,0,0.047,VETO,,vertical,-0.0446
2026-07-31 18:24,UMAC,UMAC260918C00025000,0,0.01,VETO,,vertical,-0.1466
2026-07-31 18:24,MAGS,MAGS260918C00065000,0,0.01,VETO,,vertical,0.0607
2026-07-31 18:24,SKM,SKM260918P00030000,0,0.01,VETO,,vertical,-0.1
2026-07-31 18:24,WULF,WULF260807C00019000,0,0.027,VETO,,vertical,-0.3242
2026-07-31 18:34,ORCL,ORCL260904C00150000,0,0.252,VETO,,vertical,-0.0583
2026-07-31 18:34,SPY,SPY260806C00749000,0,0.252,VETO,,vertical,0.0141
2026-07-31 18:34,BOIL,BOIL260918P00022000,0,0.01,VETO,,vertical,-0.1855
2026-07-31 18:34,BMY,BMY261016C00070000,0,0.047,VETO,,vertical,-0.2036
2026-07-31 18:34,BAH,BAH261120C00085000,0,0.01,VETO,,vertical,-0.2256
2026-07-31 18:34,RDDT,RDDT260731C00140000,0,0.267,VETO,,up,0.475
2026-07-31 18:34,OKLO,OKLO260814C00041000,0,0.01,VETO,,vertical,-0.2368
2026-07-31 18:34,MRNA,MRNA260821P00049000,0,0.027,VETO,,vertical,-0.1647
2026-07-31 18:34,KGS,KGS260918C00060000,0,0.01,VETO,,vertical,-0.2077
2026-07-31 18:34,TLT,TLT260807P00082500,0,0.027,VETO,,vertical,-0.217
2026-07-31 18:34,GLXY,GLXY260814P00016500,0,0.01,VETO,,vertical,-0.5
2026-07-31 18:34,LULU,LULU260918C00160000,0,0.027,VETO,,vertical,-0.464
2026-07-31 18:34,SLV,SLV260918C00065000,0,0.027,VETO,,vertical,-0.0702
2026-07-31 18:34,SANM,SANM260821P00155000,0,0.01,VETO,,vertical,-0.5807
2026-07-31 18:42,SPY,SPY260807C00750000,0,0.252,VETO,,vertical,0.0364
2026-07-31 18:42,INTC,INTC260904C00110000,0,0.184,VETO,,vertical,-0.2588
2026-07-31 18:42,MSTR,MSTR260807P00090000,0,0.161,VETO,,vertical,-0.1
2026-07-31 18:42,IWM,IWM260821C00300000,0,0.09,VETO,,vertical,-0.1637
2026-07-31 18:42,LOW,LOW260918C00230000,0,0.051,VETO,,vertical,-0.1595
2026-07-31 18:42,AMZN,AMZN260821P00260000,0,0.161,VETO,,vertical,-0.1325
2026-07-31 18:42,C,C260918P00125000,0,0.027,VETO,,vertical,-0.0338
2026-07-31 18:42,RBLX,RBLX261016C00040000,0,0.09,VETO,,vertical,0.187
2026-07-31 18:42,QCOM,QCOM260821C00167500,0,0.161,VETO,,vertical,-0.1376
2026-07-31 18:42,MSTR,MSTR260731C00091000,0,0.161,VETO,,up,0.5044
2026-07-31 18:42,KWEB,KWEB260918C00029000,0,0.051,VETO,,vertical,-0.0381
2026-07-31 18:42,COIN,COIN260807P00137000,0,0.09,VETO,,vertical,0.2057
2026-07-31 18:42,SNXX,SNXX260807C00010500,0,0.051,VETO,,vertical,-0.3971
2026-07-31 18:42,VST,VST260918P00140000,0,0.051,VETO,,vertical,-0.0487
2026-07-31 18:54,SPY,SPY260930P00670000,0,0.252,VETO,,vertical,-0.0414
2026-07-31 18:54,RKLB,RKLB260821C00074000,0,0.09,VETO,,vertical,-0.1197
2026-07-31 18:54,MDT,MDT261016C00090000,0,0.01,VETO,,vertical,-0.1097
2026-07-31 18:54,MARA,MARA260918C00012000,0,0.079,VETO,,vertical,-0.134
2026-07-31 18:54,SPY,SPY260804P00746000,0,0.252,VETO,,vertical,-0.0833
2026-07-31 18:54,BE,BE260821P00135000,0,0.161,VETO,,vertical,-0.2293
2026-07-31 18:54,SNOW,SNOW260821P00250000,0,0.184,VETO,,vertical,-0.1597
2026-07-31 18:54,NVDA,NVDA260828P00160000,0,0.345,VETO,,vertical,-0.2772
2026-07-31 18:54,TLT,TLT261016C00084000,0,0.027,VETO,,vertical,0.0659
2026-07-31 18:54,CHTR,CHTR261016C00190000,0,0.01,VETO,,vertical,-0.7108
2026-07-31 18:54,MSTR,MSTR260807C00098500,0,0.161,VETO,,vertical,-0.2704
2026-07-31 18:54,GLXY,GLXY260918C00022500,0,0.01,VETO,,vertical,-0.1722
2026-07-31 18:54,RDDT,RDDT260731P00142000,0,0.267,VETO,,up,1.2419
2026-07-31 18:54,XLE,XLE260821C00060000,0,0.051,VETO,,vertical,0.0975
2026-07-31 18:54,IREN,IREN260731P00038000,0,0.079,VETO,,vertical,0.3816
2026-07-31 18:54,RKLB,RKLB260821C00100000,0,0.09,VETO,,vertical,-0.1327
2026-07-31 18:54,ONDS,ONDS260918C00011000,0,0.027,VETO,,vertical,0.0143
2026-07-31 18:54,AUR,AUR270115C00007000,0,0.01,VETO,,vertical,-0.225
2026-07-31 18:54,UBER,UBER270917C00090000,0,0.047,VETO,,vertical,-0.0472
2026-07-31 18:59,TSLA,TSLA260803C00312500,0,0.161,VETO,,vertical,-0.1185
2026-07-31 18:59,SOFI,SOFI270319C00020000,0,0.047,VETO,,vertical,-0.0869
2026-07-31 18:59,HYG,HYG260814C00076000,0,0.01,VETO,,vertical,-0.1113
2026-07-31 18:59,IWM,IWM260821P00280000,0,0.09,VETO,,vertical,-0.0801
2026-07-31 18:59,IWM,IWM260821P00277000,0,0.09,VETO,,vertical,-0.0944
2026-07-31 18:59,AMKR,AMKR260821P00045000,0,0.01,VETO,,vertical,0.0545
2026-07-31 18:59,AAPL,AAPL270319C00440000,0,0.267,VETO,,vertical,0.0273
2026-07-31 18:59,HYG,HYG260821C00076000,0,0.01,VETO,,vertical,-0.0915
2026-07-31 18:59,HYG,HYG260807C00079000,0,0.01,VETO,,vertical,-0.1064
2026-07-31 18:59,BAH,BAH260821P00070000,0,0.01,VETO,,vertical,-0.1424
2026-07-31 18:59,W,W260731P00089000,0,0.027,VETO,,vertical,-0.3149
2026-07-31 18:59,RDDT,RDDT260807P00135000,0,0.267,VETO,,vertical,-0.0412
2026-07-31 18:59,WOLF,WOLF260918C00035000,0,0.01,VETO,,vertical,-0.2914
2026-07-31 18:59,WDAY,WDAY260814C00182500,0,0.051,VETO,,vertical,-0.5237
2026-07-31 18:59,ALMU,ALMU260918C00022500,0,0.01,VETO,,vertical,-0.4548
2026-07-31 18:59,JBL,JBL260807C00340000,0,0.01,VETO,,vertical,-0.5471
2026-07-31 19:04,MSFT,MSFT260731C00457500,0,0.343,VETO,,vertical,0.4625
2026-07-31 19:04,ORCL,ORCL260807C00132000,0,0.252,VETO,,vertical,0.0072
2026-07-31 19:04,IGV,IGV260814C00097000,0,0.051,VETO,,vertical,-0.2034
2026-07-31 19:04,ORCL,ORCL260807C00137000,0,0.252,VETO,,vertical,-0.1701
2026-07-31 19:04,INTC,INTC260803P00090000,0,0.184,VETO,,vertical,0.6458
2026-07-31 19:04,CDE,CDE260911C00016500,0,0.01,VETO,,vertical,-0.2579
2026-07-31 19:04,CVX,CVX260821P00190000,0,0.09,VETO,,vertical,-0.1044
2026-07-31 19:04,SPY,SPY260806C00748000,0,0.252,VETO,,vertical,0.0395
2026-07-31 19:04,SPY,SPY260803P00746000,0,0.252,VETO,,vertical,-0.1356
2026-07-31 19:04,CBRS,CBRS260807C00325000,0,0.047,VETO,,vertical,-0.3733
2026-07-31 19:04,AXTI,AXTI260731C00057000,0,0.09,VETO,,vertical,-0.2579
2026-07-31 19:04,DELL,DELL260731P00405000,0,0.09,VETO,,down,-0.5741
2026-07-31 19:04,WULF,WULF260918C00020000,0,0.027,VETO,,vertical,-0.1456
2026-07-31 19:04,BABA,BABA260821C00130000,0,0.173,VETO,,vertical,-0.0846
2026-07-31 19:04,FIG,FIG260731C00023000,0,0.01,VETO,,vertical,-0.3804
2026-07-31 19:04,FXI,FXI270319P00033000,0,0.09,VETO,,vertical,-1.1067
2026-07-31 19:04,SLV,SLV260805P00052500,0,0.027,VETO,,vertical,-0.1632
2026-07-31 19:13,ORCL,ORCL260807P00126000,0,0.252,VETO,,vertical,-0.1902
2026-07-31 19:13,MARA,MARA260918P00011000,0,0.079,VETO,,vertical,-0.0321
2026-07-31 19:13,XLI,XLI261120C00195000,0,0.01,VETO,,vertical,0.0029
2026-07-31 19:13,TSCO,TSCO260918C00030000,0,0.01,VETO,,vertical,-0.0951
2026-07-31 19:13,REPL,REPL260821P00006000,0,0.051,VETO,,vertical,-0.2412
2026-07-31 19:13,SGI,SGI260918C00075000,0,0.01,VETO,,vertical,-0.2881
2026-07-31 19:13,RDDT,RDDT260731P00144000,0,0.267,VETO,,vertical,-0.25
2026-07-31 19:13,COMP,COMP270115P00010000,0,0.01,VETO,,vertical,-0.1367
2026-07-31 19:13,GIS,GIS261016P00035000,0,0.01,VETO,,vertical,-0.0872
2026-07-31 19:13,TSCO,TSCO260918C00035000,0,0.01,VETO,,vertical,-0.1375
2026-07-31 19:13,PTEN,PTEN270115C00009000,0,0.01,VETO,,vertical,-0.0348
2026-07-31 19:13,TLT,TLT270115C00085000,0,0.027,VETO,,vertical,0.0114
2026-07-31 19:23,SGI,SGI260821P00065000,0,0.01,VETO,,vertical,-0.1973
2026-07-31 19:23,AAL,AAL260828C00015500,0,0.027,VETO,,vertical,-0.2244
2026-07-31 19:23,ZETA,ZETA260807C00022000,0,0.01,VETO,,vertical,-0.1757
2026-07-31 19:23,QQQ,QQQ260807P00674000,0,0.267,VETO,,vertical,0.0923
2026-07-31 19:23,EEM,EEM261016P00061000,0,0.027,VETO,,vertical,-0.2469
2026-07-31 19:23,BNO,BNO261016C00060000,0,0.027,VETO,,vertical,-0.1078
2026-07-31 19:23,EFA,EFA260731C00102000,0,0.051,VETO,,vertical,-0.1782
2026-07-31 19:23,TOST,TOST261016C00045000,0,0.01,VETO,,vertical,-0.1053
2026-07-31 19:23,UAL,UAL260828P00105000,0,0.01,VETO,,vertical,-0.6063
2026-07-31 19:23,CHTR,CHTR260821C00160000,0,0.01,VETO,,vertical,-0.3618
2026-07-31 19:23,ETHA,ETHA260904P00014000,0,0.01,VETO,,vertical,-0.0556
2026-07-31 19:33,IBIT,IBIT260828P00034000,1,0.079,VETO,,vertical,-0.0419
2026-07-31 19:33,SPCX,SPCX260807C00152500,0,0.184,VETO,,vertical,-0.004
2026-07-31 19:33,SAP,SAP260807C00190000,0,0.01,VETO,,vertical,-0.3417
2026-07-31 19:33,GOOGL,GOOGL260918C00400000,0,0.408,VETO,,vertical,-0.0363
2026-07-31 19:33,SPY,SPY260731P00747000,0,0.252,VETO,,down,-0.76
2026-07-31 19:33,SMH,SMH260803P00517500,0,0.161,VETO,,vertical,-0.2311
2026-07-31 19:33,IBIT,IBIT260821P00034000,0,0.01,VETO,,vertical,-0.0614
2026-07-31 19:33,XLE,XLE260821C00062000,0,0.051,VETO,,vertical,-0.1186
2026-07-31 19:33,CLSK,CLSK260731C00013000,0,0.01,VETO,,vertical,-0.3542
2026-07-31 19:33,CLSK,CLSK260828C00018000,0,0.01,VETO,,vertical,-0.6373
2026-07-31 19:33,BABA,BABA260731C00120000,0,0.173,VETO,,vertical,0.1469
2026-07-31 19:33,IGV,IGV260814C00094500,0,0.051,VETO,,vertical,-0.2393
2026-07-31 19:33,KR,KR261016P00057500,0,0.01,VETO,,vertical,-0.0576
2026-07-31 19:42,SPCX,SPCX260807P00080000,0,0.184,VETO,,vertical,-0.2
2026-07-31 19:42,NVO,NVO270115C00055000,0,0.027,VETO,,vertical,0.0102
2026-07-31 19:42,DIA,DIA260807P00520000,0,0.09,VETO,,vertical,0.0031
2026-07-31 19:42,DOCU,DOCU260918C00062500,0,0.01,VETO,,vertical,-0.0662
2026-07-31 19:42,IBB,IBB260918P00180000,0,0.027,VETO,,vertical,-0.5514
2026-07-31 19:42,PAA,PAA261120C00023000,0,0.01,VETO,,vertical,-0.0372
2026-07-31 19:42,CORZ,CORZ260814P00019000,0,0.047,VETO,,vertical,-0.2697
2026-07-31 19:42,EEM,EEM260807P00063000,0,0.027,VETO,,vertical,-0.4267
2026-07-31 19:52,AMZN,AMZN260807C00277500,0,0.161,VETO,,vertical,-0.0048
2026-07-31 19:52,SPCX,SPCX260807C00155000,0,0.184,VETO,,vertical,-0.1929
2026-07-31 19:52,LTH,LTH261016P00045000,0,0.01,VETO,,vertical,-0.11
2026-07-31 19:52,INTC,INTC260807C00096000,0,0.184,VETO,,vertical,-0.2388
2026-07-31 19:52,DIS,DIS260731P00097000,0,0.01,VETO,,vertical,-0.7901
2026-07-31 19:52,TQQQ,TQQQ260807P00065000,0,0.09,VETO,,vertical,0.0797
2026-07-31 19:52,PATH,PATH270115C00012000,0,0.051,VETO,,vertical,-0.0951
2026-07-31 19:52,TSLL,TSLL260814C00007500,0,0.027,VETO,,vertical,-0.2083
2026-07-31 19:52,LZM,LZM270219C00005000,0,0.0,VETO,,vertical,-0.2167
